pair_id,pair_type,treated_index,control_index,treated_outcome,control_outcome,treated_pscore,control_pscore,abs_pscore_diff
1,ATT,2,3583,1,0,0.7201017134214514,0.71978487368385,0.00031683973760132655
2,ATT,3,2894,1,1,0.6854624253344558,0.6852070622553381,0.0002553630791176653
3,ATT,5,1920,0,0,0.7940929072118197,0.7940306345924816,6.227261933811068e-05
4,ATT,6,3978,0,1,0.5333829421195123,0.5333465844438453,3.6357675667009204e-05
5,ATT,8,3898,1,1,0.6292343793211883,0.6289029121671099,0.0003314671540783909
6,ATT,9,1347,0,1,0.779348213789567,0.7794708143019976,0.0001226005124306262
7,ATT,10,683,1,0,0.49798250807909333,0.4981516629593375,0.00016915488024416003
8,ATT,11,3543,0,0,0.6020600683812275,0.6021056789769424,4.5610595714951074e-05
9,ATT,12,22,0,0,0.6960401700896497,0.6959832142193004,5.6955870349262305e-05
10,ATT,13,1612,1,0,0.6322962299620941,0.632522400087621,0.00022617012552683669
11,ATT,14,133,0,0,0.645372799256124,0.6454857311502429,0.00011293189411887283
12,ATT,18,1847,0,0,0.7136806068658865,0.7136835248992939,2.918033407350862e-06
13,ATT,19,2778,0,1,0.7331445974979428,0.7330684061572742,7.619134066860767e-05
14,ATT,23,3197,0,0,0.5772593700405784,0.5772637268434664,4.356802888016986e-06
15,ATT,25,2636,0,1,0.5783812000753674,0.578702581376227,0.00032138130085956895
16,ATT,26,225,0,1,0.48335235535976606,0.4832932127414324,5.914261833367407e-05
17,ATT,28,3093,0,0,0.5583154190405184,0.5584108982529528,9.547921243435731e-05
18,ATT,29,3433,1,0,0.9091300635106607,0.886948305995866,0.022181757514794676
19,ATT,30,3986,1,0,0.6303489428608823,0.6302975536809254,5.138917995684e-05
20,ATT,31,1424,0,0,0.7922969789818864,0.7916006086468019,0.0006963703350845174
21,ATT,32,2546,1,0,0.4446614910006737,0.44463041888705207,3.107211362163298e-05
22,ATT,33,1969,0,0,0.418700713758038,0.41852673625690695,0.0001739775011310729
23,ATT,35,658,0,0,0.5597474637039886,0.5597312579172243,1.6205786764311725e-05
24,ATT,38,1327,0,0,0.7226639505870283,0.7224898557041272,0.0001740948829010991
25,ATT,39,968,1,0,0.8137610645240567,0.8122418538780899,0.0015192106459668286
26,ATT,40,506,1,1,0.7563530073438367,0.7567350984197195,0.00038209107588282887
27,ATT,43,1700,0,0,0.43171708972129763,0.4317579690286522,4.08793073545799e-05
28,ATT,46,3510,1,1,0.8360281398026777,0.8368129100084019,0.0007847702057242056
29,ATT,47,2250,1,1,0.7359666729695437,0.7359028482040275,6.382476551614058e-05
30,ATT,48,557,0,0,0.49589285756019924,0.49583368179508946,5.9175765109775735e-05
31,ATT,52,2389,1,0,0.6658529630663581,0.6655853745383035,0.00026758852805464084
32,ATT,54,2474,1,1,0.6997809138767592,0.6994662460639606,0.0003146678127986524
33,ATT,55,2495,0,0,0.48005315594688425,0.48034924242309285,0.0002960864762086013
34,ATT,56,500,0,1,0.4189835493783939,0.41932825728026757,0.0003447079018736865
35,ATT,58,2077,0,1,0.6820313929941254,0.681788762748891,0.0002426302452344098
36,ATT,60,3799,1,1,0.8432663468706662,0.8381627429009066,0.005103603969759507
37,ATT,61,750,0,0,0.3532460718688977,0.35329860421230164,5.253234340391044e-05
38,ATT,62,333,0,0,0.4736380011520878,0.4737570304429435,0.0001190292908556656
39,ATT,63,2636,0,1,0.5787211270251273,0.578702581376227,1.8545648900358813e-05
40,ATT,64,640,0,0,0.5040386338721217,0.504181258260795,0.00014262438867329585
41,ATT,65,3433,0,0,0.9456368467003398,0.886948305995866,0.05868854070447371
42,ATT,66,3592,0,0,0.5892529253663098,0.5890718914766289,0.00018103388968093714
43,ATT,67,1313,0,1,0.7149598081181343,0.7149880284424901,2.8220324355787696e-05
44,ATT,69,2783,1,0,0.7853569480755423,0.7850358000304986,0.00032114804504379535
45,ATT,70,396,0,0,0.607153692088564,0.6072061241755732,5.2432087009224304e-05
46,ATT,73,2804,0,0,0.5881166791686863,0.5883662025992529,0.00024952343056661164
47,ATT,74,1599,0,1,0.7546575806455874,0.7545973154924636,6.026515312385072e-05
48,ATT,75,1617,0,0,0.8496499200852825,0.8505293203135869,0.00087940022830435
49,ATT,79,83,0,0,0.6175920139071799,0.6176190838638445,2.706995666457157e-05
50,ATT,82,2190,1,0,0.6812473869470688,0.6812976875046396,5.0300557570825966e-05
51,ATT,84,1617,0,0,0.845408820983941,0.8505293203135869,0.005120499329645867
52,ATT,86,2840,0,0,0.7235737963887651,0.7235668457995388,6.950589226284443e-06
53,ATT,87,3865,0,0,0.5605651906231833,0.5606338410939006,6.865047071724639e-05
54,ATT,88,1562,1,0,0.620841080221874,0.6206165325810217,0.00022454764085233503
55,ATT,89,2863,0,0,0.625746535543606,0.6256730970798345,7.343846377150243e-05
56,ATT,90,2106,0,0,0.6201265232489861,0.6201189666838127,7.5565651733722206e-06
57,ATT,91,354,0,0,0.654990657429074,0.6548657823588035,0.0001248750702704804
58,ATT,92,3489,0,0,0.746682971814391,0.7466567188671939,2.6252947197158427e-05
59,ATT,93,3001,1,0,0.6367477183793748,0.6368747873518519,0.0001270689724770513
60,ATT,94,3650,0,0,0.43576729686187465,0.4357452525354109,2.204432646374377e-05
61,ATT,96,2250,0,1,0.7361415475126142,0.7359028482040275,0.0002386993085866651
62,ATT,97,1417,0,0,0.43635469812260963,0.4360815696407676,0.0002731284818420221
63,ATT,98,638,0,0,0.49008391714929755,0.49010979008244393,2.5872933146375843e-05
64,ATT,101,1395,0,0,0.608932306840915,0.6089347877157542,2.4808748391169644e-06
65,ATT,104,2628,0,0,0.47906916748626827,0.4792257792773501,0.00015661179108183987
66,ATT,106,146,1,0,0.711513497760115,0.7114040067768477,0.00010949098326729079
67,ATT,109,2183,0,1,0.61881726999361,0.6191158811420308,0.00029861114842077985
68,ATT,110,914,0,0,0.7110167919641059,0.7109754992023584,4.129276174758001e-05
69,ATT,112,3371,0,0,0.4468459855602327,0.44709421663144466,0.0002482310712119684
70,ATT,113,1172,0,1,0.809752153547412,0.8091495462583923,0.0006026072890197298
71,ATT,115,948,0,0,0.7067235804660784,0.7066033604872,0.00012021997887845526
72,ATT,116,2387,1,0,0.7881603100584551,0.7878790705393611,0.0002812395190939787
73,ATT,117,992,0,1,0.6363262149056743,0.6363485991958721,2.238429019774113e-05
74,ATT,118,815,0,0,0.5817328064990372,0.5816407402610289,9.206623800839253e-05
75,ATT,120,24,0,0,0.5992438991968917,0.5993001395621108,5.6240365219117905e-05
76,ATT,123,2485,0,0,0.5660287270643898,0.5660364887003054,7.76163591564849e-06
77,ATT,124,3278,0,0,0.7281346169887931,0.7281353254927105,7.085039174237195e-07
78,ATT,125,616,0,0,0.8024776490463774,0.8027675713667181,0.0002899223203406409
79,ATT,126,2976,0,0,0.40601678386929074,0.40607715612881207,6.037225952132408e-05
80,ATT,128,968,0,0,0.8136301648686188,0.8122418538780899,0.0013883109905289404
81,ATT,130,447,0,0,0.6844566802822312,0.6846904730848359,0.00023379280260471536
82,ATT,131,1875,0,0,0.5106546713808955,0.5105687722206598,8.589916023571398e-05
83,ATT,132,439,0,0,0.48404296036419264,0.4835986666661833,0.00044429369800935703
84,ATT,134,506,0,1,0.756388708831172,0.7567350984197195,0.000346389588547491
85,ATT,138,583,0,0,0.6387351906368978,0.6389869868716078,0.0002517962347100555
86,ATT,139,1405,0,0,0.60687477204232,0.6068516005422391,2.3171500080909624e-05
87,ATT,140,2969,0,0,0.7159747838777429,0.7159036728379411,7.111103980184108e-05
88,ATT,142,27,0,1,0.6597382549907069,0.6597714571008371,3.3202110130137186e-05
89,ATT,143,591,0,0,0.5292187507292709,0.5293572687112156,0.00013851798194464138
90,ATT,147,310,0,0,0.7673090595376744,0.76735762781432,4.856827664567742e-05
91,ATT,148,2118,1,1,0.7985507782835136,0.7984753863268438,7.539195666983467e-05
92,ATT,149,1503,0,0,0.7326079710088103,0.7328239175612142,0.0002159465524039783
93,ATT,151,2048,0,0,0.6047266002276144,0.6048278543475922,0.00010125411997785605
94,ATT,152,808,1,1,0.7003117750118739,0.7003138538099334,2.078798059468312e-06
95,ATT,153,1813,0,0,0.702833390685056,0.7026796643401482,0.0001537263449078452
96,ATT,154,237,1,1,0.7599379676226975,0.7599324554441153,5.512178582245397e-06
97,ATT,155,1911,0,0,0.45311889686561146,0.4529371115579312,0.00018178530768026002
98,ATT,157,1256,0,1,0.679723914158165,0.6797701240110665,4.620985290149093e-05
99,ATT,158,1266,0,0,0.7276867560536674,0.7276219508638215,6.480518984586237e-05
100,ATT,160,3265,0,1,0.6233644266615203,0.6233726528472427,8.226185722493007e-06
101,ATT,162,1390,0,0,0.7560742025294778,0.7559281519694583,0.0001460505600194839
102,ATT,165,2439,0,0,0.7238439047837012,0.7238431468105692,7.579731320372929e-07
103,ATT,168,3266,0,0,0.7295685496678503,0.729613360363836,4.481069598560872e-05
104,ATT,169,2662,0,0,0.5118533582278041,0.5120556238971555,0.0002022656693514424
105,ATT,172,1808,0,0,0.5698301868772159,0.5700439041287938,0.00021371725157792731
106,ATT,174,3263,0,1,0.7250646980667046,0.7250950751751457,3.0377108441115297e-05
107,ATT,175,361,1,0,0.7314051553793858,0.7314106755649159,5.520185530127897e-06
108,ATT,177,2018,0,0,0.7693032558769807,0.7694104546865869,0.00010719880960619044
109,ATT,178,1242,0,0,0.7624637762148148,0.762384624958875,7.91512559397134e-05
110,ATT,179,2422,0,0,0.6380067962147876,0.6381234702094286,0.00011667399464099226
111,ATT,181,575,0,0,0.3360358041877316,0.3355592083423609,0.00047659584537068644
112,ATT,182,3449,0,0,0.6912027425765207,0.6908370889488189,0.00036565362770180077
113,ATT,183,3212,0,0,0.40415517095395276,0.4047315999494017,0.0005764289954489632
114,ATT,185,3593,0,0,0.5976937589809547,0.5975647705485001,0.0001289884324545687
115,ATT,186,3720,0,1,0.7590280860410743,0.7590376812943174,9.595253243066537e-06
116,ATT,187,1493,0,0,0.7956520107616106,0.7955429739420682,0.00010903681954244071
117,ATT,189,2994,0,0,0.5287100218321739,0.5284748749324036,0.00023514689977022218
118,ATT,193,1562,0,0,0.6208719084692662,0.6206165325810217,0.0002553758882445356
119,ATT,195,440,0,1,0.7762710228135489,0.776353236473818,8.221366026917032e-05
120,ATT,196,3448,0,1,0.38437054679289306,0.3843317420481959,3.880474469714068e-05
121,ATT,197,567,0,0,0.6384854210011921,0.638354155112642,0.00013126588855005838
122,ATT,200,3062,0,1,0.7786407957473326,0.7781281296824616,0.0005126660648709924
123,ATT,201,2030,0,0,0.6488272613702086,0.648839922860859,1.2661490650378582e-05
124,ATT,202,1330,1,1,0.5599776709136816,0.559984669942707,6.999029025456238e-06
125,ATT,203,1250,0,0,0.6590202012420693,0.6590142798813123,5.921360756944161e-06
126,ATT,204,2935,1,0,0.5676131828391944,0.5672612546612841,0.00035192817791029896
127,ATT,208,2175,1,0,0.32731321013739983,0.3274728238925589,0.0001596137551590493
128,ATT,209,3979,0,1,0.7313725977453798,0.731371309146565,1.2885988147637306e-06
129,ATT,210,3936,0,0,0.4972734329053693,0.49726450330988176,8.929595487539022e-06
130,ATT,213,1448,1,0,0.3808263715774863,0.38059594156550136,0.00023043001198491675
131,ATT,214,2847,1,0,0.5923496184766822,0.5924412283676123,9.160989093004446e-05
132,ATT,215,2517,0,0,0.7185955920856046,0.718605948490008,1.0356404403388808e-05
133,ATT,216,857,0,1,0.7007067494596529,0.7006482709106059,5.8478549047058515e-05
134,ATT,218,311,0,0,0.5951627185236962,0.5953777124335933,0.00021499390989709877
135,ATT,219,1612,0,0,0.6324301245004544,0.632522400087621,9.227558716651263e-05
136,ATT,220,3808,0,1,0.4996613291892159,0.49987236158089704,0.00021103239168113186
137,ATT,222,1779,0,0,0.6894303856853204,0.6898123043745255,0.0003819186892050075
138,ATT,226,3854,0,0,0.7012749550083717,0.7011731432455145,0.00010181176285717353
139,ATT,227,2909,0,0,0.6090324809697035,0.6089466980150753,8.578295462824403e-05
140,ATT,228,2611,0,1,0.6964639786147911,0.6965092999874997,4.532137270851777e-05
141,ATT,229,2042,0,0,0.6023142590202056,0.6023622900940111,4.8031073805465674e-05
142,ATT,230,794,0,0,0.6355706890849343,0.6356409211003516,7.023201541733748e-05
143,ATT,232,1070,0,1,0.6851412260897903,0.685134651227905,6.574861885377814e-06
144,ATT,234,163,0,0,0.7377531488150423,0.7379116446869645,0.00015849587192218184
145,ATT,235,3614,0,0,0.4975141119635636,0.4975174955144889,3.3835509253288265e-06
146,ATT,238,2783,0,0,0.7849607527058968,0.7850358000304986,7.504732460172914e-05
147,ATT,239,2611,0,1,0.6965361304068591,0.6965092999874997,2.6830419359469282e-05
148,ATT,240,2358,0,0,0.5369298402754819,0.5368330976938531,9.674258162872817e-05
149,ATT,241,3433,0,0,0.8920803780548231,0.886948305995866,0.005132072058957049
150,ATT,242,266,0,0,0.6732660032425118,0.6733054141477456,3.94109052337388e-05
151,ATT,243,3943,0,1,0.7528875890353702,0.7528465449228197,4.1044112550570055e-05
152,ATT,244,1081,0,1,0.7211286595360514,0.7211705783588126,4.191882276116665e-05
153,ATT,246,2604,1,1,0.7651666258027848,0.765312190719454,0.00014556491666917193
154,ATT,247,862,0,1,0.8248371636844241,0.8252861316753654,0.0004489679909412958
155,ATT,248,1134,0,1,0.6497700747845924,0.6496378337486503,0.00013224103594211556
156,ATT,250,1280,0,1,0.6888220766796523,0.6886890714521614,0.00013300522749093435
157,ATT,251,2697,0,0,0.6312815044757977,0.6312251966400019,5.630783579579912e-05
158,ATT,252,865,0,0,0.6398533950589126,0.6399032884658391,4.989340692651556e-05
159,ATT,253,1617,0,0,0.848787801730668,0.8505293203135869,0.0017415185829188218
160,ATT,255,42,0,1,0.6591662746982158,0.6591565135576708,9.761140544961577e-06
161,ATT,257,847,0,0,0.3943490059653298,0.3948015568546938,0.0004525508893640229
162,ATT,258,3062,0,1,0.7777622456991884,0.7781281296824616,0.0003658839832731964
163,ATT,259,1942,0,0,0.4218679912759127,0.4213931663435401,0.00047482493237255285
164,ATT,260,2896,0,0,0.772170317235905,0.7719144115514444,0.00025590568446065554
165,ATT,261,1516,0,1,0.8178059256545516,0.817078516430118,0.000727409224433595
166,ATT,264,2236,0,0,0.4938050229736228,0.49387244805425035,6.742508062757002e-05
167,ATT,270,2994,0,0,0.528319925054198,0.5284748749324036,0.00015494987820563466
168,ATT,271,2928,0,1,0.7396416578366657,0.7397333872074916,9.172937082591037e-05
169,ATT,274,2225,0,0,0.5158976913377528,0.5158081791497654,8.951218798736171e-05
170,ATT,275,321,0,0,0.751377632899361,0.7512907893221595,8.684357720145641e-05
171,ATT,276,367,0,0,0.6912396486838688,0.6916037053768397,0.00036405669297090437
172,ATT,277,1415,0,0,0.4271095355110174,0.42708761305397736,2.192245704002449e-05
173,ATT,282,2032,1,1,0.8009941144492021,0.8010504191287919,5.630467958983587e-05
174,ATT,284,262,0,0,0.7373627356547384,0.7375170128484465,0.00015427719370808557
175,ATT,285,3333,0,1,0.7734264410810027,0.7734454543394218,1.9013258419131596e-05
176,ATT,287,3587,0,0,0.4016041141990912,0.4016070890492299,2.974850138726115e-06
177,ATT,288,3827,0,0,0.6160825841356312,0.6160529901633396,2.959397229163052e-05
178,ATT,290,1613,0,0,0.44754090183371564,0.4476245144357317,8.36126020160588e-05
179,ATT,291,1931,0,0,0.4582355849639089,0.45833953221702134,0.00010394725311241304
180,ATT,294,3561,0,0,0.5114922527094544,0.5113257518799819,0.00016650082947256006
181,ATT,295,205,0,1,0.6723271706802404,0.6722561326368518,7.103804338859376e-05
182,ATT,296,50,0,1,0.805037296842449,0.8044188650137186,0.000618431828730337
183,ATT,298,2390,0,1,0.6334425244519054,0.6335398697106229,9.734525871751831e-05
184,ATT,299,1493,0,0,0.7954750213519082,0.7955429739420682,6.79525901600142e-05
185,ATT,302,868,1,0,0.5317648939034,0.531628284711771,0.0001366091916289447
186,ATT,303,1032,1,1,0.8602127037022944,0.8597704095903379,0.00044229411195650936
187,ATT,304,3912,0,0,0.7230954830588002,0.7231038220654499,8.33900664964915e-06
188,ATT,305,1180,0,0,0.676212606205666,0.6762396465154243,2.704030975830829e-05
189,ATT,307,1526,0,0,0.6395049784694855,0.6397124216011432,0.0002074431316576586
190,ATT,313,354,0,0,0.6547647564209514,0.6548657823588035,0.00010102593785210612
191,ATT,315,2482,0,0,0.532553451129036,0.5323810464472271,0.000172404681808902
192,ATT,316,2005,0,0,0.5215762375781768,0.5214803274951042,9.591008307263671e-05
193,ATT,318,506,1,1,0.7566971006842476,0.7567350984197195,3.799773547197294e-05
194,ATT,320,2783,1,0,0.7850228725750665,0.7850358000304986,1.292745543202134e-05
195,ATT,322,1131,0,0,0.5404964337576847,0.5406392277012453,0.00014279394356053743
196,ATT,323,2018,1,0,0.7692763072075337,0.7694104546865869,0.00013414747905315938
197,ATT,324,1632,0,1,0.6955322412264282,0.6953543425631395,0.0001778986632886559
198,ATT,325,3799,0,1,0.8394949069973355,0.8381627429009066,0.0013321640964288894
199,ATT,326,3433,0,0,0.9179837609547354,0.886948305995866,0.03103545495886939
200,ATT,327,3553,0,0,0.6981221026876595,0.6980228818708544,9.92208168051345e-05
201,ATT,328,314,0,1,0.6449065847727926,0.6448953957012928,1.1189071499773107e-05
202,ATT,330,807,1,1,0.7404087572518602,0.7398495391213096,0.0005592181305505983
203,ATT,334,603,0,1,0.7034875718174102,0.7030595352737871,0.0004280365436231115
204,ATT,335,3832,0,0,0.6203515716953809,0.6202229103585892,0.00012866133679168001
205,ATT,336,1248,1,0,0.4810107641736277,0.4809541446986986,5.661947492907604e-05
206,ATT,338,992,0,1,0.6365855076242688,0.6363485991958721,0.00023690842839674264
207,ATT,339,723,0,0,0.6873949741870582,0.6872742759706792,0.00012069821637894496
208,ATT,341,1544,0,1,0.6951159345171705,0.6950899684527984,2.5966064372107134e-05
209,ATT,344,2209,0,0,0.7447655217608952,0.744914542365128,0.00014902060423283015
210,ATT,345,1617,0,0,0.8513572884127405,0.8505293203135869,0.000827968099153642
211,ATT,346,1516,0,1,0.816325693677713,0.817078516430118,0.000752822752404958
212,ATT,348,1355,1,1,0.5245167000159326,0.5246409619650343,0.000124261949101645
213,ATT,349,1910,1,0,0.7749400178826011,0.7743624938703456,0.0005775240122555259
214,ATT,350,2626,0,0,0.6979327421491778,0.697928929469549,3.812679628789617e-06
215,ATT,358,1317,0,0,0.4166358237971026,0.4162661390580299,0.0003696847390727287
216,ATT,359,1795,0,1,0.7169322198906991,0.717122390542645,0.0001901706519459312
217,ATT,360,3914,0,0,0.7704306785095418,0.7703095625784141,0.00012111593112773544
218,ATT,362,370,0,0,0.6554901565794509,0.6556043299722476,0.00011417339279673477
219,ATT,366,723,0,0,0.6871662681540184,0.6872742759706792,0.00010800781666087111
220,ATT,368,2497,1,0,0.34834325454298765,0.34854274005024244,0.00019948550725479297
221,ATT,369,3392,0,0,0.6944367458364364,0.6944015054476552,3.524038878122138e-05
222,ATT,371,2705,0,0,0.597736013703761,0.5978308860477426,9.487234398164457e-05
223,ATT,374,2246,0,1,0.5794339554376833,0.5795934259814918,0.00015947054380849313
224,ATT,376,2023,0,0,0.7642953360825804,0.7636557231533242,0.0006396129292561836
225,ATT,378,1278,0,0,0.8221035986882206,0.8212339995483013,0.0008695991399192415
226,ATT,379,2336,1,0,0.6747993880707982,0.674545965940075,0.0002534221307232132
227,ATT,381,1517,0,0,0.6721821466005206,0.6722388542177912,5.670761727061269e-05
228,ATT,382,1362,0,0,0.6329749741901073,0.6326973064961157,0.0002776676939916234
229,ATT,384,1383,0,1,0.5592867759496756,0.5596279664808179,0.00034119053114234354
230,ATT,385,2865,1,0,0.5804204184324376,0.5803284761645117,9.194226792597071e-05
231,ATT,386,974,0,0,0.5100252094691825,0.510008635287393,1.6574181789463793e-05
232,ATT,387,557,1,0,0.495995827640301,0.49583368179508946,0.00016214584521151432
233,ATT,388,447,0,0,0.6844734462836584,0.6846904730848359,0.00021702680117752227
234,ATT,389,1813,0,0,0.7024581805415457,0.7026796643401482,0.00022148379860242873
235,ATT,390,564,0,1,0.5885433367734403,0.5884686685568832,7.466821655710554e-05
236,ATT,392,1278,0,0,0.8216850904033803,0.8212339995483013,0.00045109085507899493
237,ATT,393,3744,1,0,0.73167399267444,0.7317869075125516,0.00011291483811159964
238,ATT,395,3804,0,0,0.5093459598381722,0.5092500455186953,9.591431947686413e-05
239,ATT,400,53,0,0,0.6848832352854965,0.6849204005375072,3.716525201069576e-05
240,ATT,401,2597,0,1,0.8299439716174521,0.8285174808503104,0.0014264907671417415
241,ATT,402,3543,0,0,0.6019973861236347,0.6021056789769424,0.0001082928533077121
242,ATT,404,1012,0,0,0.7263432238082637,0.7260490050928853,0.0002942187153783804
243,ATT,406,3022,0,0,0.6142781019608493,0.6142441333521317,3.396860871762719e-05
244,ATT,407,233,0,0,0.5999746824793438,0.599953666673842,2.101580550184501e-05
245,ATT,411,1108,1,0,0.5432093660075054,0.5433842967691249,0.00017493076161956278
246,ATT,414,206,0,0,0.6399836556980844,0.6399507516519015,3.29040461828356e-05
247,ATT,416,2480,0,0,0.5094202830397119,0.5094445304558504,2.4247416138489797e-05
248,ATT,417,3914,0,0,0.7700361628554347,0.7703095625784141,0.00027339972297935056
249,ATT,419,1220,1,0,0.6777400045994252,0.6778885142211154,0.0001485096216902182
250,ATT,420,1853,0,0,0.6277130602030245,0.627803804584174,9.07443811494213e-05
251,ATT,421,1006,0,0,0.5703456262090835,0.5703158474364939,2.9778772589583724e-05
252,ATT,422,1032,0,1,0.8609951805122456,0.8597704095903379,0.0012247709219076475
253,ATT,423,2597,0,1,0.8300351154964831,0.8285174808503104,0.0015176346461727164
254,ATT,424,1575,1,0,0.6299141893468877,0.6299690853009068,5.48959540190852e-05
255,ATT,425,1768,0,1,0.8103801506476372,0.8109888175802402,0.0006086669326029748
256,ATT,427,2527,0,0,0.7120546437291251,0.7121816672905854,0.00012702356146032656
257,ATT,428,3159,0,0,0.33101020844673706,0.33155482648648793,0.000544618039750866
258,ATT,432,1280,0,1,0.6891074343413565,0.6886890714521614,0.0004183628891950564
259,ATT,433,2974,0,1,0.8017688559969196,0.802115489072161,0.0003466330752414093
260,ATT,434,2071,0,1,0.49619571905823284,0.4961761288579,1.9590200332819663e-05
261,ATT,435,265,0,0,0.7246517682715539,0.724858594236298,0.000206825964744084
262,ATT,436,1161,0,0,0.5430313415183996,0.5430173507225504,1.3990795849183613e-05
263,ATT,437,3062,0,1,0.7786872279940749,0.7781281296824616,0.0005590983116132708
264,ATT,438,895,0,0,0.64406102305,0.6442656253489547,0.0002046022989546925
265,ATT,441,3561,0,0,0.5116411623416511,0.5113257518799819,0.00031541046166927433
266,ATT,442,1971,0,1,0.5779195227490753,0.5779086247651097,1.089798396558539e-05
267,ATT,444,728,0,1,0.4098745893206353,0.4098298252945936,4.476402604169927e-05
268,ATT,446,2034,1,0,0.7102902818009661,0.7100414643691074,0.0002488174318586722
269,ATT,451,2327,0,0,0.6648241904405197,0.6651476579618665,0.0003234675213468208
270,ATT,454,815,0,0,0.5819882592955292,0.5816407402610289,0.00034751903450036536
271,ATT,455,819,0,0,0.6827740846702618,0.6832045788307921,0.00043049416053031475
272,ATT,456,2487,1,0,0.7581570741729056,0.758099371223928,5.770294897755601e-05
273,ATT,457,3968,1,0,0.7824142916683414,0.7822598108551794,0.0001544808131620501
274,ATT,458,3291,0,0,0.4914994569359947,0.4914869679479639,1.2488988030801007e-05
275,ATT,459,3080,0,1,0.716482849603041,0.7164544227330699,2.842686997106547e-05
276,ATT,461,1339,0,0,0.7889658295903832,0.7891663808483871,0.0002005512580038893
277,ATT,464,2055,0,0,0.6213182012880696,0.6213257069959994,7.505707929844618e-06
278,ATT,465,3527,0,0,0.734080536988654,0.7340933768337911,1.2839845137002648e-05
279,ATT,466,2821,0,1,0.7698496202344599,0.7697065308836671,0.00014308935079276885
280,ATT,467,1280,0,1,0.6886455668374705,0.6886890714521614,4.3504614690936805e-05
281,ATT,468,3175,1,1,0.6511980335690446,0.6511019983658715,9.60352031731393e-05
282,ATT,469,836,0,0,0.7607940271656056,0.7614344652338431,0.0006404380682374367
283,ATT,471,1094,1,0,0.7598031281119285,0.7597424243966717,6.070371525679352e-05
284,ATT,472,997,1,1,0.6902830368499531,0.6902387355201093,4.430132984378776e-05
285,ATT,474,3176,0,0,0.6264755024641606,0.626493700406672,1.8197942511344323e-05
286,ATT,475,836,0,0,0.7611747521034403,0.7614344652338431,0.0002597131304027389
287,ATT,476,636,0,0,0.5685450856236132,0.5684930390659082,5.204655770496558e-05
288,ATT,477,3552,1,0,0.6244569169659582,0.6244326445972351,2.4272368723043947e-05
289,ATT,479,2102,0,1,0.5894124149304152,0.589496386146089,8.397121567382815e-05
290,ATT,481,968,1,0,0.8143018005787341,0.8122418538780899,0.002059946700644244
291,ATT,482,3326,1,0,0.4657502745859868,0.46578744565193925,3.717106595246822e-05
292,ATT,483,3461,0,0,0.7809751908372673,0.780983717438078,8.52660081074319e-06
293,ATT,484,1621,0,1,0.6514320815944762,0.651460589234755,2.8507640278840896e-05
294,ATT,485,3830,0,0,0.5748982709815476,0.5749710734095456,7.280242799800885e-05
295,ATT,486,815,0,0,0.5821261360808199,0.5816407402610289,0.00048539581979101243
296,ATT,488,4,0,0,0.7347520372111421,0.7347947761815904,4.273897044826391e-05
297,ATT,489,1841,0,0,0.6376755889937062,0.6378333081801991,0.0001577191864928773
298,ATT,491,3335,0,0,0.6417875338194146,0.6418068785908362,1.9344771421625495e-05
299,ATT,492,3278,0,0,0.7280594779508875,0.7281353254927105,7.584754182299314e-05
300,ATT,493,1380,0,0,0.44912160784294936,0.4490973568565215,2.4250986427831744e-05
301,ATT,494,2728,0,0,0.5763767846565452,0.5763229692986254,5.381535791981751e-05
302,ATT,496,1813,0,0,0.7021817238541471,0.7026796643401482,0.0004979404860010472
303,ATT,498,306,0,0,0.5491364906455437,0.5490844768287308,5.2013816812856994e-05
304,ATT,502,3391,0,0,0.7515805439556663,0.7517411989565608,0.00016065500089446072
305,ATT,503,27,1,1,0.6597406816369419,0.6597714571008371,3.077546389518293e-05
306,ATT,504,813,0,0,0.5507935273106274,0.5508434830643749,4.995575374755479e-05
307,ATT,505,949,0,0,0.6403277260936653,0.6402194161875533,0.00010830990611199187
308,ATT,507,3803,0,0,0.41468069601572916,0.41455243747077464,0.00012825854495451816
309,ATT,508,76,0,0,0.6226430059529751,0.6229926358168479,0.0003496298638728801
310,ATT,509,3912,0,0,0.7228742176262741,0.7231038220654499,0.0002296044391757457
311,ATT,510,3175,1,1,0.6512237055616888,0.6511019983658715,0.00012170719581738876
312,ATT,512,1105,0,0,0.6181965187342157,0.6183649569895507,0.0001684382553350794
313,ATT,514,3153,0,0,0.5247187221388838,0.5247266647571954,7.942618311607141e-06
314,ATT,515,329,1,1,0.8002314546133422,0.7998188912997488,0.0004125633135934059
315,ATT,517,399,0,0,0.6789764391745948,0.679124031927035,0.00014759275244013992
316,ATT,518,3765,0,0,0.5260543236195168,0.5262071272235493,0.00015280360403258086
317,ATT,519,3291,0,0,0.49154883716372727,0.4914869679479639,6.186921576334381e-05
318,ATT,522,3374,1,1,0.7834961528539071,0.7839599156782223,0.0004637628243152614
319,ATT,523,3672,0,0,0.48986229328691056,0.48984021486113893,2.2078425771621113e-05
320,ATT,524,3250,0,0,0.6739096223359253,0.6738832477036505,2.637463227483927e-05
321,ATT,525,2806,0,1,0.5388268357520419,0.5388772861625446,5.0450410502667076e-05
322,ATT,526,410,0,0,0.5186463692474281,0.5184793111794892,0.00016705806793892997
323,ATT,527,3510,0,1,0.8363641584641989,0.8368129100084019,0.00044875154420298546
324,ATT,528,1932,0,0,0.6240009584805181,0.6241731663587095,0.00017220787819138828
325,ATT,529,1730,0,0,0.4875214301064901,0.4874906992754917,3.073083099836005e-05
326,ATT,530,1702,0,0,0.6591245480261583,0.6591153038299145,9.244196243818337e-06
327,ATT,531,2018,0,0,0.7693945333087091,0.7694104546865869,1.5921377877758935e-05
328,ATT,532,1665,0,0,0.5413677484681685,0.5414357222569706,6.797378880207816e-05
329,ATT,533,898,0,0,0.6809275913517039,0.680932563587587,4.972235883138332e-06
330,ATT,534,1562,1,0,0.6206930873316562,0.6206165325810217,7.655475063450545e-05
331,ATT,535,460,1,1,0.7272827183776713,0.7272028635283914,7.985484927997e-05
332,ATT,536,2733,0,0,0.7427433662156654,0.7428263058019402,8.293958627481057e-05
333,ATT,537,1134,0,1,0.6498582363900753,0.6496378337486503,0.00022040264142508814
334,ATT,539,1603,0,0,0.5357337960756207,0.5355967983123666,0.00013699776325404311
335,ATT,540,2597,1,1,0.8294378982595204,0.8285174808503104,0.0009204174092100059
336,ATT,541,398,0,0,0.34084843708935936,0.3388788018239875,0.0019696352653718607
337,ATT,543,775,0,1,0.648295130910234,0.6483188965448664,2.3765634632355592e-05
338,ATT,544,1032,0,1,0.855512485513351,0.8597704095903379,0.004257924076986885
339,ATT,545,1330,0,1,0.5600070530429534,0.559984669942707,2.238310024638146e-05
340,ATT,550,2635,0,0,0.7519596330117345,0.751951876779601,7.756232133560026e-06
341,ATT,551,3962,0,0,0.5383374699175647,0.5387587345456464,0.00042126462808167453
342,ATT,552,2936,0,0,0.707079199348081,0.7071782315630841,9.903221500318082e-05
343,ATT,553,3850,1,0,0.6457207126546519,0.6455567474717817,0.00016396518287020712
344,ATT,554,687,0,0,0.3779776560361041,0.3783058216174914,0.00032816558138726304
345,ATT,555,3220,0,0,0.3494994714397165,0.34875009439161175,0.0007493770481047379
346,ATT,559,1436,0,1,0.7866974967069408,0.7867837555918707,8.625888492996836e-05
347,ATT,560,1795,0,1,0.7168151922753946,0.717122390542645,0.0003071982672504525
348,ATT,561,3779,0,0,0.48940860961914984,0.4892914416613707,0.00011716795777916289
349,ATT,562,2144,0,1,0.7413730299146906,0.7413887896770471,1.575976235657084e-05
350,ATT,566,558,0,1,0.613567501649624,0.6135660906531977,1.4109964263653296e-06
351,ATT,568,1768,0,1,0.8110100090683898,0.8109888175802402,2.1191488149607807e-05
352,ATT,569,3647,0,0,0.5856431771951105,0.5854752755453239,0.00016790164978663924
353,ATT,570,1280,0,1,0.689146124720083,0.6886890714521614,0.00045705326792155887
354,ATT,571,1446,0,1,0.5229121607048726,0.5229373950773709,2.5234372498350588e-05
355,ATT,572,163,0,0,0.7378799173578812,0.7379116446869645,3.172732908329756e-05
356,ATT,574,1768,0,1,0.8112974020003436,0.8109888175802402,0.00030858442010339715
357,ATT,576,3617,0,0,0.5141619913239203,0.5141546271212408,7.364202679438492e-06
358,ATT,577,2889,0,0,0.4776355162619103,0.47761062618934264,2.4890072567673727e-05
359,ATT,579,136,0,0,0.4369967062795745,0.43683977124791273,0.0001569350316617535
360,ATT,581,3527,0,0,0.7341187142213474,0.7340933768337911,2.5337387556390034e-05
361,ATT,582,497,0,0,0.7084641767223137,0.7085742818857953,0.00011010516348164412
362,ATT,584,1689,0,0,0.5016892671585647,0.501338626135559,0.0003506410230056378
363,ATT,585,1424,0,0,0.791981080186394,0.7916006086468019,0.00038047153959208657
364,ATT,586,3260,0,0,0.4328447977894434,0.43281378724905334,3.101054039006401e-05
365,ATT,587,2169,0,1,0.7206325018464035,0.7205874965645048,4.5005281898657934e-05
366,ATT,588,2424,0,0,0.6932008765980812,0.6932310343591919,3.0157761110705117e-05
367,ATT,589,44,0,0,0.4895419211106987,0.4895558929328208,1.3971822122094135e-05
368,ATT,590,3966,0,0,0.32378685174482535,0.32381513123508154,2.827949025618892e-05
369,ATT,592,1962,0,0,0.6334170286634954,0.6333098274462079,0.00010720121728746701
370,ATT,594,460,0,1,0.7272199745916353,0.7272028635283914,1.7111063243979707e-05
371,ATT,595,836,0,0,0.7610257345215606,0.7614344652338431,0.0004087307122824235
372,ATT,596,807,0,1,0.7402715723908531,0.7398495391213096,0.00042203326954348697
373,ATT,597,1345,0,0,0.7963841285285425,0.7963556161122961,2.8512416246351258e-05
374,ATT,598,1062,0,0,0.7730250905366717,0.7730375242339423,1.2433697270664013e-05
375,ATT,599,834,0,0,0.6765141651409311,0.6763901534383521,0.00012401170257902994
376,ATT,600,3550,1,0,0.7436241569752225,0.7440126911203848,0.00038853414516226703
377,ATT,601,1122,0,1,0.6618212651554451,0.6618099304418696,1.1334713575505972e-05
378,ATT,604,1249,0,1,0.7311407824072823,0.7312750097321539,0.00013422732487156086
379,ATT,605,3023,1,0,0.7573103265747526,0.7573703075239918,5.9980949239202275e-05
380,ATT,606,2102,0,1,0.5894242922570988,0.589496386146089,7.209388899021008e-05
381,ATT,609,2078,0,0,0.5439527049977424,0.543748028378701,0.00020467661904144396
382,ATT,610,1516,1,1,0.8174100658369444,0.817078516430118,0.00033154940682644796
383,ATT,611,357,0,1,0.6987241863903432,0.6989397695101367,0.00021558311979352762
384,ATT,613,3414,0,0,0.7820954295010012,0.782121749725516,2.6320224514764234e-05
385,ATT,615,520,0,0,0.6643600992441175,0.664265915668907,9.418357521051579e-05
386,ATT,617,2969,0,0,0.7159522696604115,0.7159036728379411,4.859682247038144e-05
387,ATT,618,3200,0,0,0.5619421964840438,0.5622109141286187,0.00026871764457492286
388,ATT,619,2495,0,0,0.4802136775833944,0.48034924242309285,0.00013556483969845434
389,ATT,620,2767,0,0,0.5827115487787048,0.5828046636904274,9.311491172259156e-05
390,ATT,623,3263,0,1,0.7251360918984372,0.7250950751751457,4.101672329148709e-05
391,ATT,624,1951,0,0,0.4674237961159007,0.46757990361531643,0.00015610749941574742
392,ATT,625,1870,0,0,0.5199099945501315,0.5199386058885876,2.8611338456108193e-05
393,ATT,626,3438,0,1,0.7242840417828613,0.7241035439393881,0.00018049784347318187
394,ATT,627,2969,0,0,0.7160412898174261,0.7159036728379411,0.00013761697948500018
395,ATT,629,2158,0,0,0.6158117134594837,0.6157381223398579,7.359111962579323e-05
396,ATT,630,2670,1,0,0.37016403445364143,0.37021494074785954,5.090629421811155e-05
397,ATT,631,3850,0,0,0.6456976357184112,0.6455567474717817,0.00014088824662950028
398,ATT,632,2344,0,0,0.4480130202745569,0.4479529059078931,6.0114366663810426e-05
399,ATT,633,973,0,1,0.8374991754520901,0.8375359599997234,3.678454763333949e-05
400,ATT,637,2365,0,0,0.5738381304369117,0.5738671234417145,2.899300480285749e-05
401,ATT,639,694,1,1,0.6991275411506778,0.6990747471146442,5.2794036033532166e-05
402,ATT,641,2150,0,1,0.5864409142930577,0.5862283628342522,0.00021255145880549886
403,ATT,643,808,0,1,0.6998916863681443,0.7003138538099334,0.0004221674417891341
404,ATT,644,3505,0,1,0.6372569414091689,0.6372774296258431,2.0488216674219295e-05
405,ATT,645,2466,0,0,0.5589475588551264,0.5586725656144761,0.00027499324065027864
406,ATT,647,2400,1,0,0.6077475435202513,0.6075834684636428,0.00016407505660853694
407,ATT,648,881,0,0,0.4645251978099652,0.4646569238277028,0.00013172601773758785
408,ATT,649,351,1,1,0.5446985765576746,0.5447810879695466,8.25114118719883e-05
409,ATT,650,2293,0,0,0.554915643234701,0.554804841493586,0.00011080174111499641
410,ATT,651,2821,0,1,0.7699082894218283,0.7697065308836671,0.0002017585381611786
411,ATT,652,501,0,1,0.69584987697439,0.6958669855249459,1.7108550555811064e-05
412,ATT,653,2836,0,0,0.6865813812582668,0.6867729884969747,0.00019160723870781382
413,ATT,654,1327,0,0,0.7225428416892423,0.7224898557041272,5.2985985115161505e-05
414,ATT,656,788,0,1,0.832912920626613,0.8326456922121861,0.00026722841442694545
415,ATT,657,145,0,0,0.5886685550969273,0.5886256369260184,4.291817090884553e-05
416,ATT,659,1910,0,0,0.7742195877369676,0.7743624938703456,0.00014290613337797353
417,ATT,660,834,1,0,0.6763586035720294,0.6763901534383521,3.154986632269985e-05
418,ATT,662,3517,0,0,0.6008279725900864,0.6007114494568756,0.00011652313321075525
419,ATT,663,2072,0,0,0.6042237676551814,0.6041973781313016,2.6389523879788435e-05
420,ATT,664,1105,0,0,0.6183515542968369,0.6183649569895507,1.3402692713881947e-05
421,ATT,665,895,0,0,0.6441513921193673,0.6442656253489547,0.00011423322958736826
422,ATT,666,263,0,1,0.5249836396465952,0.5248411677378534,0.0001424719087418369
423,ATT,667,3927,0,0,0.5128379770383488,0.5126085203551441,0.00022945668320462076
424,ATT,670,440,0,1,0.775818792345287,0.776353236473818,0.0005344441285310975
425,ATT,673,3449,0,0,0.6909968473804329,0.6908370889488189,0.00015975843161397663
426,ATT,674,723,1,0,0.6875204441816816,0.6872742759706792,0.0002461682110023178
427,ATT,675,3859,0,0,0.4821812725706984,0.48224650041345185,6.522784275342364e-05
428,ATT,677,231,0,1,0.5319004589488882,0.5319703079696558,6.984902076767607e-05
429,ATT,680,3546,0,1,0.7541109207235891,0.754155100794099,4.418007050988049e-05
430,ATT,681,2783,1,0,0.7849102813648737,0.7850358000304986,0.00012551866562482417
431,ATT,682,873,0,0,0.7477948351107085,0.7477492038902019,4.56312205066034e-05
432,ATT,685,1410,0,0,0.3556328977784776,0.3559306662525088,0.00029776847403117923
433,ATT,686,2426,0,0,0.6147378123523922,0.6148890643177676,0.00015125196537535412
434,ATT,690,2767,0,0,0.5826470018663314,0.5828046636904274,0.00015766182409593377
435,ATT,691,2305,1,0,0.508597151231872,0.508603498809417,6.347577545029459e-06
436,ATT,692,3121,0,0,0.5629752711399327,0.5630456602152232,7.038907529044458e-05
437,ATT,693,1853,0,0,0.627737193427291,0.627803804584174,6.661115688300079e-05
438,ATT,695,2343,0,0,0.7320103899995731,0.7321963558788822,0.00018596587930908015
439,ATT,696,1192,0,0,0.4876432414997546,0.48757476948997747,6.847200977710965e-05
440,ATT,697,2253,0,1,0.5832014892771821,0.583192688302288,8.800974894085378e-06
441,ATT,698,36,0,0,0.6605481622374542,0.6603432180100832,0.0002049442273709401
442,ATT,699,789,1,1,0.8272063883784484,0.8276485100639438,0.0004421216854954002
443,ATT,701,394,0,0,0.668241606450339,0.6683104055909113,6.87991405722288e-05
444,ATT,703,521,0,0,0.6298533039602809,0.6298512948541094,2.009106171541042e-06
445,ATT,704,3229,0,0,0.614111145396366,0.6142189460817528,0.00010780068538673859
446,ATT,705,279,0,0,0.5990201059775668,0.5990436753531718,2.3569375604992615e-05
447,ATT,706,164,0,0,0.5029667378819852,0.5033484513312195,0.00038171344923432216
448,ATT,707,1875,0,0,0.5105235628475283,0.5105687722206598,4.520937313146067e-05
449,ATT,708,2571,0,0,0.7631253964851358,0.7629416456296844,0.00018375085545141445
450,ATT,709,852,0,0,0.5061416676834187,0.5063819196250536,0.00024025194163490582
451,ATT,712,2527,0,0,0.7120428702106841,0.7121816672905854,0.0001387970799012761
452,ATT,713,236,0,0,0.6533180833050277,0.653655065219272,0.00033698191424424984
453,ATT,714,2365,0,0,0.5738040945932412,0.5738671234417145,6.302884847331214e-05
454,ATT,715,521,1,0,0.6296767613522272,0.6298512948541094,0.0001745335018822347
455,ATT,716,3599,0,0,0.4920638779832796,0.49206532047736634,1.4424940867341363e-06
456,ATT,717,2034,0,0,0.7100452027637508,0.7100414643691074,3.738394643404419e-06
457,ATT,719,3978,0,1,0.5335968431638545,0.5333465844438453,0.0002502587200091666
458,ATT,720,2034,0,0,0.7100866246448647,0.7100414643691074,4.516027575729442e-05
459,ATT,721,3831,0,0,0.6115027800429303,0.6110693848776751,0.0004333951652552015
460,ATT,724,2762,1,0,0.7342069686291336,0.7343140432252429,0.00010707459610925785
461,ATT,725,1089,1,1,0.705258450492386,0.7049106298482838,0.0003478206441022147
462,ATT,726,499,0,0,0.5107888390616243,0.5109463080529854,0.00015746899136104275
463,ATT,727,1988,0,0,0.6130444355571589,0.6131746571988993,0.000130221641740369
464,ATT,729,3177,0,1,0.6428829299223039,0.6429939644437299,0.00011103452142602332
465,ATT,730,176,0,0,0.47643280006952143,0.4763924473141995,4.0352755321937384e-05
466,ATT,734,1929,0,0,0.6688606215469527,0.668799409559137,6.121198781572357e-05
467,ATT,736,1220,0,0,0.6778106933480174,0.6778885142211154,7.782087309804453e-05
468,ATT,737,1772,0,1,0.7510156119980861,0.7511633886239223,0.00014777662583620454
469,ATT,738,1202,0,0,0.5605032202069906,0.5604470807075189,5.613949947169683e-05
470,ATT,739,3984,0,1,0.7766489228715023,0.7767248920006923,7.596912918994558e-05
471,ATT,740,3822,0,0,0.6360667863878802,0.6361963325712031,0.00012954618332294832
472,ATT,741,1246,1,1,0.8824235099751724,0.880121012221167,0.0023024977540053726
473,ATT,744,1617,1,0,0.8529436534968916,0.8505293203135869,0.002414333183304751
474,ATT,745,2092,1,1,0.5363951549280653,0.5364392715823275,4.411665426218292e-05
475,ATT,746,1436,1,1,0.7873189030891585,0.7867837555918707,0.0005351474972877801
476,ATT,747,1964,0,0,0.6685168903965246,0.6686841705681674,0.00016728017164280296
477,ATT,748,3571,1,0,0.6155648877761545,0.6154802721509121,8.46156252424235e-05
478,ATT,751,3553,0,0,0.6981307498030211,0.6980228818708544,0.00010786793216677193
479,ATT,752,367,1,0,0.6914235780235876,0.6916037053768397,0.00018012735325212414
480,ATT,753,786,1,0,0.6697706334348388,0.6696065686218098,0.00016406481302899678
481,ATT,754,68,0,0,0.5613846611809782,0.5613107594329424,7.390174803578731e-05
482,ATT,757,2150,1,1,0.5859761315860949,0.5862283628342522,0.0002522312481573197
483,ATT,758,2305,0,0,0.5084165908437271,0.508603498809417,0.00018690796568987533
484,ATT,759,723,1,0,0.6873158966956381,0.6872742759706792,4.1620724958835176e-05
485,ATT,760,2922,1,0,0.7421800997645486,0.7419736683914618,0.0002064313730867351
486,ATT,761,1826,0,0,0.6285343759371633,0.6285465422557923,1.2166318628992201e-05
487,ATT,762,501,0,1,0.6958960868051611,0.6958669855249459,2.9101280215271252e-05
488,ATT,763,2773,0,1,0.7900711088612019,0.7903518713418475,0.00028076248064556886
489,ATT,765,974,0,0,0.5101614127722289,0.510008635287393,0.0001527774848358865
490,ATT,766,1589,0,0,0.7056550375801471,0.7056974474967265,4.240991657933346e-05
491,ATT,769,3888,0,1,0.649494537020913,0.6495705615772335,7.602455632049754e-05
492,ATT,770,2693,1,0,0.6610325875980096,0.6616208791308302,0.000588291532820584
493,ATT,771,440,0,1,0.776256930677744,0.776353236473818,9.630579607400325e-05
494,ATT,772,3333,1,1,0.7735300812626682,0.7734454543394218,8.462692324640031e-05
495,ATT,776,146,0,0,0.7116723209390071,0.7114040067768477,0.00026831416215944426
496,ATT,777,2796,0,0,0.4161196031458761,0.4160581246279252,6.147851795090808e-05
497,ATT,778,2887,0,0,0.6391153575351605,0.6391186830977069,3.325562546452332e-06
498,ATT,781,2273,0,1,0.5602533621325632,0.5603836756645467,0.00013031353198356133
499,ATT,783,786,0,0,0.6694345265620979,0.6696065686218098,0.00017204205971188546
500,ATT,784,893,1,0,0.6467778026348981,0.6467896995390093,1.1896904111186046e-05
501,ATT,785,1779,0,0,0.6893825872858234,0.6898123043745255,0.00042971708870209735
502,ATT,787,2941,0,0,0.37541028983826896,0.3753925508022829,1.7739035986064078e-05
503,ATT,791,2102,0,1,0.5895582799946014,0.589496386146089,6.189384851240654e-05
504,ATT,792,988,0,0,0.6938014296452788,0.6937841945723967,1.7235072882093583e-05
505,ATT,793,1316,0,0,0.43383158495144,0.43373076892119833,0.00010081603024164609
506,ATT,798,2896,1,0,0.7721873722397256,0.7719144115514444,0.00027296068828119857
507,ATT,800,3605,0,0,0.6899695800400338,0.6899476632626228,2.191677741103515e-05
508,ATT,802,453,0,0,0.5873862228336734,0.5874053567150039,1.9133881330568592e-05
509,ATT,803,2023,0,0,0.7637107613197254,0.7636557231533242,5.503816640117787e-05
510,ATT,805,3391,1,0,0.7518242239339221,0.7517411989565608,8.302497736134562e-05
511,ATT,806,2611,0,1,0.6965552090176422,0.6965092999874997,4.5909030142565754e-05
512,ATT,810,3854,0,0,0.7012753414275442,0.7011731432455145,0.00010219818202972242
513,ATT,811,2096,0,1,0.5902881451976526,0.5903543302666889,6.618506903632859e-05
514,ATT,812,1813,0,0,0.70223759557832,0.7026796643401482,0.0004420687618281738
515,ATT,814,1439,0,1,0.6264129809574704,0.6264031953089767,9.785648493743082e-06
516,ATT,816,1405,0,0,0.6070006103560176,0.6068516005422391,0.0001490098137785223
517,ATT,818,430,0,1,0.6014488325757302,0.6013186569189695,0.00013017565676076703
518,ATT,820,807,0,1,0.7403469218344337,0.7398495391213096,0.0004973827131241615
519,ATT,821,1074,0,0,0.5685974846635634,0.5686239248969409,2.6440233377500455e-05
520,ATT,822,3263,0,1,0.7251609302143067,0.7250950751751457,6.585503916101132e-05
521,ATT,823,207,0,0,0.6476398512538931,0.6474202808320351,0.00021957042185805076
522,ATT,824,513,0,0,0.6460613989884756,0.6461518904093264,9.049142085082451e-05
523,ATT,825,1853,0,0,0.6277585589288545,0.627803804584174,4.524565531949243e-05
524,ATT,826,1517,0,0,0.6717659196781937,0.6722388542177912,0.00047293453959751375
525,ATT,827,1988,0,0,0.613166758890134,0.6131746571988993,7.898308765352802e-06
526,ATT,829,2396,1,0,0.6753730947859156,0.6754832701961956,0.00011017541028002231
527,ATT,830,3065,0,0,0.749065378263757,0.7490370362319734,2.8342031783590294e-05
528,ATT,832,398,0,0,0.33872103820617194,0.3388788018239875,0.00015776361781555392
529,ATT,833,3177,0,1,0.6429023707241983,0.6429939644437299,9.159371953160189e-05
530,ATT,835,3794,0,0,0.6062399679313123,0.6062169626510516,2.3005280260668393e-05
531,ATT,839,399,0,0,0.6789344396342121,0.679124031927035,0.00018959229282289325
532,ATT,842,2922,1,0,0.7421623953630672,0.7419736683914618,0.00018872697160532415
533,ATT,844,3854,0,0,0.7014037481117159,0.7011731432455145,0.00023060486620141152
534,ATT,845,3546,0,1,0.7539442786144072,0.754155100794099,0.00021082217969181638
535,ATT,846,891,1,1,0.8067979548353204,0.8056740379588859,0.0011239168764344276
536,ATT,848,2115,0,0,0.5752073318931573,0.5752938474793675,8.651558621020072e-05
537,ATT,849,857,0,1,0.7006558766379106,0.7006482709106059,7.605727304738075e-06
538,ATT,850,22,1,0,0.6961198774758453,0.6959832142193004,0.00013666325654482225
539,ATT,851,3433,1,0,0.9090917377959151,0.886948305995866,0.022143431800049074
540,ATT,853,2692,0,0,0.5025791029857869,0.5024465220379921,0.00013258094779478036
541,ATT,854,2405,0,1,0.6026337174346812,0.602646605666056,1.2888231374796888e-05
542,ATT,856,580,0,1,0.44237333353241093,0.44211977748380965,0.0002535560486012778
543,ATT,858,3898,0,1,0.6289286470141113,0.6289029121671099,2.573484700141293e-05
544,ATT,859,1070,0,1,0.6850609691275081,0.685134651227905,7.368210039682133e-05
545,ATT,860,2322,0,0,0.520777764513728,0.520797163752006,1.9399238277983955e-05
546,ATT,861,3959,0,0,0.47195978522909326,0.4719509052971885,8.879931904737237e-06
547,ATT,863,3336,0,0,0.7073999049588131,0.7074600787263138,6.017376750067083e-05
548,ATT,866,354,0,0,0.6548326239251276,0.6548657823588035,3.3158433675906096e-05
549,ATT,867,688,0,0,0.7175127874186141,0.7175207867418542,7.999323240026612e-06
550,ATT,870,3156,0,0,0.6703828706380028,0.6705260165311785,0.00014314589317565574
551,ATT,871,1327,0,0,0.7226270398695195,0.7224898557041272,0.00013718416539232337
552,ATT,875,1347,0,1,0.7795382140953129,0.7794708143019976,6.739979331527035e-05
553,ATT,877,3278,1,0,0.7285677500426587,0.7281353254927105,0.0004324245499481849
554,ATT,878,869,0,0,0.6620803626844712,0.6618949243263864,0.00018543835808482179
555,ATT,879,133,0,0,0.6454559301183598,0.6454857311502429,2.9801031883103235e-05
556,ATT,880,1617,0,0,0.8444211388856443,0.8505293203135869,0.006108181427942561
557,ATT,882,607,0,1,0.7535490002005047,0.7534311888144605,0.00011781138604427532
558,ATT,884,267,0,0,0.43730381568750026,0.4373215771564783,1.7761468978028105e-05
559,ATT,885,2183,0,1,0.61901153037915,0.6191158811420308,0.00010435076288073386
560,ATT,886,2032,0,1,0.8008255013969108,0.8010504191287919,0.00022491773188115793
561,ATT,887,2336,0,0,0.6744131498654854,0.674545965940075,0.00013281607458959233
562,ATT,892,679,1,0,0.8666720542184316,0.8677522286562075,0.0010801744377758604
563,ATT,897,3809,0,0,0.7011148451487212,0.7011190271951926,4.182046471346013e-06
564,ATT,899,2935,0,0,0.56754952871905,0.5672612546612841,0.00028827405776588044
565,ATT,901,2410,0,0,0.6083205002562229,0.6082685497389712,5.195051725170874e-05
566,ATT,902,3871,0,0,0.3792714279080546,0.3791110273673824,0.0001604005406722342
567,ATT,903,398,0,0,0.338819985061095,0.3388788018239875,5.8816762892488494e-05
568,ATT,904,1829,0,0,0.7183868625356952,0.71839147514041,4.6126047148487e-06
569,ATT,905,3337,0,0,0.59825973949161,0.5982483495475407,1.138994406935101e-05
570,ATT,906,511,0,1,0.533301805124541,0.5332746483220488,2.715680249210095e-05
571,ATT,908,2521,0,1,0.6057640663876802,0.605816233082322,5.2166694641808675e-05
572,ATT,909,3799,0,1,0.8408306594236502,0.8381627429009066,0.002667916522743563
573,ATT,911,862,1,1,0.825162111941592,0.8252861316753654,0.00012401973377340614
574,ATT,912,337,0,0,0.6540240320972397,0.6540325434205169,8.511323277171634e-06
575,ATT,913,2554,0,1,0.5696715660947236,0.5694660062669692,0.00020555982775438686
576,ATT,915,957,0,0,0.5559007282718593,0.5558180556210519,8.267265080741382e-05
577,ATT,916,1327,0,0,0.7224588497845877,0.7224898557041272,3.100591953941745e-05
578,ATT,919,732,0,1,0.488721975335983,0.4885854455410538,0.00013652979492917439
579,ATT,920,1089,0,1,0.7049409071656926,0.7049106298482838,3.0277317408788917e-05
580,ATT,921,2077,0,1,0.6818712399752761,0.681788762748891,8.247722638510258e-05
581,ATT,924,354,0,0,0.6551062283512595,0.6548657823588035,0.0002404459924559843
582,ATT,925,807,1,1,0.7401361052354913,0.7398495391213096,0.00028656611418176325
583,ATT,926,2387,0,0,0.7873668073795697,0.7878790705393611,0.0005122631597914706
584,ATT,927,847,0,0,0.39450798075947174,0.3948015568546938,0.00029357609522207007
585,ATT,928,563,0,0,0.6568747619373213,0.6570278797537435,0.00015311781642224354
586,ATT,931,2611,1,1,0.6965092589915169,0.6965092999874997,4.099598271967153e-08
587,ATT,932,1781,0,0,0.5742039290984088,0.57420005667599,3.872422418838006e-06
588,ATT,933,3582,0,0,0.7366569007450375,0.7365509217552384,0.00010597898979913811
589,ATT,935,1393,0,0,0.5079022342298547,0.5075419498574762,0.0003602843723784499
590,ATT,938,2207,1,0,0.5166358209650855,0.5164505966352714,0.00018522432981415982
591,ATT,939,1016,0,0,0.5729471387151834,0.5729460812979125,1.057417270966532e-06
592,ATT,940,3984,0,1,0.7767686096819094,0.7767248920006923,4.371768121713693e-05
593,ATT,941,3624,0,0,0.5459027706545011,0.545921811968773,1.9041314271883714e-05
594,ATT,942,2464,0,0,0.5291226306282893,0.5290272177786435,9.54128496458706e-05
595,ATT,943,3175,0,1,0.6511625557009476,0.6511019983658715,6.055733507615013e-05
596,ATT,945,3373,1,0,0.7196130290501276,0.7196624865889673,4.945753883967008e-05
597,ATT,946,2407,0,1,0.5299927711568173,0.5298206306014266,0.0001721405553907207
598,ATT,947,557,0,0,0.4959792437432648,0.49583368179508946,0.0001455619481753323
599,ATT,950,1339,0,0,0.7885594287008957,0.7891663808483871,0.0006069521474914019
600,ATT,952,2097,0,0,0.6443940822324885,0.6444109652135581,1.688298106961028e-05
601,ATT,954,3822,0,0,0.6359977327866482,0.6361963325712031,0.00019859978455494254
602,ATT,955,3245,0,0,0.6266123477467862,0.6266892122750229,7.686452823674195e-05
603,ATT,958,2673,0,0,0.5217340456861549,0.5218454372205795,0.0001113915344246319
604,ATT,959,145,0,0,0.5886579094176515,0.5886256369260184,3.2272491633067446e-05
605,ATT,960,2250,1,1,0.7358882396487271,0.7359028482040275,1.4608555300443804e-05
606,ATT,962,1841,0,0,0.6375671131625453,0.6378333081801991,0.00026619501765379194
607,ATT,964,3080,0,1,0.7164631810981381,0.7164544227330699,8.758365068195495e-06
608,ATT,965,1347,0,1,0.7797197985140698,0.7794708143019976,0.0002489842120722008
609,ATT,967,1517,0,0,0.671863268216539,0.6722388542177912,0.00037558600125220387
610,ATT,969,1410,1,0,0.3557529771765571,0.3559306662525088,0.00017768907595172578
611,ATT,971,3662,0,0,0.4403475666566025,0.4401005920568185,0.00024697459978401115
612,ATT,975,2357,0,1,0.694770223220341,0.6945754502079274,0.0001947730124135516
613,ATT,976,1588,0,0,0.5231195804255004,0.523037436555164,8.214387033644854e-05
614,ATT,978,207,0,0,0.6474854920010767,0.6474202808320351,6.521116904167901e-05
615,ATT,980,57,0,0,0.600966191267455,0.6010201014426808,5.39101752258242e-05
616,ATT,981,1682,1,0,0.6424940797833816,0.6424476845764111,4.639520697047317e-05
617,ATT,982,789,0,1,0.8275377376275257,0.8276485100639438,0.00011077243641810508
618,ATT,983,1846,0,0,0.6772508897848974,0.677299522571191,4.863278629352319e-05
619,ATT,984,135,0,0,0.7296594238011367,0.7296730734148158,1.3649613679111994e-05
620,ATT,986,1940,0,0,0.6215289268430353,0.6216168322823108,8.79054392755041e-05
621,ATT,989,1813,0,0,0.7026700238511293,0.7026796643401482,9.64048901885839e-06
622,ATT,990,2358,0,0,0.5368953457881123,0.5368330976938531,6.224809425914302e-05
623,ATT,991,2023,1,0,0.7633761758200016,0.7636557231533242,0.00027954733332258286
624,ATT,993,694,0,1,0.6991216174240751,0.6990747471146442,4.687030943084647e-05
625,ATT,994,2046,0,0,0.5653828156503158,0.5650823253582719,0.0003004902920439312
626,ATT,996,2836,0,0,0.6864250678286854,0.6867729884969747,0.00034792066828925883
627,ATT,998,3394,1,0,0.5758577540231568,0.5760783947487329,0.0002206407255761489
628,ATT,1001,1648,0,1,0.7944161660662863,0.7944908569590573,7.469089277101215e-05
629,ATT,1002,2025,1,1,0.6674744493258793,0.6675095452269318,3.509590105255089e-05
630,ATT,1005,2515,0,0,0.523602402284163,0.5235864367128228,1.5965571340204043e-05
631,ATT,1007,3686,0,1,0.6964162170377014,0.6963613653993997,5.485163830165618e-05
632,ATT,1008,2504,0,0,0.7861661143974471,0.7864010460208235,0.00023493162337639983
633,ATT,1010,1768,0,1,0.8114352014278627,0.8109888175802402,0.00044638384762252237
634,ATT,1013,2571,0,0,0.7627078670400633,0.7629416456296844,0.00023377858962103648
635,ATT,1014,2609,0,0,0.4606939369601039,0.4605872703541693,0.0001066666059346133
636,ATT,1015,683,0,0,0.4981496461958022,0.4981516629593375,2.0167635352841273e-06
637,ATT,1017,1094,0,0,0.7598063509925748,0.7597424243966717,6.392659590304106e-05
638,ATT,1018,862,1,1,0.8251912421712636,0.8252861316753654,9.488950410174724e-05
639,ATT,1019,3278,0,0,0.7285791545590082,0.7281353254927105,0.00044382906629769625
640,ATT,1021,679,0,0,0.8684236410414091,0.8677522286562075,0.0006714123852016307
641,ATT,1022,2409,0,0,0.7496077604810514,0.7495901232111318,1.763726991954595e-05
642,ATT,1023,2486,0,0,0.4949428571737741,0.4949315946320897,1.1262541684431415e-05
643,ATT,1025,616,1,0,0.8028815615209206,0.8027675713667181,0.00011399015420254788
644,ATT,1027,974,0,0,0.5100325729354901,0.510008635287393,2.3937648097049902e-05
645,ATT,1028,743,0,0,0.7505172072913688,0.7505486665628892,3.14592715203732e-05
646,ATT,1029,249,1,0,0.7484273837846549,0.7484400181921939,1.2634407538958392e-05
647,ATT,1030,2783,1,0,0.7850491246119855,0.7850358000304986,1.3324581486950926e-05
648,ATT,1031,1004,0,0,0.4462104519479945,0.44617066689328744,3.97850547070866e-05
649,ATT,1035,1345,0,0,0.796400249371642,0.7963556161122961,4.463325934589424e-05
650,ATT,1038,3799,1,1,0.8403502451348759,0.8381627429009066,0.0021875022339692407
651,ATT,1040,3272,1,1,0.8342099288672262,0.8345509394087759,0.0003410105415496689
652,ATT,1041,3254,1,0,0.7502026913596822,0.750351903982169,0.000149212622486794
653,ATT,1042,217,1,1,0.7267736018283402,0.72687053292883,9.693110048980547e-05
654,ATT,1043,3732,0,0,0.8262610452053731,0.8253878611246578,0.0008731840807153501
655,ATT,1044,3465,0,0,0.6928154244785423,0.6927440202742554,7.140420428686234e-05
656,ATT,1045,1868,0,0,0.5919065025213606,0.5918072290470886,9.927347427196587e-05
657,ATT,1046,2099,0,0,0.526919185830572,0.5268341721797761,8.501365079582879e-05
658,ATT,1047,3390,0,0,0.6432652346139212,0.6433333283597433,6.809374582217309e-05
659,ATT,1048,114,0,0,0.7934033337031157,0.7931242477628709,0.00027908594024472766
660,ATT,1049,573,0,1,0.6597058260851668,0.6596587898601928,4.70362249740397e-05
661,ATT,1050,262,0,0,0.7373406962629356,0.7375170128484465,0.0001763165855108717
662,ATT,1051,3461,0,0,0.7802806052147802,0.780983717438078,0.0007031122232978859
663,ATT,1054,3301,0,0,0.6055410303592564,0.6055074198946805,3.3610464575950516e-05
664,ATT,1055,638,0,0,0.49038429354815083,0.49010979008244393,0.000274503465706899
665,ATT,1056,343,0,0,0.7568590928242925,0.7567971199527881,6.197287150444541e-05
666,ATT,1060,3246,0,1,0.7974472446358374,0.7977322177445522,0.0002849731087147811
667,ATT,1061,1813,1,0,0.7027758000973784,0.7026796643401482,9.613575723022016e-05
668,ATT,1063,2196,0,0,0.6270590513741896,0.6271228919034709,6.384052928132267e-05
669,ATT,1065,1256,0,1,0.6795821958076369,0.6797701240110665,0.00018792820342961036
670,ATT,1071,311,0,0,0.595530204916082,0.5953777124335933,0.00015249248248871972
671,ATT,1072,3224,1,0,0.7258646907315205,0.7260437249123654,0.00017903418084486145
672,ATT,1073,2840,1,0,0.7235379246651145,0.7235668457995388,2.8921134424320094e-05
673,ATT,1075,1971,0,1,0.5779838464637167,0.5779086247651097,7.522169860696426e-05
674,ATT,1076,2605,0,0,0.6224523248278911,0.6222874373268096,0.00016488750108156758
675,ATT,1077,2048,0,0,0.6047446104723101,0.6048278543475922,8.324387528213517e-05
676,ATT,1080,2894,0,1,0.6855258919417697,0.6852070622553381,0.0003188296864315987
677,ATT,1082,1313,0,1,0.7150492835980058,0.7149880284424901,6.125515551569372e-05
678,ATT,1084,2941,0,0,0.3761491460308612,0.3753925508022829,0.000756595228578294
679,ATT,1085,114,0,0,0.7934403688799353,0.7931242477628709,0.00031612111706436075
680,ATT,1086,3539,0,0,0.508919754034994,0.5089683082954152,4.8554260421163065e-05
681,ATT,1087,2200,0,0,0.5453539444558317,0.5453409116497828,1.303280604891821e-05
682,ATT,1091,1861,0,0,0.5724351275374212,0.5724242469281257,1.0880609295549348e-05
683,ATT,1092,3489,0,0,0.7466043760586143,0.7466567188671939,5.2342808579575184e-05
684,ATT,1093,394,0,0,0.6682485328969653,0.6683104055909113,6.187269394597461e-05
685,ATT,1095,470,0,0,0.4668519699207388,0.46682645844132326,2.5511479415540883e-05
686,ATT,1096,1158,0,0,0.6838680943642155,0.6837078833597993,0.00016021100441621083
687,ATT,1097,1568,0,1,0.6370986993128405,0.6371844812609562,8.578194811570405e-05
688,ATT,1098,3550,0,0,0.7437183247728183,0.7440126911203848,0.00029436634756652147
689,ATT,1099,831,0,0,0.586772110290176,0.5868913423026728,0.00011923201249686155
690,ATT,1103,968,0,0,0.8145562080024044,0.8122418538780899,0.002314354124314466
691,ATT,1104,1250,0,0,0.6589351529692009,0.6590142798813123,7.912691211142686e-05
692,ATT,1107,2511,0,0,0.7335111239574456,0.7338498271971312,0.00033870323968565597
693,ATT,1109,1465,0,0,0.5466826908449025,0.5466802464268478,2.444418054747821e-06
694,ATT,1110,3197,0,0,0.5774206343949312,0.5772637268434664,0.00015690755146480218
695,ATT,1112,3582,0,0,0.7369280324673979,0.7365509217552384,0.00037711071215951186
696,ATT,1113,3928,0,1,0.675918872519622,0.6757759597718362,0.0001429127477857728
697,ATT,1114,3360,0,0,0.6343948064595097,0.6348192933062031,0.00042448684669338377
698,ATT,1115,917,0,0,0.5134093824581046,0.5134395730877432,3.0190629638604527e-05
699,ATT,1117,3509,0,0,0.6939940367404247,0.6939817792549996,1.225748542510452e-05
700,ATT,1118,622,0,0,0.4934349650172426,0.49345506932574956,2.0104308506962987e-05
701,ATT,1119,1511,0,0,0.5689045525962764,0.5687512266950184,0.0001533259012579391
702,ATT,1120,1165,0,0,0.5039238103625987,0.503774890501928,0.00014891986067067098
703,ATT,1123,3323,0,0,0.43013131153500594,0.4302271727599653,9.586122495935934e-05
704,ATT,1124,1772,0,1,0.7509530445888197,0.7511633886239223,0.00021034403510256094
705,ATT,1126,855,1,0,0.6922048025202211,0.6917040535429677,0.0005007489772533846
706,ATT,1128,3283,0,1,0.7075868930600191,0.707588427285644,1.5342256248773722e-06
707,ATT,1129,3080,1,1,0.7163419358136248,0.7164544227330699,0.00011248691944509837
708,ATT,1130,375,0,0,0.6507230502697308,0.6507812007894218,5.815051969104701e-05
709,ATT,1132,452,0,0,0.4786942316811733,0.47856282527490457,0.00013140640626874145
710,ATT,1133,1585,0,1,0.6575966192821413,0.6575941023714691,2.516910672212269e-06
711,ATT,1135,891,0,1,0.8058634646383099,0.8056740379588859,0.0001894266794240096
712,ATT,1136,3545,0,0,0.7429762305118858,0.7431160481647927,0.00013981765290693726
713,ATT,1137,3854,0,0,0.7011878281702203,0.7011731432455145,1.4684924705798963e-05
714,ATT,1138,329,1,1,0.7999907829563762,0.7998188912997488,0.00017189165662734318
715,ATT,1139,3461,0,0,0.780860612125299,0.780983717438078,0.00012310531277903713
716,ATT,1140,779,0,0,0.5669026315755611,0.567067919470737,0.00016528789517589182
717,ATT,1141,3333,1,1,0.7735104876286513,0.7734454543394218,6.503328922946583e-05
718,ATT,1144,2775,0,0,0.7128046933906619,0.7127873194993033,1.7373891358585247e-05
719,ATT,1148,1910,0,0,0.7752385184895672,0.7743624938703456,0.0008760246192215382
720,ATT,1149,1246,0,1,0.8813198632437493,0.880121012221167,0.0011988510225823257
721,ATT,1150,237,1,1,0.7606696692261572,0.7599324554441153,0.0007372137820419455
722,ATT,1151,1020,0,0,0.6005827527486487,0.6005236350317102,5.911771693845047e-05
723,ATT,1152,1347,0,1,0.7798856863374546,0.7794708143019976,0.00041487203545698126
724,ATT,1154,2336,1,0,0.6744516184349438,0.674545965940075,9.434750513115375e-05
725,ATT,1155,2150,0,1,0.5860371829879962,0.5862283628342522,0.00019117984625593998
726,ATT,1156,2635,0,0,0.7520331504674459,0.751951876779601,8.127368784494049e-05
727,ATT,1157,463,0,0,0.5797008018658236,0.5796783473675052,2.2454498318391636e-05
728,ATT,1159,3953,0,0,0.6794685889709972,0.679313562563672,0.00015502640732512063
729,ATT,1160,3110,1,0,0.5983556501131491,0.5983593713934275,3.7212802784791776e-06
730,ATT,1164,2981,0,0,0.5585774668650972,0.558522174363618,5.5292501479287104e-05
731,ATT,1167,3001,0,0,0.6368792991838655,0.6368747873518519,4.511832013665007e-06
732,ATT,1168,3905,1,0,0.7299493454236295,0.7301206376608226,0.00017129223719303255
733,ATT,1169,3747,0,0,0.4237307060540651,0.4237236209259073,7.085128157779952e-06
734,ATT,1170,3064,0,0,0.5871670161191976,0.5870904576831216,7.655843607601298e-05
735,ATT,1171,2371,0,0,0.36049111544991963,0.36046112168389166,2.9993766027969215e-05
736,ATT,1173,1003,0,0,0.5034450132403065,0.5034487411524786,3.7279121720690256e-06
737,ATT,1174,2366,1,0,0.5571295435218016,0.5571630304744002,3.34869525986381e-05
738,ATT,1175,607,1,1,0.7532159833949502,0.7534311888144605,0.00021520541951025596
739,ATT,1176,1250,0,0,0.6590502669875631,0.6590142798813123,3.5987106250745526e-05
740,ATT,1182,1776,0,0,0.7593235160206784,0.7593734177166314,4.9901695952980774e-05
741,ATT,1183,1568,0,1,0.6372005860255505,0.6371844812609562,1.6104764594349064e-05
742,ATT,1184,2604,0,1,0.7654932191874136,0.765312190719454,0.000181028467959643
743,ATT,1185,728,0,1,0.41003849998860903,0.4098298252945936,0.0002086746940154205
744,ATT,1186,1083,0,0,0.7173027493220838,0.717218819969163,8.392935292078629e-05
745,ATT,1187,146,0,0,0.7116402771667323,0.7114040067768477,0.00023627038988460747
746,ATT,1188,3849,0,0,0.5485868704756497,0.5487142687744653,0.00012739829881558418
747,ATT,1196,985,1,0,0.70425864879836,0.7040782345061678,0.00018041429219217697
748,ATT,1197,1847,1,0,0.7137129381614803,0.7136835248992939,2.9413262186417377e-05
749,ATT,1198,3719,1,0,0.5396536659920607,0.5396822555739774,2.858958191676031e-05
750,ATT,1199,972,0,0,0.4868486220704647,0.4870315218685463,0.00018289979808161494
751,ATT,1200,3136,1,1,0.7659352846663229,0.7660212128617644,8.59281954415092e-05
752,ATT,1201,3571,0,0,0.6155420170009598,0.6154802721509121,6.174485004772912e-05
753,ATT,1203,3458,0,0,0.5709262080239941,0.5709858833415725,5.96753175784448e-05
754,ATT,1204,2052,0,0,0.7008540416505633,0.7008428524722307,1.1189178332648986e-05
755,ATT,1206,1417,0,0,0.4361825067488989,0.4360815696407676,0.00010093710813130485
756,ATT,1207,891,0,1,0.806397008585648,0.8056740379588859,0.0007229706267620761
757,ATT,1209,2034,0,0,0.710175875038842,0.7100414643691074,0.00013441066973463034
758,ATT,1210,3062,0,1,0.7782187304310552,0.7781281296824616,9.060074859357226e-05
759,ATT,1211,337,0,0,0.6539744070672355,0.6540325434205169,5.813635328133504e-05
760,ATT,1212,3539,0,0,0.5088573585673939,0.5089683082954152,0.00011094972802128122
761,ATT,1213,1147,1,0,0.6735389654936321,0.6736797653218759,0.00014079982824377613
762,ATT,1214,3672,0,0,0.4897127882114729,0.48984021486113893,0.00012742664966602923
763,ATT,1215,367,0,0,0.6913262329332079,0.6916037053768397,0.0002774724436317433
764,ATT,1217,2578,0,0,0.7724403994865143,0.7726437661854707,0.00020336669895637538
765,ATT,1218,988,0,0,0.6938662039933804,0.6937841945723967,8.200942098368635e-05
766,ATT,1219,1090,0,0,0.4492982717069487,0.4493240563026058,2.578459565710789e-05
767,ATT,1221,1932,0,0,0.6241837928167493,0.6241731663587095,1.0626458039841857e-05
768,ATT,1222,2611,0,1,0.6964834914256348,0.6965092999874997,2.5808561864848478e-05
769,ATT,1223,2452,0,0,0.493715009076452,0.49367198577298105,4.302330347094596e-05
770,ATT,1224,3301,0,0,0.6055154882657091,0.6055074198946805,8.068371028624455e-06
771,ATT,1225,3853,0,0,0.5969419182250053,0.5971753169983874,0.00023339877338213189
772,ATT,1226,575,1,0,0.3349344199049464,0.3355592083423609,0.0006247884374145363
773,ATT,1227,159,0,1,0.7212175784375667,0.7212422698642493,2.469142668259927e-05
774,ATT,1228,789,1,1,0.827094381680169,0.8276485100639438,0.0005541283837747768
775,ATT,1229,487,0,0,0.6162481920475128,0.6161933954963126,5.47965512002202e-05
776,ATT,1230,891,0,1,0.8061270831016552,0.8056740379588859,0.00045304514276922614
777,ATT,1232,1216,0,0,0.5469485522632664,0.5469045787219274,4.397354133900411e-05
778,ATT,1234,679,1,0,0.8733708635079724,0.8677522286562075,0.005618634851764948
779,ATT,1236,1813,0,0,0.7022341437886269,0.7026796643401482,0.00044552055152125014
780,ATT,1237,3505,0,1,0.637408712791525,0.6372774296258431,0.0001312831656818947
781,ATT,1238,262,0,0,0.7371712353376301,0.7375170128484465,0.00034577751081643626
782,ATT,1240,3062,0,1,0.7786199871568309,0.7781281296824616,0.000491857474369306
783,ATT,1241,1418,0,0,0.4499719381085976,0.44986348964726525,0.00010844846133234443
784,ATT,1243,640,0,0,0.5040525800187486,0.504181258260795,0.0001286782420463206
785,ATT,1244,2515,0,0,0.5236565185962406,0.5235864367128228,7.00818834178385e-05
786,ATT,1245,2023,0,0,0.7636603327471396,0.7636557231533242,4.609593815430024e-06
787,ATT,1247,687,0,0,0.37805343265978586,0.3783058216174914,0.0002523889577055183
788,ATT,1251,1064,0,0,0.6119333825972112,0.6119849080023964,5.152540518515991e-05
789,ATT,1252,750,0,0,0.3535192715012381,0.35329860421230164,0.00022066728893643806
790,ATT,1253,1516,0,1,0.8168572764989482,0.817078516430118,0.00022123993116973661
791,ATT,1254,3336,0,0,0.7074953545459691,0.7074600787263138,3.5275819655344876e-05
792,ATT,1255,1339,0,0,0.789143183633842,0.7891663808483871,2.3197214545134237e-05
793,ATT,1257,1756,0,0,0.6037168404595303,0.6036437024329714,7.313802655894985e-05
794,ATT,1258,1012,0,0,0.7264257067567134,0.7260490050928853,0.0003767016638280829
795,ATT,1259,1142,0,0,0.656408576379061,0.656386338287508,2.2238091552995165e-05
796,ATT,1260,1953,0,0,0.5641306139308053,0.5642241843069347,9.357037612933716e-05
797,ATT,1261,742,0,1,0.7495313682552247,0.7494875619723499,4.380628287481425e-05
798,ATT,1262,1846,0,0,0.6771817462443076,0.677299522571191,0.00011777632688336759
799,ATT,1263,2894,0,1,0.6852631468543379,0.6852070622553381,5.608459899975049e-05
800,ATT,1264,418,1,0,0.7348501236630324,0.7348665326609055,1.6408997873140763e-05
801,ATT,1269,1339,0,0,0.7891211816784448,0.7891663808483871,4.519916994227824e-05
802,ATT,1271,1756,0,0,0.6036227735416154,0.6036437024329714,2.092889135596465e-05
803,ATT,1273,2847,0,0,0.5925704171291878,0.5924412283676123,0.00012918876157552717
804,ATT,1274,2209,0,0,0.7445698137138234,0.744914542365128,0.0003447286513046377
805,ATT,1275,1026,0,1,0.7552315750881922,0.7552592920315239,2.7716943331701493e-05
806,ATT,1276,2662,0,0,0.511922165356058,0.5120556238971555,0.00013345854109758637
807,ATT,1279,161,0,0,0.7460039590242599,0.7463330930437915,0.00032913401953160726
808,ATT,1281,2175,0,0,0.32781119308107387,0.3274728238925589,0.00033836918851498643
809,ATT,1282,2244,0,0,0.4340993848150035,0.43434054692757057,0.00024116211256708375
810,ATT,1283,893,0,0,0.646607093809122,0.6467896995390093,0.0001826057298873751
811,ATT,1284,3837,0,0,0.5306273374929353,0.530720918864069,9.358137113368858e-05
812,ATT,1286,2825,0,1,0.705976169062012,0.7059576201539776,1.8548908034432543e-05
813,ATT,1287,2504,0,0,0.7864091234723596,0.7864010460208235,8.077451536081526e-06
814,ATT,1289,1172,0,1,0.8096958535396045,0.8091495462583923,0.0005463072812121883
815,ATT,1291,412,0,0,0.6087870126305369,0.6088198023292964,3.278969875952775e-05
816,ATT,1292,742,1,1,0.7494848592188935,0.7494875619723499,2.702753456373941e-06
817,ATT,1293,869,0,0,0.6622505727115154,0.6618949243263864,0.00035564838512902597
818,ATT,1294,836,0,0,0.761430705199649,0.7614344652338431,3.760034194111306e-06
819,ATT,1295,2693,0,0,0.6616186015107653,0.6616208791308302,2.277620064883301e-06
820,ATT,1296,145,0,0,0.5887320337512024,0.5886256369260184,0.0001063968251839853
821,ATT,1297,3177,0,1,0.6428177376950805,0.6429939644437299,0.00017622674864936627
822,ATT,1298,2169,0,1,0.7204191312973585,0.7205874965645048,0.00016836526714636424
823,ATT,1300,2595,1,0,0.7618696603239362,0.7616686566333613,0.00020100369057496348
824,ATT,1302,1393,1,0,0.5080328400140676,0.5075419498574762,0.0004908901565913171
825,ATT,1306,2336,0,0,0.6745394222778506,0.674545965940075,6.543662224411939e-06
826,ATT,1307,1604,0,0,0.5372078756435226,0.5370900575688656,0.00011781807465693905
827,ATT,1309,2922,1,0,0.7419281915714758,0.7419736683914618,4.5476819986012273e-05
828,ATT,1310,3433,0,0,0.9500692542448406,0.886948305995866,0.06312094824897452
829,ATT,1311,3203,1,0,0.7393908329558074,0.7395082693933922,0.00011743643758477251
830,ATT,1314,1134,0,1,0.6497717689266779,0.6496378337486503,0.00013393517802762211
831,ATT,1315,1256,1,1,0.6797080589639756,0.6797701240110665,6.20650470909423e-05
832,ATT,1318,852,0,0,0.5062043618826484,0.5063819196250536,0.00017755774240524325
833,ATT,1319,1779,0,0,0.6895788767741938,0.6898123043745255,0.00023342760033162602
834,ATT,1320,337,0,0,0.6540574719812237,0.6540325434205169,2.4928560706793945e-05
835,ATT,1321,583,0,0,0.6388773020840011,0.6389869868716078,0.00010968478760675637
836,ATT,1322,2968,0,0,0.48737635691654224,0.4873774345450209,1.0776284786739865e-06
837,ATT,1323,2298,0,1,0.6519285700840937,0.6523179163897911,0.00038934630569742446
838,ATT,1326,2703,0,1,0.5928855870890153,0.5927173881999537,0.0001681988890616104
839,ATT,1328,1032,0,1,0.8553983995446658,0.8597704095903379,0.0043720100456721145
840,ATT,1329,2636,0,1,0.5785033863642353,0.578702581376227,0.0001991950119917263
841,ATT,1331,3647,1,0,0.5857235867543805,0.5854752755453239,0.00024831120905666193
842,ATT,1333,3133,0,0,0.4852319857620571,0.4853429915477968,0.00011100578573969289
843,ATT,1334,3390,0,0,0.6432142150683123,0.6433333283597433,0.00011911329143099447
844,ATT,1336,2468,0,1,0.706209545812483,0.7061307833742286,7.876243825433171e-05
845,ATT,1337,1392,0,1,0.5706000239143133,0.5706346284014694,3.460448715608688e-05
846,ATT,1338,36,0,0,0.6605796828764752,0.6603432180100832,0.00023646486639194997
847,ATT,1340,3388,0,0,0.6518680116934752,0.6515062614760083,0.00036175021746687186
848,ATT,1341,2482,0,0,0.532529039289737,0.5323810464472271,0.0001479928425099919
849,ATT,1342,1405,0,0,0.6069699039762368,0.6068516005422391,0.00011830343399776844
850,ATT,1343,2123,0,0,0.5659128968095576,0.5659115959403803,1.3008691772675718e-06
851,ATT,1346,1599,0,1,0.7546836486471136,0.7545973154924636,8.633315465000901e-05
852,ATT,1349,3940,0,0,0.4353826259199174,0.43536911929255834,1.350662735905006e-05
853,ATT,1350,2144,0,1,0.7408366088263919,0.7413887896770471,0.0005521808506552262
854,ATT,1351,2784,0,0,0.6983071749623383,0.6984222551366291,0.00011508017429084916
855,ATT,1352,3912,0,0,0.7232540142855086,0.7231038220654499,0.00015019222005874244
856,ATT,1353,1805,0,0,0.8225199460480863,0.8230608920014896,0.0005409459534032601
857,ATT,1356,3831,1,0,0.6113745992408213,0.6110693848776751,0.0003052143631461224
858,ATT,1357,2336,0,0,0.6747357416766969,0.674545965940075,0.00018977573662193326
859,ATT,1358,3465,1,0,0.6925183132736717,0.6927440202742554,0.00022570700058366366
860,ATT,1360,398,0,0,0.3406541413010025,0.3388788018239875,0.0017753394770150255
861,ATT,1361,2569,0,0,0.7029202497505846,0.7030016049611529,8.13552105682902e-05
862,ATT,1363,2400,0,0,0.6077894827591265,0.6075834684636428,0.00020601429548372518
863,ATT,1364,2123,0,0,0.5657035562566295,0.5659115959403803,0.00020803968375082693
864,ATT,1366,1383,0,1,0.5594884409756564,0.5596279664808179,0.00013952550516149742
865,ATT,1367,2304,0,0,0.49078869406276804,0.49095232952521906,0.00016363546245101723
866,ATT,1368,1146,0,0,0.6048477977771922,0.6048308263751632,1.697140202905345e-05
867,ATT,1369,974,0,0,0.5098416117881119,0.510008635287393,0.00016702349928110483
868,ATT,1371,2586,0,0,0.6808005471160646,0.680766771053502,3.377606256260712e-05
869,ATT,1372,41,1,0,0.6593092235159669,0.6592437886572386,6.543485872823052e-05
870,ATT,1373,49,0,1,0.5908192903027252,0.5904924314971766,0.00032685880554861324
871,ATT,1375,672,0,0,0.5224245182983176,0.5224555789322345,3.106063391689062e-05
872,ATT,1376,161,0,0,0.7462801311176093,0.7463330930437915,5.296192618220452e-05
873,ATT,1377,2732,0,0,0.6091906632639482,0.6092212100753649,3.0546811416676256e-05
874,ATT,1378,501,0,1,0.695783389225666,0.6958669855249459,8.359629927989776e-05
875,ATT,1379,558,0,1,0.6136579432891569,0.6135660906531977,9.18526359592331e-05
876,ATT,1381,3851,0,0,0.6577477661803872,0.6577869107444765,3.9144564089266254e-05
877,ATT,1382,3662,0,0,0.44005565920997136,0.4401005920568185,4.493284684714549e-05
878,ATT,1384,367,0,0,0.6914502513493542,0.6916037053768397,0.00015345402748545567
879,ATT,1386,2055,0,0,0.6212589980495999,0.6213257069959994,6.670894639948521e-05
880,ATT,1388,2482,0,0,0.5325676758416424,0.5323810464472271,0.00018662939441538295
881,ATT,1389,1705,0,0,0.46283113868825904,0.46287531653919695,4.4177850937909824e-05
882,ATT,1391,1612,0,0,0.6324991417026877,0.632522400087621,2.325838493322241e-05
883,ATT,1397,1394,0,0,0.6040293114256794,0.6040235194561842,5.79196949523908e-06
884,ATT,1398,1233,0,0,0.5418292632732399,0.5417587008971829,7.056237605695959e-05
885,ATT,1399,470,0,0,0.46682195021520156,0.46682645844132326,4.508226121691106e-06
886,ATT,1400,1280,1,1,0.6889127724240143,0.6886890714521614,0.0002237009718528693
887,ATT,1401,357,0,1,0.6989376542070144,0.6989397695101367,2.1153031223297702e-06
888,ATT,1402,413,0,0,0.4332561270506312,0.4330115083742296,0.00024461867640163115
889,ATT,1403,2221,0,0,0.7209281405601556,0.7210504735663462,0.00012233300619057808
890,ATT,1406,2796,0,0,0.4156240220882775,0.4160581246279252,0.0004341025396477072
891,ATT,1407,2783,0,0,0.7853551276688752,0.7850358000304986,0.0003193276383766097
892,ATT,1409,3756,1,1,0.7290444185727164,0.7293820519521982,0.0003376333794817832
893,ATT,1411,869,0,0,0.6619668646706935,0.6618949243263864,7.194034430713092e-05
894,ATT,1413,735,0,0,0.5554675879573667,0.5553509583799174,0.00011662957744928981
895,ATT,1414,934,1,0,0.6194087535015599,0.6195732557407082,0.00016450223914832307
896,ATT,1416,1131,0,0,0.5404988068362157,0.5406392277012453,0.00014042086502963347
897,ATT,1419,1716,0,1,0.7215023350179893,0.7213302353006098,0.00017209971737952579
898,ATT,1423,3699,0,0,0.5242795466925826,0.5242874271925722,7.880499989565415e-06
899,ATT,1426,2640,0,0,0.6122035642243528,0.6122187862828272,1.5222058474373412e-05
900,ATT,1427,1617,1,0,0.8529894656088304,0.8505293203135869,0.002460145295243521
901,ATT,1428,679,1,0,0.8638467424841215,0.8677522286562075,0.00390548617208597
902,ATT,1429,1347,1,1,0.7789460842186972,0.7794708143019976,0.0005247300833004509
903,ATT,1430,2778,1,1,0.7334430476236812,0.7330684061572742,0.0003746414664069775
904,ATT,1431,1116,0,0,0.6670802092107814,0.6670210124739131,5.9196736868272204e-05
905,ATT,1432,891,0,1,0.8055782490422985,0.8056740379588859,9.578891658745814e-05
906,ATT,1434,2296,1,1,0.7096021492526209,0.7095088225185937,9.332673402717706e-05
907,ATT,1435,3233,0,0,0.4871886282859127,0.4871802606884331,8.36759747957494e-06
908,ATT,1438,890,0,1,0.5498865246352255,0.5499796382577917,9.311362256625433e-05
909,ATT,1441,1910,0,0,0.7743436929084326,0.7743624938703456,1.8800961912979197e-05
910,ATT,1443,2742,0,0,0.457699005152146,0.4579741802030209,0.00027517505087487626
911,ATT,1444,836,0,0,0.7607931908887298,0.7614344652338431,0.0006412743451132963
912,ATT,1445,642,0,0,0.8033844140176745,0.8034795203734412,9.510635576670534e-05
913,ATT,1447,1829,0,0,0.7183683219136618,0.71839147514041,2.3153226748173772e-05
914,ATT,1449,2521,0,1,0.6057134251136126,0.605816233082322,0.00010280796870942854
915,ATT,1450,399,0,0,0.6789855933221097,0.679124031927035,0.00013843860492523952
916,ATT,1451,2838,0,0,0.574497897627933,0.5745573138290545,5.9416201121487155e-05
917,ATT,1453,2840,0,0,0.7235591724335643,0.7235668457995388,7.67336597451429e-06
918,ATT,1454,3822,0,0,0.6359943401924703,0.6361963325712031,0.00020199237873286258
919,ATT,1456,176,0,0,0.4763399035404322,0.4763924473141995,5.254377376728847e-05
920,ATT,1457,1716,1,1,0.7213061628477685,0.7213302353006098,2.4072452841306102e-05
921,ATT,1458,2705,0,0,0.597742755135692,0.5978308860477426,8.813091205062129e-05
922,ATT,1459,1424,0,0,0.7917872495836844,0.7916006086468019,0.00018664093688247618
923,ATT,1460,375,0,0,0.6508463574194251,0.6507812007894218,6.515663000328242e-05
924,ATT,1461,3278,0,0,0.7282143984670624,0.7281353254927105,7.90729743518348e-05
925,ATT,1462,963,0,1,0.7473455674463295,0.7475930328471774,0.0002474654008478572
926,ATT,1464,1613,0,0,0.4476596291739735,0.4476245144357317,3.511473824180378e-05
927,ATT,1466,2969,0,0,0.7159531160688407,0.7159036728379411,4.944323089961511e-05
928,ATT,1467,2437,0,0,0.6097750034882439,0.6098651158927283,9.011240448442148e-05
929,ATT,1468,83,0,0,0.6175848946774656,0.6176190838638445,3.418918637887458e-05
930,ATT,1469,1612,0,0,0.6323058484282863,0.632522400087621,0.0002165516593346517
931,ATT,1470,3291,0,0,0.49161427514240275,0.4914869679479639,0.00012730719443881933
932,ATT,1472,1795,0,1,0.7171633928893274,0.717122390542645,4.100234668236169e-05
933,ATT,1473,3460,0,0,0.5808221654662774,0.5808012955937619,2.0869872515483223e-05
934,ATT,1475,1612,0,0,0.6325432478718566,0.632522400087621,2.08477842356114e-05
935,ATT,1479,607,0,1,0.7536460392271149,0.7534311888144605,0.00021485041265445481
936,ATT,1481,1270,0,0,0.4257269274806859,0.4257616884246762,3.476094399029739e-05
937,ATT,1482,2578,0,0,0.7724883962361271,0.7726437661854707,0.00015536994934362003
938,ATT,1483,3546,0,1,0.7542036014503394,0.754155100794099,4.850065624040223e-05
939,ATT,1484,3388,0,0,0.6515461755941224,0.6515062614760083,3.9914118114103836e-05
940,ATT,1485,332,0,0,0.46053641300333725,0.46050698517783606,2.9427825501193716e-05
941,ATT,1486,2714,0,1,0.6126551450098952,0.6128858689340152,0.0002307239241200465
942,ATT,1487,1603,0,0,0.5356727472054121,0.5355967983123666,7.594889304551877e-05
943,ATT,1488,1536,0,0,0.6973915204522466,0.697659859694264,0.00026833924201741244
944,ATT,1489,2032,1,1,0.8007379353202864,0.8010504191287919,0.00031248380850557034
945,ATT,1490,3967,0,0,0.5505109610117042,0.5505335612076931,2.260019598898655e-05
946,ATT,1491,50,0,1,0.8046504654896063,0.8044188650137186,0.00023160047588766108
947,ATT,1492,1142,0,0,0.656680921536975,0.656386338287508,0.000294583249466962
948,ATT,1495,3398,0,0,0.5873491533679558,0.5873304916729662,1.866169498954129e-05
949,ATT,1496,638,0,0,0.49016088108803857,0.49010979008244393,5.109100559463897e-05
950,ATT,1497,2692,1,0,0.5026918618395015,0.5024465220379921,0.00024533980150942547
951,ATT,1499,22,0,0,0.6960407998309467,0.6959832142193004,5.7585611646260304e-05
952,ATT,1500,893,1,0,0.6467803220575707,0.6467896995390093,9.377481438588298e-06
953,ATT,1502,3756,0,1,0.7291905366839848,0.7293820519521982,0.0001915152682133714
954,ATT,1504,3529,0,0,0.3895310463710309,0.3884621971278895,0.0010688492431414343
955,ATT,1506,1412,0,0,0.7069020755433971,0.7068523321271644,4.974341623276146e-05
956,ATT,1507,668,0,0,0.6452085809732485,0.6452338131683406,2.523219509209529e-05
957,ATT,1508,1327,1,0,0.722620828774714,0.7224898557041272,0.00013097307058684837
958,ATT,1509,2518,0,1,0.7584153396601635,0.758300095499347,0.0001152441608165411
959,ATT,1512,22,0,0,0.6959727572717311,0.6959832142193004,1.045694756929283e-05
960,ATT,1513,3910,1,0,0.6715844921011029,0.6710832402193521,0.0005012518817508749
961,ATT,1514,357,1,1,0.69899702687732,0.6989397695101367,5.725736718331653e-05
962,ATT,1515,1452,1,0,0.42464976436313423,0.42495288054986424,0.0003031161867300125
963,ATT,1521,353,1,1,0.8189636659659134,0.8188338164119593,0.00012984955395412
964,ATT,1522,2975,0,0,0.7683985980351996,0.7682106173766852,0.00018798065851444168
965,ATT,1523,1636,0,0,0.601610281662322,0.6017998678563562,0.00018958619403419696
966,ATT,1524,3959,0,0,0.4722506878160278,0.4719509052971885,0.00029978251883927554
967,ATT,1525,3332,0,1,0.583657992945565,0.5837995201569653,0.00014152721140037183
968,ATT,1527,948,1,0,0.7066224780359518,0.7066033604872,1.911754875183469e-05
969,ATT,1529,3910,0,0,0.6708198288034073,0.6710832402193521,0.0002634114159447698
970,ATT,1531,2511,0,0,0.7335733670440711,0.7338498271971312,0.00027646015306015403
971,ATT,1534,735,0,0,0.5553501056912188,0.5553509583799174,8.526886986492954e-07
972,ATT,1535,57,0,0,0.6008756871338492,0.6010201014426808,0.00014441430883160855
973,ATT,1537,480,1,0,0.6165113329085202,0.6163200285336184,0.00019130437490177954
974,ATT,1540,1874,0,0,0.4415074702396305,0.4414108950428663,9.657519676420367e-05
975,ATT,1541,2781,0,0,0.500280986194288,0.5005569607610812,0.00027597456679329113
976,ATT,1542,3363,0,0,0.6382058891522188,0.6382027533473276,3.135804891196692e-06
977,ATT,1543,3224,1,0,0.7257231215392038,0.7260437249123654,0.0003206033731615321
978,ATT,1545,3928,1,1,0.6756817969910912,0.6757759597718362,9.416278074503293e-05
979,ATT,1546,2607,0,0,0.44161962759920614,0.4418176139296877,0.00019798633048156988
980,ATT,1547,3799,0,1,0.8416170640191849,0.8381627429009066,0.0034543211182782585
981,ATT,1548,1572,0,1,0.7452291794806769,0.7449745193704648,0.00025466011021213486
982,ATT,1551,440,0,1,0.7764787729164205,0.776353236473818,0.00012553644260249186
983,ATT,1553,3552,0,0,0.624604769396857,0.6244326445972351,0.00017212479962191995
984,ATT,1554,2849,1,0,0.7658531005690365,0.7657290610971907,0.00012403947184580488
985,ATT,1555,1736,0,0,0.7384803295373953,0.7383659276929311,0.00011440184446420698
986,ATT,1556,2783,0,0,0.7851446878880151,0.7850358000304986,0.0001088878575165042
987,ATT,1557,3078,0,1,0.7578447356820985,0.7578270184151645,1.7717266934003106e-05
988,ATT,1558,768,0,1,0.6700177648202308,0.6699767596597869,4.1005160443918776e-05
989,ATT,1559,2102,1,1,0.5895075334419931,0.589496386146089,1.1147295904123666e-05
990,ATT,1560,603,0,1,0.7031738889096181,0.7030595352737871,0.00011435363583101044
991,ATT,1561,173,0,1,0.6446445682612681,0.6447571764263695,0.00011260816510139104
992,ATT,1563,3928,0,1,0.6756610089077475,0.6757759597718362,0.00011495086408874755
993,ATT,1565,107,0,0,0.5532518244671548,0.5532604533203358,8.628853180980833e-06
994,ATT,1566,2389,0,0,0.665667823222129,0.6655853745383035,8.244868382556447e-05
995,ATT,1570,3278,0,0,0.728370609659202,0.7281353254927105,0.00023528416649143402
996,ATT,1571,3732,1,0,0.8259437899413283,0.8253878611246578,0.0005559288166705478
997,ATT,1573,676,0,0,0.6783881788890475,0.6784515992749384,6.342038589091104e-05
998,ATT,1574,1718,0,1,0.6992922105023147,0.6993116170013335,1.940649901877034e-05
999,ATT,1576,2213,0,0,0.5769252213916092,0.5769071871906758,1.803420093338115e-05
1000,ATT,1577,973,0,1,0.8374194614199575,0.8375359599997234,0.00011649857976592237
1001,ATT,1579,930,1,0,0.6942174729754274,0.6941505223849024,6.695059052497232e-05
1002,ATT,1580,3612,0,1,0.774065920204589,0.7739631825411215,0.00010273766346746704
1003,ATT,1581,2804,0,0,0.5883756257653532,0.5883662025992529,9.423166100308578e-06
1004,ATT,1582,3899,1,0,0.6151829090911667,0.6149606069659921,0.00022230212517460046
1005,ATT,1583,2298,0,1,0.6519276927671515,0.6523179163897911,0.0003902236226396294
1006,ATT,1584,855,0,0,0.6919594719535682,0.6917040535429677,0.0002554184106005053
1007,ATT,1586,3139,0,0,0.4356249222216299,0.4356499526096362,2.5030388006275217e-05
1008,ATT,1587,836,0,0,0.7609676499846983,0.7614344652338431,0.00046681524914471417
1009,ATT,1590,3889,0,0,0.4075682446245171,0.40761539066241675,4.7146037899681303e-05
1010,ATT,1592,1505,0,0,0.38207616823736645,0.38207169842214184,4.46981522461698e-06
1011,ATT,1593,2593,0,1,0.6625825604446736,0.6630491808179594,0.00046662037328581984
1012,ATT,1594,353,0,1,0.8190878093753501,0.8188338164119593,0.00025399296339079225
1013,ATT,1595,164,0,0,0.5031476483702607,0.5033484513312195,0.00020080296095881245
1014,ATT,1596,198,1,1,0.6537546437034127,0.6538390489577873,8.440525437458657e-05
1015,ATT,1597,642,0,0,0.8032912076406228,0.8034795203734412,0.00018831273281838534
1016,ATT,1600,2947,0,0,0.3833103210484029,0.3840766221043353,0.0007663010559323946
1017,ATT,1602,2292,1,0,0.6177881535585338,0.6178124245225372,2.4270964003370032e-05
1018,ATT,1606,102,1,1,0.7987927202167222,0.7987333159547497,5.9404261972484385e-05
1019,ATT,1608,1,0,0,0.6058689312576477,0.6059174912221097,4.8559964461958316e-05
1020,ATT,1609,3197,0,0,0.5773704019417223,0.5772637268434664,0.00010667509825590393
1021,ATT,1610,2196,0,0,0.6272640535981566,0.6271228919034709,0.0001411616946856986
1022,ATT,1611,1783,0,0,0.4983597862978562,0.4982443184733534,0.0001154678245028351
1023,ATT,1616,3899,0,0,0.6151762606356268,0.6149606069659921,0.00021565366963471888
1024,ATT,1619,2305,0,0,0.5082493609674728,0.508603498809417,0.00035413784194426867
1025,ATT,1620,192,1,0,0.7688764534219664,0.7689917285261123,0.00011527510414588438
1026,ATT,1622,1004,0,0,0.44627726410397195,0.44617066689328744,0.00010659721068451145
1027,ATT,1623,408,0,0,0.5914190455723438,0.5913624028276675,5.664274467631625e-05
1028,ATT,1624,1603,0,0,0.5355123933932182,0.5355967983123666,8.440491914840642e-05
1029,ATT,1626,2731,0,0,0.6246262936972651,0.6248003572359389,0.00017406353867377433
1030,ATT,1628,3278,0,0,0.7280539496911427,0.7281353254927105,8.137580156786228e-05
1031,ATT,1629,1516,0,1,0.816251771670807,0.817078516430118,0.0008267447593109933
1032,ATT,1630,1158,0,0,0.683707843878897,0.6837078833597993,3.9480902214172886e-08
1033,ATT,1631,380,0,0,0.6412859396805466,0.641121336082837,0.00016460359770964494
1034,ATT,1633,1910,0,0,0.7744053077917442,0.7743624938703456,4.2813921398598964e-05
1035,ATT,1634,2636,0,1,0.5784056376004537,0.578702581376227,0.0002969437757732729
1036,ATT,1637,1632,0,1,0.6953780711015926,0.6953543425631395,2.3728538453005044e-05
1037,ATT,1638,1172,0,1,0.8082790635041966,0.8091495462583923,0.0008704827541956561
1038,ATT,1641,749,0,0,0.4178716125992527,0.41774925269209984,0.00012235990715286915
1039,ATT,1642,869,0,0,0.6621392515049381,0.6618949243263864,0.0002443271785517176
1040,ATT,1643,2645,0,0,0.6904094101271895,0.6904249169650716,1.5506837882095503e-05
1041,ATT,1645,979,1,0,0.7671540648199031,0.7671955749552195,4.151013531639158e-05
1042,ATT,1646,237,0,1,0.7600752852902678,0.7599324554441153,0.0001428298461525479
1043,ATT,1647,3379,0,0,0.5897721658617762,0.5897783478398532,6.18197807700227e-06
1044,ATT,1649,3799,0,1,0.8397935357288361,0.8381627429009066,0.0016307928279294392
1045,ATT,1651,2936,0,0,0.7071967083408077,0.7071782315630841,1.8476777723597237e-05
1046,ATT,1654,1347,1,1,0.7801308659319033,0.7794708143019976,0.000660051629905678
1047,ATT,1656,2969,1,0,0.7161126282053124,0.7159036728379411,0.0002089553673713107
1048,ATT,1657,146,1,0,0.7112209204758795,0.7114040067768477,0.00018308630096819378
1049,ATT,1658,1618,0,1,0.5408944237400755,0.5407609126422216,0.00013351109785386672
1050,ATT,1659,2670,0,0,0.36978564777511946,0.37021494074785954,0.0004292929727400807
1051,ATT,1660,3942,1,1,0.6585379510402541,0.6582831235634392,0.0002548274768149339
1052,ATT,1661,3342,0,0,0.7178207139274309,0.7177436289899157,7.708493751512613e-05
1053,ATT,1662,3546,1,1,0.7542696488805415,0.754155100794099,0.00011454808644251191
1054,ATT,1663,278,0,0,0.6120489754756162,0.6121010270205866,5.205154497034403e-05
1055,ATT,1664,2701,0,0,0.4948296377375103,0.4948135874529892,1.6050284521118563e-05
1056,ATT,1666,1278,1,0,0.8219958372058129,0.8212339995483013,0.0007618376575115882
1057,ATT,1667,306,1,0,0.5490398940371044,0.5490844768287308,4.4582791626446294e-05
1058,ATT,1668,76,0,0,0.6229397572330031,0.6229926358168479,5.287858384483979e-05
1059,ATT,1669,2877,1,0,0.6659633974560857,0.6662310067947901,0.00026760933870439985
1060,ATT,1671,1503,1,0,0.7325547820862344,0.7328239175612142,0.0002691354749798647
1061,ATT,1673,103,0,0,0.30765033552299026,0.3072839245277487,0.00036641099524153953
1062,ATT,1675,415,0,0,0.4879940215450078,0.48778337213137174,0.00021064941363607703
1063,ATT,1676,3301,1,0,0.6055169126723416,0.6055074198946805,9.492777661157525e-06
1064,ATT,1677,2335,0,0,0.6087119493968633,0.6086568806136823,5.5068783181067005e-05
1065,ATT,1678,3278,0,0,0.7285413620060384,0.7281353254927105,0.0004060365133278232
1066,ATT,1679,1705,1,0,0.4630293003394702,0.46287531653919695,0.00015398380027326075
1067,ATT,1681,1345,0,0,0.7969919094244244,0.7963556161122961,0.0006362933121283332
1068,ATT,1683,1589,0,0,0.7054281675015756,0.7056974474967265,0.00026927999515091727
1069,ATT,1684,1544,0,1,0.6952080552592881,0.6950899684527984,0.00011808680648972558
1070,ATT,1685,3898,0,1,0.6289147161925743,0.6289029121671099,1.1804025464412504e-05
1071,ATT,1686,3557,1,0,0.6414837548559001,0.6417234339745872,0.00023967911868705283
1072,ATT,1687,2728,1,0,0.5764690285265803,0.5763229692986254,0.0001460592279549644
1073,ATT,1690,2323,0,0,0.6026645013145546,0.6026655728174838,1.071502929161916e-06
1074,ATT,1691,429,0,0,0.642295597450215,0.6421695286097042,0.0001260688405108068
1075,ATT,1692,3550,1,0,0.7441662201887225,0.7440126911203848,0.00015352906833765445
1076,ATT,1695,2335,1,0,0.6084835456935662,0.6086568806136823,0.00017333492011606388
1077,ATT,1696,3450,0,1,0.580281591094138,0.5803182099585414,3.661886440342599e-05
1078,ATT,1697,1886,0,0,0.6281769817924117,0.6281929261162373,1.5944323825678453e-05
1079,ATT,1699,3124,0,1,0.5870533326180071,0.5870348904959487,1.8442122058370813e-05
1080,ATT,1701,2407,0,1,0.5299942822733155,0.5298206306014266,0.00017365167188887476
1081,ATT,1704,949,1,0,0.6401415351925737,0.6402194161875533,7.788099497962886e-05
1082,ATT,1707,1009,0,1,0.6680264660416486,0.6681612227744029,0.00013475673275431532
1083,ATT,1708,914,0,0,0.7108906861548817,0.7109754992023584,8.481304747665064e-05
1084,ATT,1709,3263,1,1,0.7250175632109567,0.7250950751751457,7.75119641890365e-05
1085,ATT,1710,678,0,0,0.5259625845360673,0.5257304781005072,0.00023210643556004218
1086,ATT,1711,2488,0,0,0.4761125774331895,0.4760868286775312,2.574875565830581e-05
1087,ATT,1712,3853,0,0,0.59703215404525,0.5971753169983874,0.00014316295313743232
1088,ATT,1713,355,1,0,0.5130106837142696,0.5132694364201776,0.00025875270590802746
1089,ATT,1714,3910,0,0,0.6710668544596307,0.6710832402193521,1.6385759721404547e-05
1090,ATT,1715,3796,0,0,0.7570403879894914,0.7569896181775241,5.0769811967277256e-05
1091,ATT,1717,1347,0,1,0.7788496851751809,0.7794708143019976,0.0006211291268166663
1092,ATT,1720,1807,0,0,0.5492091054995456,0.5492664218400962,5.7316340550617184e-05
1093,ATT,1722,679,0,0,0.8733816006819769,0.8677522286562075,0.005629372025769408
1094,ATT,1723,2335,0,0,0.6085914594183703,0.6086568806136823,6.542119531194324e-05
1095,ATT,1724,3170,0,0,0.714232400467179,0.7141943593569009,3.8041110278053125e-05
1096,ATT,1725,1920,0,0,0.793594320379547,0.7940306345924816,0.0004363142129345521
1097,ATT,1726,2033,0,0,0.7594638884286237,0.7594751253097909,1.1236881167220325e-05
1098,ATT,1729,2123,0,0,0.5655747139172477,0.5659115959403803,0.00033688202313264526
1099,ATT,1731,841,0,1,0.6463058973815179,0.6463792680627964,7.337068127855062e-05
1100,ATT,1732,3667,0,0,0.6694142411428492,0.6692258761725484,0.0001883649703008361
1101,ATT,1733,1805,0,0,0.8227969697507123,0.8230608920014896,0.00026392225077731535
1102,ATT,1735,2144,1,1,0.7412843481960877,0.7413887896770471,0.0001044414809594496
1103,ATT,1739,2624,1,1,0.7622921118213033,0.7622853897913338,6.72202996954141e-06
1104,ATT,1740,3868,0,0,0.5422667416956473,0.5421237605510838,0.00014298114456345878
1105,ATT,1742,723,0,0,0.6874762157060561,0.6872742759706792,0.00020193973537685483
1106,ATT,1743,2604,0,1,0.7653808036452585,0.765312190719454,6.861292580451206e-05
1107,ATT,1744,78,0,1,0.6781018095593915,0.6781042936547945,2.484095403043618e-06
1108,ATT,1746,3925,0,0,0.4750972264320694,0.4747869952361726,0.00031023119589679293
1109,ATT,1747,1064,0,0,0.6119545217966038,0.6119849080023964,3.038620579254303e-05
1110,ATT,1748,621,0,1,0.5167823664748421,0.5170237577115357,0.00024139123669364437
1111,ATT,1749,1266,0,0,0.727433470463572,0.7276219508638215,0.0001884804002495466
1112,ATT,1750,223,0,1,0.790923232576697,0.7911287368576575,0.0002055042809604446
1113,ATT,1751,3212,0,0,0.4043638269054942,0.4047315999494017,0.0003677730439075044
1114,ATT,1752,265,0,0,0.7245230973668735,0.724858594236298,0.00033549686942446755
1115,ATT,1753,2450,1,1,0.6883906689317023,0.688409279104098,1.86101723956833e-05
1116,ATT,1754,2400,0,0,0.607589709666718,0.6075834684636428,6.241203075241231e-06
1117,ATT,1755,3962,0,0,0.5384550406830192,0.5387587345456464,0.0003036938626271857
1118,ATT,1757,3004,0,0,0.799389471755449,0.7993105524156654,7.891933978365628e-05
1119,ATT,1758,1727,0,0,0.5441919629767379,0.5444343619971884,0.0002423990204505344
1120,ATT,1759,3557,0,0,0.641471027880557,0.6417234339745872,0.00025240609403021086
1121,ATT,1760,2792,0,0,0.6963492812408572,0.6963428866923651,6.394548492050234e-06
1122,ATT,1763,974,0,0,0.5102796092005435,0.510008635287393,0.00027097391315045183
1123,ATT,1764,808,0,1,0.7001354994227493,0.7003138538099334,0.00017835438718405427
1124,ATT,1765,2731,0,0,0.6248408931303887,0.6248003572359389,4.0535894449855725e-05
1125,ATT,1766,2305,0,0,0.5082437505323343,0.508603498809417,0.0003597482770827387
1126,ATT,1767,1503,0,0,0.7326684433037945,0.7328239175612142,0.00015547425741968546
1127,ATT,1769,501,0,1,0.6956865325266801,0.6958669855249459,0.00018045299826574546
1128,ATT,1770,988,0,0,0.693666572885114,0.6937841945723967,0.0001176216872826874
1129,ATT,1771,2975,1,0,0.7683266850225378,0.7682106173766852,0.0001160676458525911
1130,ATT,1773,170,0,1,0.4704822132680981,0.47029762429295796,0.00018458897514012085
1131,ATT,1774,2696,0,0,0.5775396140390053,0.5776904288672929,0.00015081482828760429
1132,ATT,1775,337,0,0,0.6541827383410128,0.6540325434205169,0.00015019492049594962
1133,ATT,1777,3546,0,1,0.7543461106877999,0.754155100794099,0.00019100989370091082
1134,ATT,1780,236,0,0,0.6537204821539043,0.653655065219272,6.541693463235632e-05
1135,ATT,1782,985,0,0,0.7039406213891617,0.7040782345061678,0.0001376131170061079
1136,ATT,1784,2336,0,0,0.6749116279638904,0.674545965940075,0.00036566202381538293
1137,ATT,1786,3667,0,0,0.6691064278806813,0.6692258761725484,0.00011944829186705253
1138,ATT,1787,1032,0,1,0.8574724987629802,0.8597704095903379,0.002297910827357752
1139,ATT,1788,893,0,0,0.6466131821378046,0.6467896995390093,0.00017651740120472326
1140,ATT,1789,221,0,0,0.5638514724866939,0.5637256559358278,0.0001258165508660758
1141,ATT,1790,1526,0,0,0.6395965423169749,0.6397124216011432,0.0001158792841682299
1142,ATT,1791,1875,0,0,0.5103378179558138,0.5105687722206598,0.00023095426484598391
1143,ATT,1793,563,1,0,0.6571024209540478,0.6570278797537435,7.45412003042567e-05
1144,ATT,1794,2169,0,1,0.7202260001605766,0.7205874965645048,0.0003614964039282409
1145,ATT,1796,1899,0,1,0.4684565291969324,0.46841717603963623,3.935315729619582e-05
1146,ATT,1798,2836,0,0,0.6864058140027806,0.6867729884969747,0.0003671744941941002
1147,ATT,1799,3001,0,0,0.6368446249732047,0.6368747873518519,3.016237864716942e-05
1148,ATT,1800,521,0,0,0.6298632331552874,0.6298512948541094,1.1938301177960575e-05
1149,ATT,1801,1345,0,0,0.7965805744045712,0.7963556161122961,0.00022495829227509034
1150,ATT,1802,2396,0,0,0.6752308594567354,0.6754832701961956,0.0002524107394601405
1151,ATT,1803,3078,0,1,0.7579043940325688,0.7578270184151645,7.7375617404285e-05
1152,ATT,1809,1393,0,0,0.5078418933919359,0.5075419498574762,0.0002999435344596124
1153,ATT,1810,27,0,1,0.6597662959849399,0.6597714571008371,5.161115897212021e-06
1154,ATT,1811,3008,0,0,0.5153088140257805,0.5152699746854374,3.883934034309977e-05
1155,ATT,1812,2474,0,1,0.6994245839756666,0.6994662460639606,4.166208829392559e-05
1156,ATT,1814,3837,0,0,0.5307578007953538,0.530720918864069,3.688193128481565e-05
1157,ATT,1815,1516,1,1,0.8152331162040394,0.817078516430118,0.0018454002260785973
1158,ATT,1816,2120,1,0,0.35282668025794095,0.352378519864185,0.0004481603937559475
1159,ATT,1817,2389,0,0,0.6656944497534775,0.6655853745383035,0.00010907521517400376
1160,ATT,1818,3854,1,0,0.701410527741283,0.7011731432455145,0.00023738449576848897
1161,ATT,1819,2170,0,1,0.563503384949842,0.5635619913570739,5.8606407231875934e-05
1162,ATT,1820,3044,0,0,0.6426593148799545,0.6425628142430139,9.650063694066624e-05
1163,ATT,1821,1220,0,0,0.6777678954438116,0.6778885142211154,0.00012061877730384918
1164,ATT,1822,2836,0,0,0.6865023082529258,0.6867729884969747,0.0002706802440488598
1165,ATT,1823,2849,1,0,0.7656364615788596,0.7657290610971907,9.25995183311823e-05
1166,ATT,1824,236,1,0,0.6534337176284513,0.653655065219272,0.00022134759082070854
1167,ATT,1827,2209,0,0,0.7447092346213312,0.744914542365128,0.00020530774379678984
1168,ATT,1828,1969,0,0,0.41859773167817477,0.41852673625690695,7.099542126781655e-05
1169,ATT,1830,1850,0,0,0.5960672398811324,0.5958951871788666,0.0001720527022658347
1170,ATT,1831,2474,0,1,0.6994221980235852,0.6994662460639606,4.404804037538845e-05
1171,ATT,1833,3461,0,0,0.7810286132474809,0.780983717438078,4.489580940281179e-05
1172,ATT,1836,262,0,0,0.7372110393896519,0.7375170128484465,0.00030597345879457283
1173,ATT,1837,1000,0,0,0.6099468600687262,0.6099333080919336,1.3551976792647302e-05
1174,ATT,1838,3898,0,1,0.6290364237969776,0.6289029121671099,0.0001335116298676331
1175,ATT,1839,375,0,0,0.6507299131416506,0.6507812007894218,5.1287647771181e-05
1176,ATT,1840,3349,1,0,0.6481553945381648,0.6480644985885609,9.089594960398628e-05
1177,ATT,1842,373,0,1,0.730753815558593,0.7302413418348096,0.0005124737237833799
1178,ATT,1845,1511,0,0,0.5689401430442503,0.5687512266950184,0.0001889163492319046
1179,ATT,1848,265,1,0,0.7247455803785731,0.724858594236298,0.00011301385772488626
1180,ATT,1849,1239,1,0,0.678248905261203,0.6782465893730983,2.315888104620356e-06
1181,ATT,1851,807,0,1,0.7399337511868808,0.7398495391213096,8.421206557118754e-05
1182,ATT,1852,3326,0,0,0.4659008300970169,0.46578744565193925,0.00011338444507763557
1183,ATT,1854,1741,0,0,0.6261322297368324,0.6259211101305817,0.00021111960625064263
1184,ATT,1855,1278,0,0,0.8217414435638681,0.8212339995483013,0.0005074440155667936
1185,ATT,1858,2969,0,0,0.7160888867397927,0.7159036728379411,0.00018521390185155528
1186,ATT,1859,1868,0,0,0.5920064367577852,0.5918072290470886,0.0001992077106965917
1187,ATT,1860,2554,1,1,0.5693910728060544,0.5694660062669692,7.493346091480557e-05
1188,ATT,1862,558,1,1,0.6134886428704348,0.6135660906531977,7.74477827628628e-05
1189,ATT,1863,306,0,0,0.5490469450067073,0.5490844768287308,3.7531822023595396e-05
1190,ATT,1864,3680,0,0,0.6350129264923542,0.634880947843968,0.00013197864838621065
1191,ATT,1865,548,0,0,0.5631231538626349,0.5630574912473159,6.566261531903983e-05
1192,ATT,1866,2781,0,0,0.500346889713546,0.5005569607610812,0.00021007104753523187
1193,ATT,1869,2710,0,0,0.7030472540579316,0.7030580964292237,1.0842371292119068e-05
1194,ATT,1871,3859,0,0,0.48221775411383305,0.48224650041345185,2.8746299618798155e-05
1195,ATT,1873,3868,0,0,0.5421370684177738,0.5421237605510838,1.330786668995998e-05
1196,ATT,1876,337,1,0,0.6542517065457055,0.6540325434205169,0.00021916312518865944
1197,ATT,1880,3335,0,0,0.6417908185308682,0.6418068785908362,1.606005996801496e-05
1198,ATT,1881,1267,0,0,0.5017756216321485,0.5021342230609713,0.00035860142882282453
1199,ATT,1882,1813,0,0,0.7026581760129024,0.7026796643401482,2.1488327245799965e-05
1200,ATT,1883,3065,0,0,0.7490266248019182,0.7490370362319734,1.041143005520162e-05
1201,ATT,1884,2186,0,0,0.5054847524479407,0.5054170865155413,6.766593239937446e-05
1202,ATT,1885,3751,0,1,0.5888681195213983,0.5888862274911416,1.810796974333062e-05
1203,ATT,1891,2099,0,0,0.5265554219882916,0.5268341721797761,0.0002787501914844892
1204,ATT,1892,2548,1,1,0.7671212123221675,0.7670970527548798,2.4159567287629358e-05
1205,ATT,1893,3807,0,0,0.4541289090474346,0.4536688496497759,0.0004600593976586964
1206,ATT,1895,3851,0,0,0.6577152249748931,0.6577869107444765,7.168576958338502e-05
1207,ATT,1897,2821,0,1,0.769975090062461,0.7697065308836671,0.00026855917879387015
1208,ATT,1898,3489,0,0,0.746793878219114,0.7466567188671939,0.0001371593519201575
1209,ATT,1900,3966,0,0,0.32302869932504363,0.32381513123508154,0.0007864319100379102
1210,ATT,1901,2196,0,0,0.6270363356551489,0.6271228919034709,8.655624832198949e-05
1211,ATT,1902,3935,0,0,0.5160231511203298,0.516011395667292,1.1755453037776142e-05
1212,ATT,1905,3012,0,0,0.4871413221097743,0.48712383707906537,1.7485030708919158e-05
1213,ATT,1906,767,0,0,0.6108058930428568,0.6106924016869338,0.00011349135592297888
1214,ATT,1907,2220,0,0,0.45077104633961435,0.4507951532748065,2.4106935192169665e-05
1215,ATT,1912,198,1,1,0.6539193549557565,0.6538390489577873,8.03059979691545e-05
1216,ATT,1913,2336,0,0,0.6748156610979311,0.674545965940075,0.0002696951578561313
1217,ATT,1914,3854,1,0,0.7017446075896204,0.7011731432455145,0.0005714643441059319
1218,ATT,1917,2877,1,0,0.6659366122472475,0.6662310067947901,0.00029439454754254246
1219,ATT,1921,3292,0,0,0.48842485218726717,0.48839959907207003,2.525311519713247e-05
1220,ATT,1923,2518,0,1,0.7586041843469707,0.758300095499347,0.00030408884762378463
1221,ATT,1924,3433,0,0,0.8992610615299664,0.886948305995866,0.012312755534100384
1222,ATT,1926,567,0,0,0.638552662063193,0.638354155112642,0.00019850695055101397
1223,ATT,1927,3215,0,1,0.7615747647977688,0.7616209887812828,4.6223983514059874e-05
1224,ATT,1928,2045,1,1,0.7844761231143659,0.784278140311161,0.00019798280320482142
1225,ATT,1930,3332,0,1,0.5839022380013746,0.5837995201569653,0.00010271784440929466
1226,ATT,1933,580,0,1,0.44241667043657384,0.44211977748380965,0.0002968929527641939
1227,ATT,1935,3332,0,1,0.5836393467660371,0.5837995201569653,0.00016017339092821992
1228,ATT,1936,373,0,1,0.7306697457315979,0.7302413418348096,0.0004284038967883319
1229,ATT,1938,3080,0,1,0.7162205385041432,0.7164544227330699,0.00023388422892667293
1230,ATT,1939,470,0,0,0.46662585154805525,0.46682645844132326,0.00020060689326800718
1231,ATT,1941,2961,0,0,0.42092326736329794,0.4208072118241756,0.00011605553912236166
1232,ATT,1943,447,0,0,0.6845603836565528,0.6846904730848359,0.00013008942828307557
1233,ATT,1945,500,0,1,0.4189837518117043,0.41932825728026757,0.0003445054685632942
1234,ATT,1946,3200,0,0,0.5619688741748967,0.5622109141286187,0.00024203995372196196
1235,ATT,1947,3278,0,0,0.7283676450570719,0.7281353254927105,0.0002323195643613163
1236,ATT,1948,538,0,0,0.47003924131191666,0.4701137707073901,7.452939547342163e-05
1237,ATT,1949,1266,0,0,0.7275823714521176,0.7276219508638215,3.957941170396051e-05
1238,ATT,1950,3582,1,0,0.7367409616446151,0.7365509217552384,0.00019003988937671412
1239,ATT,1952,831,0,0,0.586591622926063,0.5868913423026728,0.000299719376609775
1240,ATT,1955,1847,0,0,0.7138806270551465,0.7136835248992939,0.00019710215585266866
1241,ATT,1957,1394,0,0,0.6040743561413476,0.6040235194561842,5.0836685163480055e-05
1242,ATT,1958,3583,0,0,0.7200246567250445,0.71978487368385,0.00023978304119443017
1243,ATT,1959,3699,0,0,0.5243671237099434,0.5242874271925722,7.969651737127492e-05
1244,ATT,1960,3776,0,0,0.628708872310228,0.6286226901520185,8.618215820943576e-05
1245,ATT,1961,129,0,0,0.5636801175806828,0.563684857296564,4.73971588121902e-06
1246,ATT,1963,2450,0,1,0.6885483220399929,0.688409279104098,0.00013904293589495076
1247,ATT,1965,225,0,1,0.4833517907897687,0.4832932127414324,5.857804833631075e-05
1248,ATT,1967,1412,1,0,0.7068725651742325,0.7068523321271644,2.02330470681078e-05
1249,ATT,1968,3686,1,1,0.6963705830700614,0.6963613653993997,9.21767066164314e-06
1250,ATT,1973,3133,0,0,0.4854247496138665,0.4853429915477968,8.17580660696926e-05
1251,ATT,1974,2319,0,0,0.4514595199182836,0.4512043483645114,0.00025517155377219325
1252,ATT,1975,834,0,0,0.676487108199619,0.6763901534383521,9.695476126692082e-05
1253,ATT,1976,443,0,0,0.7677684664684777,0.7674828950862658,0.00028557138221196876
1254,ATT,1977,2464,0,0,0.5288109027244395,0.5290272177786435,0.0002163150542039416
1255,ATT,1978,2372,0,1,0.6602690097132677,0.660218982368019,5.002734524872654e-05
1256,ATT,1979,3220,0,0,0.3489806581481067,0.34875009439161175,0.0002305637564949392
1257,ATT,1980,968,1,0,0.8138742282694245,0.8122418538780899,0.0016323743913345679
1258,ATT,1981,3059,1,1,0.5943943741860391,0.5942506130399298,0.00014376114610936686
1259,ATT,1983,1146,1,0,0.6049588328509143,0.6048308263751632,0.00012800647575117452
1260,ATT,1984,3278,0,0,0.728132716012613,0.7281353254927105,2.609480097559569e-06
1261,ATT,1985,1612,0,0,0.6323006558287289,0.632522400087621,0.00022174425889209814
1262,ATT,1986,80,0,0,0.44446419919850955,0.4445626549154069,9.845571689737209e-05
1263,ATT,1987,1026,0,1,0.7554869547389388,0.7552592920315239,0.00022766270741492178
1264,ATT,1990,363,0,0,0.6174466635351029,0.6174143065638517,3.235697125125725e-05
1265,ATT,1991,2605,1,0,0.622539194958246,0.6222874373268096,0.00025175763143636676
1266,ATT,1992,1888,0,0,0.5157481192263891,0.5157607530138469,1.2633787457860812e-05
1267,ATT,1994,1208,0,0,0.4566767688973734,0.45660484166215964,7.192723521376454e-05
1268,ATT,1995,2615,0,0,0.834964207219128,0.8348150365101802,0.00014917070894782114
1269,ATT,1998,45,0,0,0.5304524242075415,0.5302788180700759,0.00017360613746553177
1270,ATT,1999,3461,1,0,0.7814704253009498,0.780983717438078,0.00048670786287174916
1271,ATT,2000,1248,0,0,0.4809506298469151,0.4809541446986986,3.5148517835148496e-06
1272,ATT,2002,3512,0,0,0.7860360356624897,0.7858862219090464,0.00014981375344325087
1273,ATT,2003,3373,0,0,0.7195244759118545,0.7196624865889673,0.00013801067711272097
1274,ATT,2004,563,0,0,0.6569946449353231,0.6570278797537435,3.323481842043563e-05
1275,ATT,2007,1516,0,1,0.8171734927164773,0.817078516430118,9.497628635934952e-05
1276,ATT,2009,262,1,0,0.7373920109235501,0.7375170128484465,0.00012500192489639517
1277,ATT,2010,2795,0,0,0.718413061930726,0.7184121081074764,9.538232496053567e-07
1278,ATT,2011,2207,0,0,0.5165055001105692,0.5164505966352714,5.4903475297796156e-05
1279,ATT,2012,1189,0,0,0.6308251705662011,0.6308242230956086,9.47470592538302e-07
1280,ATT,2013,679,1,0,0.8649645485671469,0.8677522286562075,0.002787680089060607
1281,ATT,2014,700,0,0,0.5721048895145487,0.5721021350098017,2.7545047470711737e-06
1282,ATT,2016,1648,0,1,0.7944725642968927,0.7944908569590573,1.8292662164576257e-05
1283,ATT,2017,807,0,1,0.7398262099149593,0.7398495391213096,2.332920635028657e-05
1284,ATT,2019,1795,1,1,0.7170176701190158,0.717122390542645,0.00010472042362918987
1285,ATT,2021,3912,0,0,0.7228971886991227,0.7231038220654499,0.00020663336632720242
1286,ATT,2022,862,1,1,0.8251685535821747,0.8252861316753654,0.00011757809319068446
1287,ATT,2026,2877,0,0,0.6665141920124499,0.6662310067947901,0.0002831852176597982
1288,ATT,2028,2844,0,0,0.4827866021524152,0.4829710953239701,0.0001844931715548892
1289,ATT,2029,2597,1,1,0.829414802125231,0.8285174808503104,0.0008973212749205928
1290,ATT,2035,2844,0,0,0.48285350373528374,0.4829710953239701,0.00011759158868634989
1291,ATT,2037,1327,0,0,0.7224508258489928,0.7224898557041272,3.902985513437596e-05
1292,ATT,2039,3155,0,0,0.7223380856461504,0.7222706897137304,6.739593242000019e-05
1293,ATT,2043,956,1,0,0.5929890405911149,0.5931820687986814,0.00019302820756650352
1294,ATT,2044,340,0,0,0.4976111205192129,0.49757734566064477,3.377485856814744e-05
1295,ATT,2047,1172,0,1,0.8092336662400955,0.8091495462583923,8.411998170321233e-05
1296,ATT,2049,256,0,1,0.5556518698440104,0.555695926889892,4.405704588161807e-05
1297,ATT,2050,237,0,1,0.7602069899640139,0.7599324554441153,0.0002745345198986726
1298,ATT,2051,146,1,0,0.7113853588772846,0.7114040067768477,1.8647899563073445e-05
1299,ATT,2053,1550,0,1,0.7182474945378902,0.7182889547688871,4.1460230996936964e-05
1300,ATT,2054,1736,0,0,0.738611352192572,0.7383659276929311,0.0002454244996409338
1301,ATT,2057,2872,1,0,0.4525611906335117,0.45250927683713044,5.191379638125326e-05
1302,ATT,2058,2761,0,0,0.5174817044658143,0.5174254937277469,5.621073806738597e-05
1303,ATT,2059,2640,0,0,0.612261100516262,0.6122187862828272,4.2314233434814774e-05
1304,ATT,2060,136,0,0,0.43660731471558356,0.43683977124791273,0.00023245653232917274
1305,ATT,2061,1970,1,0,0.7269465010678827,0.7269936383132549,4.7137245372197434e-05
1306,ATT,2062,3756,0,1,0.7288858099634807,0.7293820519521982,0.0004962419887174496
1307,ATT,2063,1853,0,0,0.6275679649970997,0.627803804584174,0.00023583958707429353
1308,ATT,2064,3988,0,0,0.4484298038470201,0.44813285414216236,0.00029694970485771854
1309,ATT,2065,895,0,0,0.6442946451279365,0.6442656253489547,2.9019778981842492e-05
1310,ATT,2066,948,0,0,0.7066970979313196,0.7066033604872,9.373744411966811e-05
1311,ATT,2067,1846,0,0,0.6775138119260148,0.677299522571191,0.00021428935482381561
1312,ATT,2068,3583,0,0,0.719942838089931,0.71978487368385,0.00015796440608095708
1313,ATT,2069,1256,0,1,0.6796422926676464,0.6797701240110665,0.00012783134342009284
1314,ATT,2070,2389,0,0,0.6656134584524603,0.6655853745383035,2.808391415687339e-05
1315,ATT,2073,2072,0,0,0.6042295981348242,0.6041973781313016,3.222000352265386e-05
1316,ATT,2074,3163,0,0,0.7152364281217203,0.7152467293961066,1.0301274386281811e-05
1317,ATT,2075,3068,0,0,0.42519091488928534,0.42530255796889227,0.00011164307960692677
1318,ATT,2076,2705,0,0,0.5978530233832228,0.5978308860477426,2.2137335480176823e-05
1319,ATT,2079,1162,0,1,0.7479873835046077,0.7480018063142341,1.4422809626379873e-05
1320,ATT,2082,2645,0,0,0.6903429008017289,0.6904249169650716,8.20161633426908e-05
1321,ATT,2083,3488,0,0,0.5427428653487939,0.5429080456177534,0.00016518026895950833
1322,ATT,2084,3113,0,0,0.579058885538592,0.579124311340184,6.542580159207834e-05
1323,ATT,2086,2767,0,0,0.582506118289131,0.5828046636904274,0.0002985454012963684
1324,ATT,2087,3467,0,0,0.504597202649041,0.5042163705807532,0.00038083206828776195
1325,ATT,2088,50,0,1,0.8043915944926809,0.8044188650137186,2.7270521037681128e-05
1326,ATT,2089,2857,0,1,0.5662362869705331,0.5662740023249279,3.771535439478502e-05
1327,ATT,2090,2077,0,1,0.682495212170924,0.681788762748891,0.0007064494220330175
1328,ATT,2091,963,0,1,0.747555620915875,0.7475930328471774,3.741193130235576e-05
1329,ATT,2093,3912,0,0,0.7228540886121724,0.7231038220654499,0.00024973345327750085
1330,ATT,2094,2041,1,0,0.47317087427752175,0.47310406930963766,6.680496788408208e-05
1331,ATT,2098,3613,0,0,0.5565523858602354,0.5563317413250333,0.00022064453520209693
1332,ATT,2100,3394,0,0,0.5760784871188765,0.5760783947487329,9.237014364504859e-08
1333,ATT,2105,2821,0,1,0.7697602098889924,0.7697065308836671,5.3679005325268925e-05
1334,ATT,2109,297,0,0,0.6901375106558681,0.6900647408819963,7.276977387182804e-05
1335,ATT,2110,1920,0,0,0.7940524300684504,0.7940306345924816,2.179547596881104e-05
1336,ATT,2111,161,1,0,0.7463555137627929,0.7463330930437915,2.242071900138143e-05
1337,ATT,2112,1544,0,1,0.6950353226512354,0.6950899684527984,5.464580156300247e-05
1338,ATT,2114,352,0,0,0.6031365124941187,0.6031156438743538,2.0868619764913277e-05
1339,ATT,2116,1805,1,0,0.8236282270448407,0.8230608920014896,0.0005673350433511581
1340,ATT,2117,2102,0,1,0.5895159297899227,0.589496386146089,1.9543643833719315e-05
1341,ATT,2119,2283,0,0,0.4649080636065311,0.4647049547649014,0.00020310884162966225
1342,ATT,2122,3300,0,0,0.656167735843552,0.6563196483070027,0.00015191246345069853
1343,ATT,2124,893,0,0,0.6468375078211738,0.6467896995390093,4.7808282164440996e-05
1344,ATT,2125,3212,0,0,0.40470324437106797,0.4047315999494017,2.8355578333749687e-05
1345,ATT,2126,788,1,1,0.8307374593872389,0.8326456922121861,0.0019082328249472313
1346,ATT,2127,2773,0,1,0.7906407390474266,0.7903518713418475,0.0002888677055791211
1347,ATT,2128,364,0,1,0.7773888297996546,0.7772448753879834,0.00014395441167125433
1348,ATT,2129,1954,0,0,0.48158598201172914,0.48146120265315995,0.00012477935856919364
1349,ATT,2130,1792,0,0,0.6969079632352765,0.6969697150232006,6.175178792411362e-05
1350,ATT,2131,3183,0,1,0.6834140687496598,0.6834977257525354,8.36570028756034e-05
1351,ATT,2133,1172,0,1,0.8074868958578589,0.8091495462583923,0.001662650400533372
1352,ATT,2137,2025,1,1,0.6673806215592238,0.6675095452269318,0.000128923667708003
1353,ATT,2138,3942,0,1,0.6584664186835413,0.6582831235634392,0.00018329512010206717
1354,ATT,2139,3388,0,0,0.6518668169480951,0.6515062614760083,0.0003605554720867987
1355,ATT,2141,1158,0,0,0.6838950323700929,0.6837078833597993,0.00018714901029359687
1356,ATT,2142,2571,0,0,0.7631788178989427,0.7629416456296844,0.00023717226925834556
1357,ATT,2143,2517,0,0,0.7185629961494971,0.718605948490008,4.295234051088226e-05
1358,ATT,2145,3006,0,0,0.41353003290225565,0.4134892199549515,4.081294730412521e-05
1359,ATT,2146,1083,1,0,0.7172505143872511,0.717218819969163,3.169441808803519e-05
1360,ATT,2148,1012,0,0,0.726410600795239,0.7260490050928853,0.00036159570235372307
1361,ATT,2149,1471,0,0,0.5746944719580369,0.5747823910972253,8.79191391883749e-05
1362,ATT,2151,621,0,1,0.5170712283597871,0.5170237577115357,4.747064825139091e-05
1363,ATT,2152,834,0,0,0.6767195301257138,0.6763901534383521,0.00032937668736177095
1364,ATT,2154,3854,1,0,0.7013819303273953,0.7011731432455145,0.000208787081880768
1365,ATT,2155,408,0,0,0.5914646276182928,0.5913624028276675,0.00010222479062527157
1366,ATT,2159,3545,0,0,0.7431733573502823,0.7431160481647927,5.7309185489629044e-05
1367,ATT,2160,2615,0,0,0.8348732928717266,0.8348150365101802,5.825636154643821e-05
1368,ATT,2161,107,0,0,0.5532328994413265,0.5532604533203358,2.7553879009323268e-05
1369,ATT,2162,862,0,1,0.8245671546412522,0.8252861316753654,0.0007189770341131663
1370,ATT,2163,1920,1,0,0.793931937301172,0.7940306345924816,9.869729130962401e-05
1371,ATT,2164,1425,0,1,0.5945367828406368,0.5945789836022338,4.2200761596999925e-05
1372,ATT,2172,678,0,0,0.5259287684005342,0.5257304781005072,0.0001982903000269376
1373,ATT,2173,1394,0,0,0.604076163579291,0.6040235194561842,5.264412310679312e-05
1374,ATT,2174,3854,0,0,0.701211015625853,0.7011731432455145,3.7872380338477285e-05
1375,ATT,2176,2417,0,0,0.6730155646930823,0.673062960730618,4.739603753567412e-05
1376,ATT,2177,2387,0,0,0.787381400302401,0.7878790705393611,0.0004976702369601238
1377,ATT,2178,968,0,0,0.8142739432600311,0.8122418538780899,0.0020320893819412156
1378,ATT,2179,2034,1,0,0.7101689713064472,0.7100414643691074,0.00012750693733976082
1379,ATT,2184,2784,0,0,0.6984102798141271,0.6984222551366291,1.1975322502078e-05
1380,ATT,2187,3159,0,0,0.33056722737133887,0.33155482648648793,0.0009875991151490626
1381,ATT,2188,2182,0,0,0.4486529627555517,0.44903246535695845,0.00037950260140673375
1382,ATT,2189,3962,0,0,0.5386944303618466,0.5387587345456464,6.430418379976821e-05
1383,ATT,2191,3850,1,0,0.6457253377374338,0.6455567474717817,0.0001685902656520799
1384,ATT,2192,3053,0,0,0.7354130685723881,0.7354189458044104,5.877232022277745e-06
1385,ATT,2194,834,0,0,0.6767944140678834,0.6763901534383521,0.0004042606295313611
1386,ATT,2195,3360,0,0,0.6348133417411858,0.6348192933062031,5.951565017370264e-06
1387,ATT,2198,607,0,1,0.7532984347192443,0.7534311888144605,0.00013275409521618098
1388,ATT,2199,1493,0,0,0.7955315844168314,0.7955429739420682,1.1389525236826792e-05
1389,ATT,2202,353,0,1,0.8193692145602218,0.8188338164119593,0.0005353981482625336
1390,ATT,2203,2296,0,1,0.7094892357143512,0.7095088225185937,1.9586804242521794e-05
1391,ATT,2205,2504,0,0,0.786492486159331,0.7864010460208235,9.144013850748145e-05
1392,ATT,2206,37,0,0,0.7497601073159147,0.7496807594601442,7.934785577046188e-05
1393,ATT,2210,2844,0,0,0.4828040274729022,0.4829710953239701,0.00016706785106790356
1394,ATT,2211,852,0,0,0.5062976862631408,0.5063819196250536,8.423336191287767e-05
1395,ATT,2212,1516,0,1,0.815835006838523,0.817078516430118,0.0012435095915950267
1396,ATT,2214,2982,0,0,0.5552919441125521,0.5553357334935004,4.3789380948289214e-05
1397,ATT,2215,3799,0,1,0.8429807932518799,0.8381627429009066,0.004818050350973269
1398,ATT,2217,1834,1,1,0.758039862325311,0.7580812164371528,4.135411184180704e-05
1399,ATT,2219,774,0,0,0.5488307967694569,0.5488195611533183,1.1235616138582927e-05
1400,ATT,2222,409,0,1,0.6843821287969797,0.6841795733739965,0.00020255542298319718
1401,ATT,2223,2865,0,0,0.5803819691248484,0.5803284761645117,5.349296033674289e-05
1402,ATT,2224,2092,1,1,0.5363704669142856,0.5364392715823275,6.880466804193297e-05
1403,ATT,2227,2246,0,1,0.5794329079555062,0.5795934259814918,0.00016051802598560094
1404,ATT,2228,3489,0,0,0.7467013214791692,0.7466567188671939,4.460261197536397e-05
1405,ATT,2230,3822,0,0,0.6360330071564858,0.6361963325712031,0.000163325414717308
1406,ATT,2232,2134,0,0,0.6811511195847042,0.6810582821706634,9.28374140407584e-05
1407,ATT,2233,3076,0,1,0.5609558454492243,0.5609378256249757,1.801982424853854e-05
1408,ATT,2234,1922,0,0,0.44507053068862185,0.4450346979972666,3.5832691355264235e-05
1409,ATT,2235,1422,0,0,0.4917160813664372,0.4917772415963232,6.116022988600367e-05
1410,ATT,2237,370,0,0,0.6559112429465642,0.6556043299722476,0.0003069129743166199
1411,ATT,2239,2209,0,0,0.7448082011121898,0.744914542365128,0.0001063412529381802
1412,ATT,2240,836,1,0,0.7610833891623189,0.7614344652338431,0.0003510760715241812
1413,ATT,2243,1355,0,1,0.5246198622894448,0.5246409619650343,2.1099675589497657e-05
1414,ATT,2245,3106,0,0,0.4848220819012915,0.4847537787301877,6.830317110378958e-05
1415,ATT,2247,506,0,1,0.7567349313759049,0.7567350984197195,1.6704381466947638e-07
1416,ATT,2251,3765,0,0,0.5259885395453809,0.5262071272235493,0.00021858767816840263
1417,ATT,2252,1345,0,0,0.7964500628241259,0.7963556161122961,9.444671182978759e-05
1418,ATT,2258,3809,0,0,0.7010080690824364,0.7011190271951926,0.00011095811275618761
1419,ATT,2259,794,0,0,0.635603496131413,0.6356409211003516,3.742496893865965e-05
1420,ATT,2261,3301,0,0,0.605530422133471,0.6055074198946805,2.3002238790481577e-05
1421,ATT,2263,1412,0,0,0.7068258751034205,0.7068523321271644,2.6457023743819974e-05
1422,ATT,2265,3433,1,0,0.8935562154075245,0.886948305995866,0.0066079094116584525
1423,ATT,2267,755,0,0,0.5377417571324276,0.5377623079689863,2.0550836558719254e-05
1424,ATT,2268,78,0,1,0.6781316396798579,0.6781042936547945,2.7346025063379464e-05
1425,ATT,2270,1644,1,1,0.7596079052205345,0.7596648780117081,5.69727911736706e-05
1426,ATT,2271,3301,0,0,0.6055605578809888,0.6055074198946805,5.3137986308349205e-05
1427,ATT,2272,2898,0,0,0.5200610922585284,0.5199445617958676,0.00011653046266080214
1428,ATT,2274,3592,0,0,0.5890250271779772,0.5890718914766289,4.686429865163877e-05
1429,ATT,2275,2432,0,0,0.39999696606473606,0.39988696361031834,0.0001100024544177236
1430,ATT,2276,1916,0,0,0.6579063463354642,0.6578298892637758,7.64570716883517e-05
1431,ATT,2278,2099,0,0,0.5265442626721422,0.5268341721797761,0.0002899095076339675
1432,ATT,2279,2185,0,0,0.4954796505005083,0.4955322364632741,5.2585962765805405e-05
1433,ATT,2280,1278,0,0,0.8219367820181962,0.8212339995483013,0.0007027824698948582
1434,ATT,2281,1776,0,0,0.7592421634054697,0.7593734177166314,0.00013125431116167707
1435,ATT,2282,963,0,1,0.7476130479524732,0.7475930328471774,2.0015105295811964e-05
1436,ATT,2285,3195,0,0,0.3744363581574282,0.3744636912149637,2.7333057535494643e-05
1437,ATT,2287,102,0,1,0.7987191771392643,0.7987333159547497,1.4138815485398304e-05
1438,ATT,2289,2387,0,0,0.7876835653982966,0.7878790705393611,0.00019550514106447814
1439,ATT,2290,3988,0,0,0.44834218408195003,0.44813285414216236,0.00020932993978767245
1440,ATT,2291,2244,0,0,0.43454342127483614,0.43434054692757057,0.0002028743472655692
1441,ATT,2294,3465,0,0,0.6927124502086286,0.6927440202742554,3.157006562681808e-05
1442,ATT,2295,399,0,0,0.6791880248967923,0.679124031927035,6.39929697573427e-05
1443,ATT,2297,2046,0,0,0.5651739327950843,0.5650823253582719,9.160743681246863e-05
1444,ATT,2300,855,0,0,0.6919364074726903,0.6917040535429677,0.00023235392972253965
1445,ATT,2301,2994,0,0,0.5282347191934668,0.5284748749324036,0.0002401557389368758
1446,ATT,2302,1440,0,0,0.5735230076862,0.5735609830714097,3.797538520966537e-05
1447,ATT,2303,2692,0,0,0.5024821010507847,0.5024465220379921,3.557901279260811e-05
1448,ATT,2307,3517,1,0,0.6007909645514391,0.6007114494568756,7.951509456349815e-05
1449,ATT,2308,985,0,0,0.7038069893135718,0.7040782345061678,0.00027124519259602575
1450,ATT,2310,2539,0,0,0.7218879623401537,0.7220669218874745,0.00017895954732072283
1451,ATT,2311,1256,1,1,0.679752416695192,0.6797701240110665,1.7707315874471163e-05
1452,ATT,2312,2120,0,0,0.3523001466193448,0.352378519864185,7.837324484022412e-05
1453,ATT,2313,2894,0,1,0.6858876898234799,0.6852070622553381,0.0006806275681418006
1454,ATT,2316,394,1,0,0.6683931229272267,0.6683104055909113,8.271733631548539e-05
1455,ATT,2317,2902,0,1,0.556066191879065,0.5560234255074483,4.2766371616709264e-05
1456,ATT,2320,723,0,0,0.6874245974015563,0.6872742759706792,0.00015032143087700955
1457,ATT,2321,2150,0,1,0.5860021848667045,0.5862283628342522,0.00022617796754764719
1458,ATT,2325,1493,1,0,0.7956847538434991,0.7955429739420682,0.00014177990143093844
1459,ATT,2326,3592,0,0,0.5891051974667145,0.5890718914766289,3.3305990085663595e-05
1460,ATT,2328,2468,0,1,0.7061420502172068,0.7061307833742286,1.1266842978141511e-05
1461,ATT,2330,3776,0,0,0.6286890009681579,0.6286226901520185,6.631081613939216e-05
1462,ATT,2331,2483,1,0,0.6180088435941196,0.6179628276494025,4.6015944717092694e-05
1463,ATT,2332,1813,1,0,0.7026627067825008,0.7026796643401482,1.6957557647412358e-05
1464,ATT,2341,2657,1,0,0.7716596326526541,0.7717829107247998,0.00012327807214562725
1465,ATT,2342,3264,0,0,0.5342973048583325,0.5343025791296249,5.2742712923770085e-06
1466,ATT,2345,1278,0,0,0.8207337502001514,0.8212339995483013,0.0005002493481499615
1467,ATT,2346,1116,0,0,0.6667441102859897,0.6670210124739131,0.00027690218792342236
1468,ATT,2347,3001,1,0,0.6367045198840966,0.6368747873518519,0.00017026746775528068
1469,ATT,2348,557,0,0,0.495923641666883,0.49583368179508946,8.995987179355458e-05
1470,ATT,2349,1146,0,0,0.6048539121894968,0.6048308263751632,2.3085814333634325e-05
1471,ATT,2350,1412,1,0,0.7069020739908196,0.7068523321271644,4.974186365525046e-05
1472,ATT,2351,3417,0,0,0.4028734707815897,0.40312275344814125,0.0002492826665515535
1473,ATT,2352,2571,0,0,0.7628440232181343,0.7629416456296844,9.762241155009121e-05
1474,ATT,2353,2593,0,1,0.6627191972801484,0.6630491808179594,0.0003299835378109961
1475,ATT,2354,121,0,0,0.5151539325788714,0.5152689675873882,0.00011503500851672843
1476,ATT,2355,1493,0,0,0.7950330936306739,0.7955429739420682,0.0005098803113943173
1477,ATT,2356,3898,0,1,0.6293372048095246,0.6289029121671099,0.0004342926424146798
1478,ATT,2359,774,0,0,0.5489027195855039,0.5488195611533183,8.31584321855372e-05
1479,ATT,2360,3414,0,0,0.7815783440165591,0.782121749725516,0.0005434057089568345
1480,ATT,2368,356,0,0,0.4389123849634225,0.43976634380755875,0.0008539588441362489
1481,ATT,2369,2836,0,0,0.6868557295474752,0.6867729884969747,8.274105050054548e-05
1482,ATT,2370,3756,0,1,0.7291871753445165,0.7293820519521982,0.00019487660768169324
1483,ATT,2374,2343,0,0,0.7321542872338126,0.7321963558788822,4.206864506961505e-05
1484,ATT,2376,890,0,1,0.5497911752643087,0.5499796382577917,0.00018846299348307394
1485,ATT,2377,1516,1,1,0.8177659489207102,0.817078516430118,0.0006874324905922213
1486,ATT,2379,1904,0,1,0.8117307239895715,0.8121081068856756,0.000377382896104117
1487,ATT,2380,2169,0,1,0.7206682973642597,0.7205874965645048,8.080079975492094e-05
1488,ATT,2382,2847,0,0,0.592186517985671,0.5924412283676123,0.00025471038194124773
1489,ATT,2383,1544,0,1,0.6950304168541341,0.6950899684527984,5.955159866422033e-05
1490,ATT,2385,297,0,0,0.6900545924529788,0.6900647408819963,1.0148429017475813e-05
1491,ATT,2386,3898,0,1,0.6289323820210581,0.6289029121671099,2.9469853948138613e-05
1492,ATT,2388,1925,0,1,0.6436869816696514,0.6437086468018463,2.1665132194814696e-05
1493,ATT,2391,1106,0,1,0.5682448929852283,0.5683608676769156,0.0001159746916873372
1494,ATT,2393,1599,0,1,0.7546739768107288,0.7545973154924636,7.666131826522538e-05
1495,ATT,2394,262,0,0,0.7372006132874958,0.7375170128484465,0.00031639956095075306
1496,ATT,2395,521,0,0,0.6298988407534206,0.6298512948541094,4.7545899311218776e-05
1497,ATT,2397,2358,1,0,0.5369393607611284,0.5368330976938531,0.00010626306727523627
1498,ATT,2398,3717,0,0,0.8336463945829558,0.8335876005162339,5.879406672182341e-05
1499,ATT,2399,1256,0,1,0.6796893602892942,0.6797701240110665,8.076372177234781e-05
1500,ATT,2401,1919,0,0,0.7145698709200586,0.714390860215843,0.00017901070421566523
1501,ATT,2402,1962,0,0,0.6330325714319399,0.6333098274462079,0.0002772560142679792
1502,ATT,2403,1536,0,0,0.6973236843977567,0.697659859694264,0.0003361752965073128
1503,ATT,2404,890,0,1,0.549855965538455,0.5499796382577917,0.00012367271933677593
1504,ATT,2406,2919,0,0,0.3593853784475842,0.35964617349691363,0.0002607950493294098
1505,ATT,2411,1006,0,0,0.5703917936248726,0.5703158474364939,7.594618837869493e-05
1506,ATT,2412,1756,0,0,0.6035783454954767,0.6036437024329714,6.535693749465388e-05
1507,ATT,2414,49,0,1,0.5906471391267397,0.5904924314971766,0.00015470762956315554
1508,ATT,2415,2849,1,0,0.7657921400182669,0.7657290610971907,6.307892107615398e-05
1509,ATT,2416,1191,0,0,0.7090681897455565,0.7093370588108947,0.0002688690653381842
1510,ATT,2418,3914,0,0,0.770632132054141,0.7703095625784141,0.0003225694757269526
1511,ATT,2420,1567,0,0,0.7045858009893479,0.7046217039243129,3.590293496502639e-05
1512,ATT,2423,3927,1,0,0.5126402151937265,0.5126085203551441,3.1694838582341234e-05
1513,ATT,2425,2025,0,1,0.6675784894144853,0.6675095452269318,6.894418755343246e-05
1514,ATT,2427,3433,1,0,0.927379602113156,0.886948305995866,0.040431296117289905
1515,ATT,2428,988,1,0,0.6936726202509339,0.6937841945723967,0.000111574321462804
1516,ATT,2429,2909,0,0,0.6089831175188204,0.6089466980150753,3.641950374511094e-05
1517,ATT,2431,77,0,1,0.6392905707555748,0.6392061836665454,8.438708902946956e-05
1518,ATT,2433,53,0,0,0.6849210478104303,0.6849204005375072,6.472729230377894e-07
1519,ATT,2435,1813,0,0,0.7026708349179587,0.7026796643401482,8.829422189493563e-06
1520,ATT,2436,2123,0,0,0.5658713448303182,0.5659115959403803,4.0251110062117235e-05
1521,ATT,2438,1116,0,0,0.6668911441729414,0.6670210124739131,0.00012986830097172497
1522,ATT,2440,1143,0,0,0.5340943558932026,0.5340098105925327,8.454530066992483e-05
1523,ATT,2441,314,0,1,0.6449164577535847,0.6448953957012928,2.106205229190916e-05
1524,ATT,2442,1455,0,0,0.7133929513830938,0.7134988003990145,0.0001058490159207004
1525,ATT,2443,1442,0,0,0.63108043803793,0.6312236411172684,0.00014320307933834986
1526,ATT,2444,426,0,1,0.5522655219889775,0.5521759102912013,8.961169777621514e-05
1527,ATT,2445,891,0,1,0.8063886437909324,0.8056740379588859,0.0007146058320465221
1528,ATT,2448,1439,0,1,0.6264126217404565,0.6264031953089767,9.42643147983091e-06
1529,ATT,2449,723,0,0,0.6871498644028091,0.6872742759706792,0.00012441156787013075
1530,ATT,2451,3450,0,1,0.5803173327463207,0.5803182099585414,8.772122207512112e-07
1531,ATT,2453,2902,0,1,0.555964015718257,0.5560234255074483,5.940978919127815e-05
1532,ATT,2454,1640,0,0,0.4320257024109493,0.4319189108441549,0.00010679156679438417
1533,ATT,2455,2783,0,0,0.7851813696986498,0.7850358000304986,0.0001455696681512686
1534,ATT,2457,2615,0,0,0.834881270182982,0.8348150365101802,6.623367280178538e-05
1535,ATT,2459,3212,0,0,0.4045679532832273,0.4047315999494017,0.0001636466661744107
1536,ATT,2460,780,0,0,0.5135958305297518,0.5134662421218978,0.0001295884078539311
1537,ATT,2461,2604,0,1,0.7649884599794795,0.765312190719454,0.00032373073997449264
1538,ATT,2463,3461,0,0,0.7802646754081717,0.780983717438078,0.0007190420299063582
1539,ATT,2465,756,0,0,0.5577357452644724,0.5577358526632955,1.0739882305710324e-07
1540,ATT,2467,2500,1,1,0.7830863631574296,0.7829336599113711,0.0001527032460585387
1541,ATT,2469,447,1,0,0.6846453533340853,0.6846904730848359,4.51197507506107e-05
1542,ATT,2470,1009,1,1,0.6682256688438178,0.6681612227744029,6.444606941491404e-05
1543,ATT,2471,2045,0,1,0.7843616510118698,0.784278140311161,8.351070070877764e-05
1544,ATT,2472,1412,0,0,0.7067605663608586,0.7068523321271644,9.17657663057625e-05
1545,ATT,2473,1032,0,1,0.8625073830393812,0.8597704095903379,0.002736973449043334
1546,ATT,2475,1345,0,0,0.7964548810625948,0.7963556161122961,9.926495029866089e-05
1547,ATT,2476,3612,0,1,0.7741134772347171,0.7739631825411215,0.00015029469359562064
1548,ATT,2477,3192,0,0,0.6301455384227591,0.6302763067765935,0.00013076835383440955
1549,ATT,2481,3155,0,0,0.7223355166109409,0.7222706897137304,6.482689721043489e-05
1550,ATT,2484,3414,0,0,0.7818270613039563,0.782121749725516,0.00029468842155966346
1551,ATT,2489,3799,1,1,0.8388142907926992,0.8381627429009066,0.0006515478917925588
1552,ATT,2490,3465,0,0,0.692312270409893,0.6927440202742554,0.0004317498643624518
1553,ATT,2491,3924,0,0,0.6101914629826282,0.6100350873855067,0.00015637559712144977
1554,ATT,2492,3059,0,1,0.5937433459480048,0.5942506130399298,0.0005072670919249456
1555,ATT,2496,367,0,0,0.6915833863467657,0.6916037053768397,2.0319030073934208e-05
1556,ATT,2498,819,0,0,0.683298282877364,0.6832045788307921,9.370404657194076e-05
1557,ATT,2499,2597,0,1,0.8283945252533539,0.8285174808503104,0.00012295559695651992
1558,ATT,2503,1738,0,0,0.6317165588051902,0.6318338965951189,0.00011733778992872868
1559,ATT,2505,2221,0,0,0.7208459410320677,0.7210504735663462,0.00020453253427854534
1560,ATT,2506,103,0,0,0.30677700873040115,0.3072839245277487,0.0005069157973475735
1561,ATT,2508,2611,0,1,0.6966679554580055,0.6965092999874997,0.00015865547050586404
1562,ATT,2509,1589,0,0,0.7053146490740192,0.7056974474967265,0.0003827984227072756
1563,ATT,2510,1455,0,0,0.7133403248422446,0.7134988003990145,0.0001584755567698437
1564,ATT,2512,2296,0,1,0.7095823843182835,0.7095088225185937,7.356179968975862e-05
1565,ATT,2513,1105,0,0,0.6186499649783802,0.6183649569895507,0.00028500798882946654
1566,ATT,2514,775,0,1,0.6483117207109278,0.6483188965448664,7.175833938610765e-06
1567,ATT,2519,2741,0,0,0.521235633969492,0.5212833432821218,4.77093126297623e-05
1568,ATT,2520,1516,1,1,0.8156272107881679,0.817078516430118,0.0014513056419500625
1569,ATT,2522,2366,0,0,0.556899144066569,0.5571630304744002,0.0002638864078311487
1570,ATT,2523,357,1,1,0.6987018793186852,0.6989397695101367,0.00023789019145148416
1571,ATT,2525,1589,0,0,0.7054037447983779,0.7056974474967265,0.00029370269834860796
1572,ATT,2526,2102,0,1,0.589344430073203,0.589496386146089,0.00015195607288598367
1573,ATT,2529,2314,0,0,0.5995537808977539,0.5995127915236274,4.0989374126554345e-05
1574,ATT,2530,1813,1,0,0.7022396424857396,0.7026796643401482,0.0004400218544086121
1575,ATT,2531,2628,0,0,0.47897707373906867,0.4792257792773501,0.00024870553828143516
1576,ATT,2532,403,0,0,0.5220599667910393,0.5222223612473584,0.00016239445631915927
1577,ATT,2533,1347,1,1,0.7794931435760101,0.7794708143019976,2.2329274012466982e-05
1578,ATT,2534,635,1,0,0.5142925710545108,0.5143208607834754,2.828972896462556e-05
1579,ATT,2535,2597,0,1,0.8299953908051468,0.8285174808503104,0.0014779099548364316
1580,ATT,2536,506,0,1,0.7564807297658036,0.7567350984197195,0.0002543686539159262
1581,ATT,2537,3807,1,0,0.45373336368982964,0.4536688496497759,6.451404005375361e-05
1582,ATT,2538,3529,0,0,0.3893197963385969,0.3884621971278895,0.0008575992107074382
1583,ATT,2541,2052,1,0,0.7007784114859306,0.7008428524722307,6.444098630009609e-05
1584,ATT,2542,2635,0,0,0.752378948485602,0.751951876779601,0.000427071706001092
1585,ATT,2543,300,0,0,0.5225453440760228,0.52251822870646,2.711536956279126e-05
1586,ATT,2545,2781,0,0,0.5006760086692267,0.5005569607610812,0.00011904790814543098
1587,ATT,2547,373,0,1,0.7303325979001014,0.7302413418348096,9.125606529181152e-05
1588,ATT,2549,538,0,0,0.47008504620106517,0.4701137707073901,2.8724506324906418e-05
1589,ATT,2550,1288,0,0,0.4676077082563411,0.46758458982644796,2.311842989316526e-05
1590,ATT,2552,2256,0,0,0.44264029523202136,0.4427588215295076,0.00011852629748621002
1591,ATT,2553,3647,0,0,0.5855316377418521,0.5854752755453239,5.6362196528270125e-05
1592,ATT,2555,1953,0,0,0.5646456922482128,0.5642241843069347,0.00042150794127815416
1593,ATT,2556,3489,0,0,0.7467916394165449,0.7466567188671939,0.00013492054935104747
1594,ATT,2557,497,0,0,0.7082846424790115,0.7085742818857953,0.00028963940678383704
1595,ATT,2558,3488,0,0,0.5428404383988774,0.5429080456177534,6.760721887599797e-05
1596,ATT,2559,3433,0,0,0.903534679129515,0.886948305995866,0.01658637313364897
1597,ATT,2561,2773,1,1,0.7899249425895154,0.7903518713418475,0.0004269287523320786
1598,ATT,2564,399,0,0,0.6791782110719873,0.679124031927035,5.417914495231546e-05
1599,ATT,2565,3964,0,1,0.7389074468700451,0.7390197422744765,0.00011229540443147279
1600,ATT,2567,3250,0,0,0.6740308997389032,0.6738832477036505,0.00014765203525268777
1601,ATT,2568,2935,0,0,0.567676470202199,0.5672612546612841,0.0004152155409149483
1602,ATT,2570,1632,0,1,0.6953680229209724,0.6953543425631395,1.3680357832890344e-05
1603,ATT,2573,3489,0,0,0.7469793588620903,0.7466567188671939,0.00032263999489645645
1604,ATT,2575,2840,0,0,0.7234871997808873,0.7235668457995388,7.964601865151355e-05
1605,ATT,2576,2144,1,1,0.7406555292984199,0.7413887896770471,0.0007332603786271985
1606,ATT,2577,2144,0,1,0.7413611178837902,0.7413887896770471,2.7671793256911492e-05
1607,ATT,2579,1026,0,1,0.755368541641556,0.7552592920315239,0.00010924961003211386
1608,ATT,2581,819,0,0,0.6828805563929669,0.6832045788307921,0.0003240224378252554
1609,ATT,2582,445,0,0,0.3436209749881366,0.34372950117287804,0.00010852618474144204
1610,ATT,2583,3744,0,0,0.7317832926024262,0.7317869075125516,3.614910125349091e-06
1611,ATT,2584,678,0,0,0.525899142168437,0.5257304781005072,0.00016866406792981348
1612,ATT,2585,3978,0,1,0.5335798952681613,0.5333465844438453,0.00023331082431599093
1613,ATT,2589,57,0,0,0.6010534829488725,0.6010201014426808,3.338150619169866e-05
1614,ATT,2591,578,1,0,0.6528312449927356,0.6527905756798305,4.066931290513942e-05
1615,ATT,2592,3756,1,1,0.729158711944208,0.7293820519521982,0.0002233400079901804
1616,ATT,2594,212,0,0,0.5800109885330756,0.5801600246829625,0.00014903614988681646
1617,ATT,2596,440,1,1,0.7754591890655637,0.776353236473818,0.0008940474082543837
1618,ATT,2598,1877,0,0,0.6342400101277378,0.6338044626382484,0.00043554748948937405
1619,ATT,2599,1471,0,0,0.5747101157079253,0.5747823910972253,7.227538929999167e-05
1620,ATT,2601,1585,0,1,0.6576723589428711,0.6575941023714691,7.825657140203557e-05
1621,ATT,2603,3612,1,1,0.7741341619357639,0.7739631825411215,0.00017097939464238987
1622,ATT,2606,3449,0,0,0.6909588567302958,0.6908370889488189,0.00012176778147687806
1623,ATT,2608,2095,0,0,0.6804401019213144,0.6804006017343714,3.950018694298674e-05
1624,ATT,2610,2861,0,0,0.4568522031186706,0.4568183475453312,3.385557333940303e-05
1625,ATT,2612,3583,1,0,0.7197244112834181,0.71978487368385,6.0462400431893215e-05
1626,ATT,2613,1516,1,1,0.8160793292584424,0.817078516430118,0.0009991871716755751
1627,ATT,2614,3744,0,0,0.7318581996533994,0.7317869075125516,7.129214084777846e-05
1628,ATT,2616,2183,0,1,0.6192116112770685,0.6191158811420308,9.573013503771932e-05
1629,ATT,2617,3336,0,0,0.7074602323551585,0.7074600787263138,1.536288447567813e-07
1630,ATT,2619,1249,0,1,0.730835491620657,0.7312750097321539,0.0004395181114968949
1631,ATT,2620,968,0,0,0.8122416110907662,0.8122418538780899,2.4278732368987477e-07
1632,ATT,2622,3390,0,0,0.6432941398561456,0.6433333283597433,3.91885035977424e-05
1633,ATT,2623,642,0,0,0.8033049043085561,0.8034795203734412,0.0001746160648851136
1634,ATT,2625,370,0,0,0.6554329999558514,0.6556043299722476,0.0001713300163962428
1635,ATT,2627,1617,1,0,0.847667388512967,0.8505293203135869,0.002861931800619888
1636,ATT,2629,1872,0,0,0.49894492066248997,0.4991038773462967,0.00015895668380672134
1637,ATT,2630,2571,0,0,0.7632674144315302,0.7629416456296844,0.00032576880184587154
1638,ATT,2631,1493,1,0,0.7951151085774387,0.7955429739420682,0.000427865364629465
1639,ATT,2632,2038,0,0,0.6320245253410686,0.6319630536314405,6.147170962811366e-05
1640,ATT,2633,2144,0,1,0.7407378669036777,0.7413887896770471,0.0006509227733694223
1641,ATT,2637,2314,1,0,0.5994680136836399,0.5995127915236274,4.477783998746432e-05
1642,ATT,2638,2907,0,0,0.5399497374740322,0.5399213553169478,2.8382157084339e-05
1643,ATT,2639,1189,0,0,0.6306900593423754,0.6308242230956086,0.00013416375323316299
1644,ATT,2642,3264,0,0,0.5344044511105526,0.5343025791296249,0.00010187198092770355
1645,ATT,2643,2040,0,0,0.42391673680609965,0.42380732524695575,0.00010941155914390155
1646,ATT,2644,2046,0,0,0.5647878216935704,0.5650823253582719,0.00029450366470140654
1647,ATT,2646,205,0,1,0.6724038761964943,0.6722561326368518,0.0001477435596425325
1648,ATT,2647,563,0,0,0.6570513786799446,0.6570278797537435,2.3498926201015458e-05
1649,ATT,2649,2367,0,1,0.6221429508411426,0.6220935275383302,4.9423302812323655e-05
1650,ATT,2651,354,0,0,0.6547884064004622,0.6548657823588035,7.737595834134137e-05
1651,ATT,2652,1304,1,1,0.5206248833180865,0.5205468920795358,7.799123855078971e-05
1652,ATT,2653,2221,0,0,0.7210186981722443,0.7210504735663462,3.177539410192942e-05
1653,ATT,2655,2500,0,1,0.7831522488347521,0.7829336599113711,0.00021858892338100233
1654,ATT,2656,869,0,0,0.6619782621059264,0.6618949243263864,8.333777953994925e-05
1655,ATT,2658,361,0,0,0.7315312302313369,0.7314106755649159,0.00012055466642102441
1656,ATT,2660,1694,0,0,0.5769975979296377,0.5769838660964982,1.3731833139463134e-05
1657,ATT,2661,963,0,1,0.7474769061756821,0.7475930328471774,0.00011612667149529798
1658,ATT,2663,2108,0,0,0.6472439001990288,0.6472739947376358,3.0094538607028376e-05
1659,ATT,2664,1493,0,0,0.7952894487725706,0.7955429739420682,0.00025352516949761483
1660,ATT,2665,1632,0,1,0.6954830669863673,0.6953543425631395,0.00012872442322775512
1661,ATT,2666,3278,0,0,0.7282754042907686,0.7281353254927105,0.00014007879805810752
1662,ATT,2667,2922,1,0,0.741807544927127,0.7419736683914618,0.00016612346433486636
1663,ATT,2668,2922,0,0,0.7421192984161038,0.7419736683914618,0.00014563002464196284
1664,ATT,2671,2387,0,0,0.7875291939280015,0.7878790705393611,0.0003498766113596563
1665,ATT,2672,767,0,0,0.6104511109241116,0.6106924016869338,0.0002412907628221994
1666,ATT,2674,1617,0,0,0.8459464766575684,0.8505293203135869,0.004582843656018465
1667,ATT,2675,788,1,1,0.8326265993283068,0.8326456922121861,1.9092883879245903e-05
1668,ATT,2676,2464,0,0,0.5288180796435673,0.5290272177786435,0.00020913813507617007
1669,ATT,2677,857,0,1,0.7007393416397558,0.7006482709106059,9.107072914993353e-05
1670,ATT,2678,1910,1,0,0.7745088231550881,0.7743624938703456,0.00014632928474245244
1671,ATT,2680,774,0,0,0.5489462784898804,0.5488195611533183,0.00012671733656210993
1672,ATT,2682,281,0,0,0.5297738597750259,0.5298120206301381,3.8160855112212566e-05
1673,ATT,2684,847,0,0,0.39432555365824895,0.3948015568546938,0.000476003196444863
1674,ATT,2685,2657,1,0,0.7717457317789735,0.7717829107247998,3.717894582622172e-05
1675,ATT,2686,2296,0,1,0.7097269842817111,0.7095088225185937,0.0002181617631173971
1676,ATT,2688,3779,0,0,0.48939461985742133,0.4892914416613707,0.00010317819605065726
1677,ATT,2689,3104,0,1,0.5797848940072753,0.5797382451935613,4.664881371396756e-05
1678,ATT,2690,999,1,1,0.755653877577814,0.7559162249605825,0.0002623473827685352
1679,ATT,2695,487,1,0,0.6161703221792336,0.6161933954963126,2.3073317078958766e-05
1680,ATT,2698,3612,0,1,0.7739784408282252,0.7739631825411215,1.5258287103692147e-05
1681,ATT,2699,3277,0,0,0.46995057647997107,0.4698397984342804,0.00011077804569065153
1682,ATT,2700,3065,0,0,0.7488157229707134,0.7490370362319734,0.00022131326125995887
1683,ATT,2704,3048,0,1,0.8756708038599302,0.8797317035357262,0.004060899675795926
1684,ATT,2706,3550,0,0,0.7436856240469506,0.7440126911203848,0.00032706707343421737
1685,ATT,2707,1347,1,1,0.7788602317031094,0.7794708143019976,0.000610582598888243
1686,ATT,2708,679,1,0,0.8641799723563202,0.8677522286562075,0.003572256299887333
1687,ATT,2709,3968,1,0,0.7822254692462133,0.7822598108551794,3.434160896609306e-05
1688,ATT,2711,1846,1,0,0.6775583317462649,0.677299522571191,0.0002588091750739263
1689,ATT,2712,864,0,1,0.6405445407192187,0.6404364074762927,0.00010813324292602289
1690,ATT,2713,1205,0,1,0.7191694780322101,0.7188349047543336,0.00033457327787644875
1691,ATT,2718,2849,0,0,0.7657905618660464,0.7657290610971907,6.150076885569344e-05
1692,ATT,2719,3854,0,0,0.7011999451081915,0.7011731432455145,2.6801862677006127e-05
1693,ATT,2720,2562,1,0,0.5148780060679516,0.5149336948759473,5.5688807995668554e-05
1694,ATT,2721,3230,0,0,0.6480554237703802,0.6480500858288062,5.337941573979599e-06
1695,ATT,2723,2635,1,0,0.7522717793641286,0.751951876779601,0.00031990258452763154
1696,ATT,2724,171,0,0,0.7380562333989863,0.7380925515781694,3.631817918314795e-05
1697,ATT,2725,3928,0,1,0.6756925816533935,0.6757759597718362,8.337811844272291e-05
1698,ATT,2726,3440,0,1,0.5177138323736874,0.5176175923275369,9.624004615049753e-05
1699,ATT,2727,2030,0,0,0.6487437699993213,0.648839922860859,9.615286153774605e-05
1700,ATT,2729,114,1,0,0.7923736397939557,0.7931242477628709,0.0007506079689152401
1701,ATT,2730,1516,0,1,0.8155427399305949,0.817078516430118,0.0015357764995230783
1702,ATT,2734,429,0,0,0.6421504921028075,0.6421695286097042,1.9036506896719096e-05
1703,ATT,2735,1783,1,0,0.49831104868697274,0.4982443184733534,6.673021361935927e-05
1704,ATT,2736,3379,0,0,0.590057332212854,0.5897783478398532,0.00027898437300077905
1705,ATT,2737,2784,0,0,0.6983196889567953,0.6984222551366291,0.00010256617983384064
1706,ATT,2739,3942,0,1,0.6582608095613133,0.6582831235634392,2.231400212593382e-05
1707,ATT,2740,1195,0,0,0.5806127600946462,0.5806989456059005,8.618551125427754e-05
1708,ATT,2744,3427,0,1,0.6146309248273234,0.6145588948708783,7.202995644506327e-05
1709,ATT,2745,992,0,1,0.6363612524655243,0.6363485991958721,1.265326965227409e-05
1710,ATT,2746,3254,0,0,0.7502662276398021,0.750351903982169,8.567634236689159e-05
1711,ATT,2747,2244,0,0,0.43418496384636607,0.43434054692757057,0.00015558308120450226
1712,ATT,2748,2336,0,0,0.674405996985846,0.674545965940075,0.00013996895422896394
1713,ATT,2749,2806,0,1,0.5391182567512779,0.5388772861625446,0.00024097058873329136
1714,ATT,2750,893,0,0,0.646917281782878,0.6467896995390093,0.00012758224386866246
1715,ATT,2752,2778,0,1,0.7333182694299446,0.7330684061572742,0.0002498632726704031
1716,ATT,2753,2662,0,0,0.5121369298077059,0.5120556238971555,8.130591055033332e-05
1717,ATT,2754,3147,0,0,0.7728732832423316,0.7729655645408564,9.228129852478784e-05
1718,ATT,2756,3048,0,1,0.8767584829710408,0.8797317035357262,0.002973220564685408
1719,ATT,2757,1853,0,0,0.6277405857072058,0.627803804584174,6.321887696814077e-05
1720,ATT,2758,687,0,0,0.3781846871026081,0.3783058216174914,0.00012113451488326987
1721,ATT,2759,3499,0,0,0.5767374542986549,0.5768723855597697,0.00013493126111485676
1722,ATT,2760,2504,0,0,0.7863692876892275,0.7864010460208235,3.175833159596575e-05
1723,ATT,2763,2994,0,0,0.5283514819135221,0.5284748749324036,0.00012339301888153464
1724,ATT,2764,2038,0,0,0.6320890614569257,0.6319630536314405,0.00012600782548521927
1725,ATT,2765,3680,0,0,0.6349581329476089,0.634880947843968,7.718510364096431e-05
1726,ATT,2766,987,0,0,0.7685823271208212,0.768614768078691,3.244095786980594e-05
1727,ATT,2769,1585,0,1,0.6576897759422647,0.6575941023714691,9.567357079565131e-05
1728,ATT,2770,2365,1,0,0.573790460202247,0.5738671234417145,7.666323946753373e-05
1729,ATT,2772,198,0,1,0.6538025306944919,0.6538390489577873,3.65182632954264e-05
1730,ATT,2774,2260,0,1,0.6632923841665759,0.6633029732562351,1.0589089659229778e-05
1731,ATT,2776,2894,0,1,0.6853837847579257,0.6852070622553381,0.0001767225025876007
1732,ATT,2777,3053,1,0,0.7354056667322872,0.7354189458044104,1.3279072123117963e-05
1733,ATT,2779,1688,0,1,0.5180758521012616,0.5179923126541841,8.353944707750749e-05
1734,ATT,2780,429,0,0,0.6421741923414769,0.6421695286097042,4.6637317726583305e-06
1735,ATT,2782,985,0,0,0.7035747697569436,0.7040782345061678,0.0005034647492242472
1736,ATT,2785,194,0,1,0.32935436454125494,0.3290246639457029,0.00032970059555204045
1737,ATT,2786,1233,0,0,0.5418338097537573,0.5417587008971829,7.51088565743574e-05
1738,ATT,2787,3796,0,0,0.7570343337908263,0.7569896181775241,4.4715613302215296e-05
1739,ATT,2788,1617,0,0,0.8516996145541625,0.8505293203135869,0.0011702942405756867
1740,ATT,2789,1172,0,1,0.8074813466126025,0.8091495462583923,0.0016681996457897919
1741,ATT,2790,3360,0,0,0.6346650580354474,0.6348192933062031,0.00015423527075575372
1742,ATT,2791,1345,0,0,0.7966587044946076,0.7963556161122961,0.0003030883823115227
1743,ATT,2793,891,0,1,0.8065824637999246,0.8056740379588859,0.0009084258410386736
1744,ATT,2794,1772,0,1,0.7511812471665921,0.7511633886239223,1.785854266977971e-05
1745,ATT,2797,3309,0,1,0.7089491417552668,0.7087513655138569,0.00019777624140993044
1746,ATT,2798,1738,1,0,0.6317963075411641,0.6318338965951189,3.758905395478962e-05
1747,ATT,2799,788,1,1,0.8328437053263733,0.8326456922121861,0.00019801311418721212
1748,ATT,2800,2844,0,0,0.48295382654756563,0.4829710953239701,1.7268776404455455e-05
1749,ATT,2801,2804,1,0,0.5880964556332279,0.5883662025992529,0.00026974696602499737
1750,ATT,2802,2107,1,1,0.7709756899988538,0.7710954749657626,0.00011978496690878693
1751,ATT,2803,3080,0,1,0.716283476847855,0.7164544227330699,0.0001709458852149348
1752,ATT,2805,1189,0,0,0.6307910434143952,0.6308242230956086,3.3179681213413303e-05
1753,ATT,2809,2604,1,1,0.7648955869353189,0.765312190719454,0.00041660378413510557
1754,ATT,2811,1277,0,0,0.6876670474104016,0.6879764110907508,0.00030936368034917283
1755,ATT,2812,1703,0,1,0.6218694149587404,0.621904169027652,3.475406891162436e-05
1756,ATT,2814,1617,1,0,0.852455740932684,0.8505293203135869,0.0019264206190970912
1757,ATT,2815,2615,1,0,0.8355104153000144,0.8348150365101802,0.0006953787898341668
1758,ATT,2816,2593,0,1,0.6628081233011408,0.6630491808179594,0.0002410575168185769
1759,ATT,2817,245,1,1,0.7913114845578927,0.7912867502841384,2.4734273754267733e-05
1760,ATT,2818,1942,0,0,0.4219575462944692,0.4213931663435401,0.0005643799509290615
1761,ATT,2820,354,0,0,0.6549136525998513,0.6548657823588035,4.7870241047798245e-05
1762,ATT,2822,968,0,0,0.8139979932336233,0.8122418538780899,0.001756139355533426
1763,ATT,2823,3023,0,0,0.7574681606822236,0.7573703075239918,9.785315823174212e-05
1764,ATT,2824,2636,0,1,0.5786104806373512,0.578702581376227,9.210073887577774e-05
1765,ATT,2826,470,1,0,0.4669634877655575,0.46682645844132326,0.00013702932423426128
1766,ATT,2828,2468,0,1,0.7061479303325975,0.7061307833742286,1.714695836885216e-05
1767,ATT,2830,2077,0,1,0.6820475359632292,0.681788762748891,0.00025877321433820377
1768,ATT,2831,3175,0,1,0.6511892160727187,0.6511019983658715,8.72177068472757e-05
1769,ATT,2832,2034,0,0,0.7098746415274494,0.7100414643691074,0.00016682284165803196
1770,ATT,2833,2521,0,1,0.6058312847832709,0.605816233082322,1.5051700948842672e-05
1771,ATT,2834,1105,0,0,0.6184531619043172,0.6183649569895507,8.820491476646541e-05
1772,ATT,2837,2008,0,1,0.6788777270665827,0.6787177914187168,0.000159935647865872
1773,ATT,2841,3023,0,0,0.757434209649227,0.7573703075239918,6.390212523521566e-05
1774,ATT,2842,114,0,0,0.7933585953236563,0.7931242477628709,0.0002343475607853307
1775,ATT,2845,3224,1,0,0.725758230116687,0.7260437249123654,0.0002854947956782983
1776,ATT,2846,3053,0,0,0.7352699789931898,0.7354189458044104,0.00014896681122056332
1777,ATT,2850,59,0,0,0.3785945732485568,0.3785773659632381,1.7207285318676657e-05
1778,ATT,2854,3802,0,0,0.429565333810592,0.42960049758930025,3.5163778708269255e-05
1779,ATT,2855,702,0,0,0.48240132618357356,0.48232510548068985,7.622070288371141e-05
1780,ATT,2856,3823,0,0,0.6641296484609633,0.6641084066734655,2.1241787497849884e-05
1781,ATT,2858,3512,1,0,0.7859409160376598,0.7858862219090464,5.469412861336398e-05
1782,ATT,2859,1267,0,0,0.5020838979504795,0.5021342230609713,5.032511049185562e-05
1783,ATT,2860,621,0,1,0.5170655165371265,0.5170237577115357,4.175882559076527e-05
1784,ATT,2862,3363,0,0,0.6382761009304115,0.6382027533473276,7.334758308397138e-05
1785,ATT,2864,3546,0,1,0.7542631723021485,0.754155100794099,0.00010807150804947874
1786,ATT,2866,3717,0,0,0.8336023748438834,0.8335876005162339,1.4774327649513808e-05
1787,ATT,2867,3853,0,0,0.5968912628868207,0.5971753169983874,0.0002840541115667339
1788,ATT,2868,3850,0,0,0.6458085557112598,0.6455567474717817,0.00025180823947812403
1789,ATT,2869,3230,0,0,0.6480472491548221,0.6480500858288062,2.8366739840413047e-06
1790,ATT,2871,891,1,1,0.8065769739884363,0.8056740379588859,0.000902936029550383
1791,ATT,2873,2483,0,0,0.6179296365260027,0.6179628276494025,3.3191123399722855e-05
1792,ATT,2874,3006,0,0,0.413731249060607,0.4134892199549515,0.00024202910565546132
1793,ATT,2875,3749,0,0,0.6505549405823525,0.650430318612927,0.00012462196942553128
1794,ATT,2876,3799,0,1,0.838438053411443,0.8381627429009066,0.0002753105105363085
1795,ATT,2879,1339,0,0,0.7888229237147,0.7891663808483871,0.0003434571336871084
1796,ATT,2880,3486,0,1,0.7569107575348369,0.7569641323958322,5.337486099521449e-05
1797,ATT,2881,1703,0,1,0.6219938558935495,0.621904169027652,8.968686589749808e-05
1798,ATT,2882,1807,0,0,0.5492860665624314,0.5492664218400962,1.9644722335177e-05
1799,ATT,2883,1032,0,1,0.8576533058237544,0.8597704095903379,0.0021171037665834724
1800,ATT,2884,3468,1,1,0.6210140539586076,0.6211572864955468,0.00014323253693915294
1801,ATT,2885,3106,0,0,0.4844118405881649,0.4847537787301877,0.000341938142022824
1802,ATT,2886,1172,0,1,0.8094131927295704,0.8091495462583923,0.0002636464711780473
1803,ATT,2888,3652,0,0,0.5966883260971427,0.5963670573383161,0.00032126875882665384
1804,ATT,2890,3215,0,1,0.7616390252483426,0.7616209887812828,1.8036467059778793e-05
1805,ATT,2892,370,0,0,0.6552459452462382,0.6556043299722476,0.0003583847260093531
1806,ATT,2893,2948,0,1,0.5916933546961742,0.5916327626404555,6.0592055718733384e-05
1807,ATT,2897,4,1,0,0.7348227070956834,0.7347947761815904,2.7930914093032833e-05
1808,ATT,2899,3224,0,0,0.7258737799722474,0.7260437249123654,0.0001699449401179054
1809,ATT,2900,3568,0,0,0.4885634107722184,0.48855152857616535,1.1882196053025762e-05
1810,ATT,2901,3433,0,0,0.8963179914985924,0.886948305995866,0.009369685502726322
1811,ATT,2903,3412,0,0,0.5173443472796109,0.51736317135574,1.8824076129075884e-05
1812,ATT,2904,1106,0,1,0.5681540109487677,0.5683608676769156,0.00020685672814790834
1813,ATT,2905,3460,0,0,0.5811034382801157,0.5808012955937619,0.00030214268635375685
1814,ATT,2906,3964,0,1,0.7388886522344726,0.7390197422744765,0.00013109004000388946
1815,ATT,2908,2840,1,0,0.723528701477116,0.7235668457995388,3.814432242277288e-05
1816,ATT,2910,2849,0,0,0.7657630181900438,0.7657290610971907,3.3957092853031945e-05
1817,ATT,2913,3831,0,0,0.610937583382158,0.6110693848776751,0.0001318014955171698
1818,ATT,2915,2305,1,0,0.5084719120700055,0.508603498809417,0.00013158673941149335
1819,ATT,2916,3342,0,0,0.7179451088438815,0.7177436289899157,0.00020147985396579138
1820,ATT,2917,2636,0,1,0.5785300127536872,0.578702581376227,0.00017256862253978156
1821,ATT,2920,2209,0,0,0.7446705586836333,0.744914542365128,0.00024398368149469718
1822,ATT,2923,1355,0,1,0.5246500637327481,0.5246409619650343,9.101767713848297e-06
1823,ATT,2924,3644,1,1,0.6336129534065945,0.6335801033733105,3.285003328401537e-05
1824,ATT,2925,819,0,0,0.6833304393753208,0.6832045788307921,0.00012586054452867756
1825,ATT,2926,622,1,0,0.4933715315842207,0.49345506932574956,8.353774152886073e-05
1826,ATT,2929,2611,0,1,0.6964850408142644,0.6965092999874997,2.4259173235230413e-05
1827,ATT,2930,3505,0,1,0.6374238817617867,0.6372774296258431,0.00014645213594355333
1828,ATT,2932,114,0,0,0.7924400396283204,0.7931242477628709,0.0006842081345505013
1829,ATT,2933,3994,0,0,0.42291215852043734,0.42344568637010876,0.0005335278496714224
1830,ATT,2934,836,0,0,0.7609787886283416,0.7614344652338431,0.00045567660550149824
1831,ATT,2937,3516,0,0,0.4744935788509503,0.4745129409781081,1.9362127157807052e-05
1832,ATT,2938,364,0,1,0.7773916796984445,0.7772448753879834,0.00014680431046110165
1833,ATT,2939,1339,1,0,0.7892747966495032,0.7891663808483871,0.00010841580111609073
1834,ATT,2940,890,0,1,0.5497738286519578,0.5499796382577917,0.0002058096058339398
1835,ATT,2942,3159,0,0,0.333260965129897,0.33155482648648793,0.001706138643409072
1836,ATT,2943,1954,0,0,0.481539639475442,0.48146120265315995,7.84368222820353e-05
1837,ATT,2944,808,1,1,0.7002316152876518,0.7003138538099334,8.22385222816191e-05
1838,ATT,2945,3283,1,1,0.7080052579037611,0.707588427285644,0.0004168306181171477
1839,ATT,2949,2344,0,0,0.4479086972279931,0.4479529059078931,4.42086799000152e-05
1840,ATT,2950,1267,1,0,0.5018689881232403,0.5021342230609713,0.00026523493773100704
1841,ATT,2951,283,0,1,0.4591311661695651,0.4592830868577118,0.00015192068814667836
1842,ATT,2954,3968,0,0,0.7823342545322806,0.7822598108551794,7.444367710118804e-05
1843,ATT,2955,383,0,0,0.6205781626386062,0.6205743015547794,3.861083826772749e-06
1844,ATT,2956,3373,0,0,0.7192988396143833,0.7196624865889673,0.0003636469745839088
1845,ATT,2957,688,0,0,0.7175270124112987,0.7175207867418542,6.225669444526183e-06
1846,ATT,2958,3333,0,1,0.7733934651316277,0.7734454543394218,5.198920779414529e-05
1847,ATT,2959,3571,0,0,0.615536879261427,0.6154802721509121,5.660711051491685e-05
1848,ATT,2960,3853,0,0,0.5971975051085839,0.5971753169983874,2.2188110196497135e-05
1849,ATT,2963,1440,0,0,0.573452269033135,0.5735609830714097,0.00010871403827472648
1850,ATT,2964,1834,1,1,0.7579931465087715,0.7580812164371528,8.806992838128469e-05
1851,ATT,2965,3571,0,0,0.6154710678349433,0.6154802721509121,9.204315968736054e-06
1852,ATT,2966,1180,0,0,0.6760740871128911,0.6762396465154243,0.0001655594025332663
1853,ATT,2967,2336,0,0,0.6744612954378764,0.674545965940075,8.467050219862493e-05
1854,ATT,2970,1058,0,0,0.6935023700050335,0.693414278966019,8.809103901441517e-05
1855,ATT,2971,370,0,0,0.6555300921816011,0.6556043299722476,7.423779064652525e-05
1856,ATT,2973,3652,0,0,0.5965233376233191,0.5963670573383161,0.00015628028500302982
1857,ATT,2977,3449,0,0,0.6908120351358521,0.6908370889488189,2.505381296680209e-05
1858,ATT,2978,1172,0,1,0.8085233946522481,0.8091495462583923,0.0006261516061442096
1859,ATT,2980,1064,0,0,0.6119424292847556,0.6119849080023964,4.2478717640737074e-05
1860,ATT,2984,2183,0,1,0.6187528435010142,0.6191158811420308,0.00036303764101652813
1861,ATT,2985,3163,0,0,0.715253589832835,0.7152467293961066,6.860436728484132e-06
1862,ATT,2986,3408,0,0,0.472961598359898,0.4728233419184328,0.000138256441465201
1863,ATT,2987,869,0,0,0.6621597718904119,0.6618949243263864,0.00026484756402544996
1864,ATT,2988,1471,1,0,0.5746716134807917,0.5747823910972253,0.00011077761643363271
1865,ATT,2990,2366,0,0,0.5570637554839966,0.5571630304744002,9.927499040363053e-05
1866,ATT,2991,3465,0,0,0.6922897286125459,0.6927440202742554,0.00045429166170951607
1867,ATT,2996,3440,0,1,0.5175896951575742,0.5176175923275369,2.789716996265401e-05
1868,ATT,2997,121,1,0,0.515160650199772,0.5152689675873882,0.00010831738761618581
1869,ATT,2998,206,0,0,0.6399329174528532,0.6399507516519015,1.7834199048327726e-05
1870,ATT,2999,3928,0,1,0.6758801290705875,0.6757759597718362,0.00010416929875123326
1871,ATT,3000,2563,0,0,0.551658156551662,0.5518146830630695,0.0001565265114075176
1872,ATT,3002,2771,0,0,0.6509422280104871,0.6510464421196747,0.00010421410918759477
1873,ATT,3003,2894,0,1,0.6854900567255853,0.6852070622553381,0.0002829944702471554
1874,ATT,3005,3956,0,0,0.4778409916385297,0.4778617096551083,2.0718016578602505e-05
1875,ATT,3009,2410,0,0,0.6082091199956619,0.6082685497389712,5.942974330930273e-05
1876,ATT,3010,2896,0,0,0.7718975076308863,0.7719144115514444,1.690392055808676e-05
1877,ATT,3013,1246,1,1,0.8833051351427478,0.880121012221167,0.0031841229215807676
1878,ATT,3014,1925,0,1,0.6437605876360382,0.6437086468018463,5.194083419191031e-05
1879,ATT,3017,1249,0,1,0.7312932976352216,0.7312750097321539,1.828790306768191e-05
1880,ATT,3018,3789,0,0,0.5531352235411752,0.5531053658154392,2.9857725735937812e-05
1881,ATT,3019,2502,0,0,0.615404366054449,0.6154503975523139,4.603149786486238e-05
1882,ATT,3020,370,0,0,0.6555091270717978,0.6556043299722476,9.520290044984225e-05
1883,ATT,3021,1847,0,0,0.7138084803428112,0.7136835248992939,0.00012495544351731613
1884,ATT,3024,2362,0,1,0.5191770948719622,0.519232504370839,5.5409498876834995e-05
1885,ATT,3025,3583,0,0,0.7200322669027345,0.71978487368385,0.00024739321888445076
1886,ATT,3026,1425,0,1,0.5947212437056856,0.5945789836022338,0.00014226010345175233
1887,ATT,3027,1615,0,0,0.5329998738206849,0.5331210718752939,0.00012119805460897304
1888,ATT,3030,2551,0,0,0.49707281858233365,0.4969086893110574,0.00016412927127623655
1889,ATT,3031,3286,0,0,0.7255360060326185,0.7253367390988912,0.00019926693372729343
1890,ATT,3032,1872,0,0,0.4988343833689224,0.4991038773462967,0.00026949397737430214
1891,ATT,3035,1172,0,1,0.8088656716185003,0.8091495462583923,0.00028387463989199
1892,ATT,3036,700,0,0,0.572096138865827,0.5721021350098017,5.996143974673629e-06
1893,ATT,3037,245,0,1,0.7912966223767599,0.7912867502841384,9.872092621487916e-06
1894,ATT,3038,163,0,0,0.7377360766070828,0.7379116446869645,0.00017556807988161616
1895,ATT,3039,2821,0,1,0.7699688275662133,0.7697065308836671,0.00026229668254618144
1896,ATT,3040,2911,0,1,0.5849096925461603,0.5848611631313483,4.852941481203743e-05
1897,ATT,3041,3652,1,0,0.5961390985263114,0.5963670573383161,0.00022795881200465828
1898,ATT,3042,679,0,0,0.8674530079891262,0.8677522286562075,0.00029922066708132355
1899,ATT,3043,3546,0,1,0.75420144123729,0.754155100794099,4.6340443191073e-05
1900,ATT,3045,3529,0,0,0.3885719233827653,0.3884621971278895,0.00010972625487581933
1901,ATT,3046,918,1,0,0.5375232834834601,0.537337370027243,0.00018591345621710165
1902,ATT,3047,3264,0,0,0.5344916342232874,0.5343025791296249,0.00018905509366251572
1903,ATT,3049,1172,1,1,0.809591248560642,0.8091495462583923,0.0004417023022497135
1904,ATT,3050,1962,0,0,0.6330486593321049,0.6333098274462079,0.00026116811410303864
1905,ATT,3051,815,0,0,0.5814627982507671,0.5816407402610289,0.00017794201026177792
1906,ATT,3052,2527,0,0,0.7119511686682044,0.7121816672905854,0.0002304986223810035
1907,ATT,3054,3912,0,0,0.7230871957103807,0.7231038220654499,1.6626355069160326e-05
1908,ATT,3055,1339,0,0,0.7895429198796753,0.7891663808483871,0.0003765390312882033
1909,ATT,3056,3332,0,1,0.5836604057640645,0.5837995201569653,0.00013911439290081873
1910,ATT,3057,2196,1,0,0.627308640741441,0.6271228919034709,0.0001857488379700678
1911,ATT,3058,3803,0,0,0.4145033191844993,0.41455243747077464,4.911828627535142e-05
1912,ATT,3061,723,0,0,0.6876225724058477,0.6872742759706792,0.000348296435168427
1913,ATT,3066,1305,0,0,0.6729250446205867,0.6727944560296814,0.00013058859090531172
1914,ATT,3067,970,0,0,0.47653243552547053,0.47650290565303716,2.9529872433375903e-05
1915,ATT,3069,614,0,0,0.7123951361834511,0.7123444288680684,5.070731538270312e-05
1916,ATT,3070,2120,0,0,0.3525338307656357,0.352378519864185,0.00015531090145071147
1917,ATT,3071,22,0,0,0.6960253132344393,0.6959832142193004,4.209901513885228e-05
1918,ATT,3072,1339,0,0,0.7897356184204195,0.7891663808483871,0.0005692375720324216
1919,ATT,3073,2181,1,0,0.4455087974574469,0.44545410376853145,5.469368891547477e-05
1920,ATT,3074,819,1,0,0.6828303438539521,0.6832045788307921,0.0003742349768399711
1921,ATT,3075,2771,0,0,0.6509431846928027,0.6510464421196747,0.00010325742687200545
1922,ATT,3077,2696,0,0,0.5775889349433833,0.5776904288672929,0.00010149392390967904
1923,ATT,3079,583,0,0,0.6389901568855698,0.6389869868716078,3.1700139619950107e-06
1924,ATT,3083,1792,0,0,0.6970259250174252,0.6969697150232006,5.620999422462081e-05
1925,ATT,3084,987,0,0,0.768605140325943,0.768614768078691,9.627752748042617e-06
1926,ATT,3085,2710,0,0,0.7030441171537767,0.7030580964292237,1.3979275446995842e-05
1927,ATT,3086,808,0,1,0.7000813555096013,0.7003138538099334,0.00023249830033211794
1928,ATT,3087,1362,0,0,0.6329063018236395,0.6326973064961157,0.000208995327523831
1929,ATT,3088,546,0,0,0.5562620679200884,0.5562934622085549,3.139428846654635e-05
1930,ATT,3090,2819,0,0,0.44202221408463865,0.44192503381492554,9.718026971311522e-05
1931,ATT,3091,2335,0,0,0.6086277177873951,0.6086568806136823,2.9162826287176813e-05
1932,ATT,3092,2504,0,0,0.7864033892739107,0.7864010460208235,2.343253087233599e-06
1933,ATT,3094,1100,0,1,0.6786279036063987,0.6786767989791685,4.8895372769863776e-05
1934,ATT,3096,1813,0,0,0.7024442210864268,0.7026796643401482,0.0002354432537213791
1935,ATT,3097,3325,0,0,0.3967826374284326,0.3967754290446974,7.2083837351910596e-06
1936,ATT,3098,3500,0,0,0.5425173637781521,0.5425164177391889,9.460389631676946e-07
1937,ATT,3099,786,0,0,0.6696637911246022,0.6696065686218098,5.722250279238672e-05
1938,ATT,3100,3388,0,0,0.6514843965766169,0.6515062614760083,2.1864899391377257e-05
1939,ATT,3101,3968,1,0,0.7822168538692067,0.7822598108551794,4.295698597267528e-05
1940,ATT,3103,190,0,0,0.4324620225834267,0.4327058355629738,0.00024381297954712
1941,ATT,3105,2896,0,0,0.772199853874428,0.7719144115514444,0.00028544232298366445
1942,ATT,3107,2511,0,0,0.7335668177331631,0.7338498271971312,0.0002830094639680869
1943,ATT,3109,3165,0,1,0.693308359707802,0.6933339193309463,2.5559623144322252e-05
1944,ATT,3115,3433,0,0,0.9593480052567128,0.886948305995866,0.07239969926084677
1945,ATT,3116,343,1,0,0.7568244401340725,0.7567971199527881,2.7320181284373746e-05
1946,ATT,3117,3016,0,0,0.8199813824073721,0.8200059730229322,2.459061556014941e-05
1947,ATT,3118,3062,1,1,0.7779418798381764,0.7781281296824616,0.000186249844285169
1948,ATT,3119,3278,0,0,0.7285689050783482,0.7281353254927105,0.00043357958563761123
1949,ATT,3120,1672,0,0,0.5935067215072267,0.5932189573530241,0.0002877641542026188
1950,ATT,3122,2500,0,1,0.7831039827421332,0.7829336599113711,0.0001703228307621263
1951,ATT,3123,1425,0,1,0.5944966474833302,0.5945789836022338,8.233611890362535e-05
1952,ATT,3125,2336,0,0,0.6748824791449443,0.674545965940075,0.00033651320486927094
1953,ATT,3126,2036,1,0,0.6672627325962794,0.6671446589285576,0.00011807366772187411
1954,ATT,3127,2196,0,0,0.6273392725882452,0.6271228919034709,0.00021638068477425332
1955,ATT,3128,2196,0,0,0.6270114824909714,0.6271228919034709,0.00011140941249954128
1956,ATT,3129,1519,0,0,0.6635784134309812,0.6634227521678138,0.00015566126316746143
1957,ATT,3131,256,0,1,0.5555739274093114,0.555695926889892,0.0001219994805805591
1958,ATT,3132,1785,0,1,0.4550909629677168,0.455100880411481,9.917443764217992e-06
1959,ATT,3134,3360,1,0,0.6343346091069676,0.6348192933062031,0.00048468419923552997
1960,ATT,3135,1632,1,1,0.6954196385190492,0.6953543425631395,6.529595590964998e-05
1961,ATT,3140,1493,0,0,0.795252483135972,0.7955429739420682,0.0002904908060962219
1962,ATT,3142,2775,1,0,0.712990619125137,0.7127873194993033,0.0002032996258336528
1963,ATT,3143,2046,0,0,0.5653678344889062,0.5650823253582719,0.0002855091306342983
1964,ATT,3144,2107,0,1,0.7714250311022275,0.7710954749657626,0.00032955613646490356
1965,ATT,3145,1477,0,0,0.62386764616814,0.6237997420532604,6.790411487966885e-05
1966,ATT,3146,2941,0,0,0.37625015858665584,0.3753925508022829,0.0008576077843729379
1967,ATT,3148,1877,0,0,0.634034096417268,0.6338044626382484,0.00022963377901963344
1968,ATT,3150,3898,0,1,0.6293465921776088,0.6289029121671099,0.0004436800104988814
1969,ATT,3151,1424,0,0,0.7921023311573018,0.7916006086468019,0.0005017225104998468
1970,ATT,3152,1442,0,0,0.6311202957174985,0.6312236411172684,0.00010334539976986079
1971,ATT,3154,2072,0,0,0.6042933653874883,0.6041973781313016,9.598725618675807e-05
1972,ATT,3157,1517,0,0,0.6719898830360603,0.6722388542177912,0.0002489711817308393
1973,ATT,3158,191,0,0,0.42103238859945274,0.4210633613110896,3.0972711636878536e-05
1974,ATT,3160,538,1,0,0.4701119140929169,0.4701137707073901,1.8566144731613221e-06
1975,ATT,3161,1102,0,0,0.5534308731008356,0.5535467696125395,0.00011589651170385018
1976,ATT,3162,373,0,1,0.730257181928838,0.7302413418348096,1.5840094028440888e-05
1977,ATT,3164,1004,0,0,0.4462027320081708,0.44617066689328744,3.206511488335062e-05
1978,ATT,3166,3831,1,0,0.6110833972029714,0.6110693848776751,1.401232529629759e-05
1979,ATT,3167,2953,0,1,0.3997482284484682,0.3996793160444637,6.891240400447307e-05
1980,ATT,3168,2500,1,1,0.7833952068891576,0.7829336599113711,0.0004615469777865533
1981,ATT,3169,1424,0,0,0.7921771941211516,0.7916006086468019,0.000576585474349689
1982,ATT,3171,1266,0,0,0.7278693710128717,0.7276219508638215,0.0002474201490502148
1983,ATT,3179,1716,0,1,0.7216482963151513,0.7213302353006098,0.00031806101454145974
1984,ATT,3180,309,0,0,0.44972210611463787,0.4497115907322044,1.0515382433462506e-05
1985,ATT,3182,1792,0,0,0.6971106096164406,0.6969697150232006,0.00014089459323995968
1986,ATT,3184,1032,1,1,0.8577582642029369,0.8597704095903379,0.002012145387401021
1987,ATT,3185,1266,0,0,0.7276011974762813,0.7276219508638215,2.0753387540262125e-05
1988,ATT,3186,3360,0,0,0.6345741293928385,0.6348192933062031,0.00024516391336459886
1989,ATT,3187,2025,0,1,0.6674551379466285,0.6675095452269318,5.4407280303370165e-05
1990,ATT,3189,2450,0,1,0.6882920506346403,0.688409279104098,0.0001172284694577197
1991,ATT,3191,146,0,0,0.7113594014876813,0.7114040067768477,4.4605289166388395e-05
1992,ATT,3193,2524,0,0,0.768002685966197,0.7680568810976953,5.419513149829136e-05
1993,ATT,3198,2716,0,1,0.6740915869157232,0.6742399707902442,0.00014838387452098534
1994,ATT,3199,3001,0,0,0.6366822517659722,0.6368747873518519,0.0001925355858797273
1995,ATT,3201,2123,0,0,0.5658864952280214,0.5659115959403803,2.5100712358949728e-05
1996,ATT,3202,2439,0,0,0.7238123436507458,0.7238431468105692,3.080315982340043e-05
1997,ATT,3205,3905,1,0,0.7299875752587645,0.7301206376608226,0.00013306240205812614
1998,ATT,3206,3808,0,1,0.4997667838920876,0.49987236158089704,0.00010557768880942175
1999,ATT,3208,1220,0,0,0.6778204912707082,0.6778885142211154,6.80229504071983e-05
2000,ATT,3209,3956,0,0,0.47785792302428837,0.4778617096551083,3.7866308199574483e-06
2001,ATT,3211,2611,0,1,0.6965869936214215,0.6965092999874997,7.769363392184925e-05
2002,ATT,3213,622,0,0,0.49342579409646237,0.49345506932574956,2.9275229287195614e-05
2003,ATT,3214,3291,0,0,0.49161729369650514,0.4914869679479639,0.0001303257485412157
2004,ATT,3216,3672,0,0,0.48983422352331696,0.48984021486113893,5.991337821975584e-06
2005,ATT,3218,2507,0,0,0.6166033432815687,0.6167374276846977,0.00013408440312900893
2006,ATT,3219,3301,0,0,0.6056497747043221,0.6055074198946805,0.0001423548096416427
2007,ATT,3222,843,0,1,0.3671730297706858,0.36813129207159323,0.0009582623009074531
2008,ATT,3223,914,0,0,0.711010330932014,0.7109754992023584,3.483172965568215e-05
2009,ATT,3225,1142,0,0,0.6566104890717983,0.656386338287508,0.0002241507842902779
2010,ATT,3231,1703,0,1,0.621815551687828,0.621904169027652,8.861733982401532e-05
2011,ATT,3232,3156,1,0,0.670610952841245,0.6705260165311785,8.493631006645241e-05
2012,ATT,3234,2296,0,1,0.7097366554840263,0.7095088225185937,0.00022783296543260612
2013,ATT,3237,2569,0,0,0.7029057490061859,0.7030016049611529,9.585595496708343e-05
2014,ATT,3238,1846,0,0,0.6769977619674099,0.677299522571191,0.00030176060378106495
2015,ATT,3239,621,1,1,0.5170908198975357,0.5170237577115357,6.706218599994429e-05
2016,ATT,3240,3924,0,0,0.6102621312794955,0.6100350873855067,0.00022704389398875424
2017,ATT,3241,3557,0,0,0.6415873810140075,0.6417234339745872,0.0001360529605797245
2018,ATT,3242,3309,0,1,0.7088786695752735,0.7087513655138569,0.0001273040614165888
2019,ATT,3243,280,0,0,0.5850307360137763,0.5849638457213856,6.689029239070887e-05
2020,ATT,3247,373,0,1,0.7301850014791024,0.7302413418348096,5.6340355707229506e-05
2021,ATT,3249,1189,0,0,0.6306602194780349,0.6308242230956086,0.00016400361757373805
2022,ATT,3251,448,0,0,0.5580921323611197,0.5581028320403312,1.069967921152326e-05
2023,ATT,3252,2852,0,0,0.4607976490395667,0.4609018290586522,0.0001041800190854647
2024,ATT,3253,3246,0,1,0.7972547439716833,0.7977322177445522,0.00047747377286888604
2025,ATT,3255,3799,0,1,0.8424354658757777,0.8381627429009066,0.004272722974871024
2026,ATT,3256,2106,0,0,0.6200918448495997,0.6201189666838127,2.712183421305081e-05
2027,ATT,3258,2366,0,0,0.5571249753112439,0.5571630304744002,3.8055163156247573e-05
2028,ATT,3259,2166,0,0,0.4951680032119035,0.49511572863479214,5.227457711137751e-05
2029,ATT,3261,237,1,1,0.7606791234439997,0.7599324554441153,0.0007466679998844317
2030,ATT,3262,3432,0,0,0.6363043397911508,0.6363011003557535,3.239435397262014e-06
2031,ATT,3267,1220,0,0,0.6778079857863124,0.6778885142211154,8.052843480299554e-05
2032,ATT,3268,3246,1,1,0.7970890898980796,0.7977322177445522,0.0006431278464725798
2033,ATT,3269,2102,0,1,0.5895273282090602,0.589496386146089,3.094206297116209e-05
2034,ATT,3270,987,1,0,0.7685093732950496,0.768614768078691,0.0001053947836413549
2035,ATT,3271,3956,0,0,0.47794415151929603,0.4778617096551083,8.244186418771005e-05
2036,ATT,3273,3257,0,1,0.8013498136025422,0.8010879942094655,0.0002618193930766788
2037,ATT,3274,3962,0,0,0.5385772523061079,0.5387587345456464,0.00018148223953851073
2038,ATT,3275,3968,0,0,0.78245943080797,0.7822598108551794,0.0001996199527906084
2039,ATT,3276,638,0,0,0.4901664303949466,0.49010979008244393,5.6640312502687085e-05
2040,ATT,3279,957,0,0,0.5557721548235345,0.5558180556210519,4.590079751742859e-05
2041,ATT,3280,3081,1,1,0.7531696477068481,0.7529685900706359,0.00020105763621225403
2042,ATT,3281,1549,0,0,0.4552022896447798,0.45515451468079277,4.777496398705727e-05
2043,ATT,3282,3508,0,0,0.3978159503402134,0.39790786936542427,9.19190252108848e-05
2044,ATT,3284,3990,0,0,0.6499046842691042,0.6501119977756331,0.00020731350652891667
2045,ATT,3285,3398,0,0,0.5873321070959315,0.5873304916729662,1.6154229652842744e-06
2046,ATT,3287,3582,0,0,0.7366421425823927,0.7365509217552384,9.122082715429247e-05
2047,ATT,3288,1843,0,0,0.5336747561689915,0.5339994170878283,0.00032466091883676107
2048,ATT,3289,2031,0,1,0.43475197329801396,0.43484902788793056,9.705458991660088e-05
2049,ATT,3290,2304,0,0,0.4907355424804776,0.49095232952521906,0.00021678704474142885
2050,ATT,3293,2569,0,0,0.7028748676714172,0.7030016049611529,0.0001267372897357788
2051,ATT,3294,3765,0,0,0.5261165767874227,0.5262071272235493,9.055043612660185e-05
2052,ATT,3296,3347,1,0,0.5956875979766465,0.595716900886142,2.930290949554326e-05
2053,ATT,3297,337,0,0,0.6539669079952959,0.6540325434205169,6.563542522097787e-05
2054,ATT,3298,3328,0,1,0.6979860157376642,0.6979577164840349,2.829925362923813e-05
2055,ATT,3302,3064,0,0,0.5871883614358496,0.5870904576831216,9.790375272800134e-05
2056,ATT,3303,2527,0,0,0.7121604967143097,0.7121816672905854,2.117057627570862e-05
2057,ATT,3304,2501,0,0,0.7125736185753779,0.7127150163431395,0.0001413977677615641
2058,ATT,3305,356,0,0,0.4390807852139565,0.43976634380755875,0.0006855585936022535
2059,ATT,3307,283,0,1,0.45915744932398705,0.4592830868577118,0.00012563753372474284
2060,ATT,3308,3500,0,0,0.5426197384719487,0.5425164177391889,0.00010332073275975961
2061,ATT,3310,1359,0,0,0.6001772491008834,0.600181554192077,4.305091193534949e-06
2062,ATT,3311,3433,0,0,0.8996383978521986,0.886948305995866,0.01269009185633252
2063,ATT,3313,199,0,0,0.465419880258913,0.46536963295347183,5.0247305441175616e-05
2064,ATT,3314,3612,0,1,0.7739071730573898,0.7739631825411215,5.600948373174486e-05
2065,ATT,3315,1465,0,0,0.5465906135034808,0.5466802464268478,8.963292336694462e-05
2066,ATT,3316,3022,0,0,0.6143221606754138,0.6142441333521317,7.802732328210382e-05
2067,ATT,3318,891,0,1,0.8054759518018804,0.8056740379588859,0.00019808615700556143
2068,ATT,3320,3850,0,0,0.6456410848970062,0.6455567474717817,8.433742522451215e-05
2069,ATT,3321,1741,0,0,0.6260925159030377,0.6259211101305817,0.00017140577245600142
2070,ATT,3324,1604,0,0,0.5370691801405817,0.5370900575688656,2.087742828393857e-05
2071,ATT,3327,1064,1,0,0.6116906711868388,0.6119849080023964,0.0002942368155575137
2072,ATT,3329,2387,1,0,0.7884154596211809,0.7878790705393611,0.0005363890818197437
2073,ATT,3330,1808,0,0,0.5700017864778025,0.5700439041287938,4.211765099126907e-05
2074,ATT,3331,2539,0,0,0.7219521967177586,0.7220669218874745,0.0001147251697158902
2075,ATT,3334,1672,0,0,0.593582076231364,0.5932189573530241,0.00036311887833995193
2076,ATT,3338,3509,0,0,0.694058401237807,0.6939817792549996,7.662198280744548e-05
2077,ATT,3339,3317,0,0,0.4140983385780577,0.41411316169142526,1.4823113367534724e-05
2078,ATT,3340,808,0,1,0.7001692177982525,0.7003138538099334,0.00014463601168090978
2079,ATT,3341,1937,0,0,0.46263874655895576,0.4627021279959188,6.338143696305032e-05
2080,ATT,3343,3964,0,1,0.7391949332172999,0.7390197422744765,0.00017519094282336667
2081,ATT,3344,2466,0,0,0.558901952972147,0.5586725656144761,0.0002293873576708627
2082,ATT,3345,3111,0,0,0.406663771353388,0.40626842986296097,0.0003953414904270258
2083,ATT,3350,815,1,0,0.581992869419511,0.5816407402610289,0.00035212915848215065
2084,ATT,3351,3212,0,0,0.4047449326659864,0.4047315999494017,1.3332716584657511e-05
2085,ATT,3352,231,0,1,0.531855061668942,0.5319703079696558,0.00011524630071380049
2086,ATT,3353,723,0,0,0.6874325498217274,0.6872742759706792,0.00015827385104816294
2087,ATT,3354,817,0,0,0.5629377123301536,0.5628946244887697,4.308784138384869e-05
2088,ATT,3355,1672,0,0,0.5934017323099355,0.5932189573530241,0.00018277495691143564
2089,ATT,3356,2410,0,0,0.6083386072437028,0.6082685497389712,7.005750473165762e-05
2090,ATT,3357,3264,0,0,0.5349025359425226,0.5343025791296249,0.0005999568128977062
2091,ATT,3358,2781,0,0,0.5006458452981083,0.5005569607610812,8.888453702704524e-05
2092,ATT,3359,3460,0,0,0.5811259530899759,0.5808012955937619,0.0003246574962140203
2093,ATT,3362,1081,0,1,0.7211277674800833,0.7211705783588126,4.281087872926026e-05
2094,ATT,3364,2563,0,0,0.5518495868565074,0.5518146830630695,3.490379343795702e-05
2095,ATT,3365,873,0,0,0.7477142322906735,0.7477492038902019,3.497159952847717e-05
2096,ATT,3366,2244,0,0,0.4344543562796469,0.43434054692757057,0.0001138093520763328
2097,ATT,3367,723,0,0,0.6873636627071099,0.6872742759706792,8.93867364306633e-05
2098,ATT,3368,2378,0,0,0.5272802919088169,0.5275926992318225,0.0003124073230056368
2099,ATT,3370,1853,1,0,0.6276322811400206,0.627803804584174,0.0001715234441533875
2100,ATT,3372,731,0,0,0.6900305040300471,0.6900380712215799,7.567191532831252e-06
2101,ATT,3375,254,0,0,0.5240474262417718,0.5241350072641924,8.758102242056864e-05
2102,ATT,3376,1603,0,0,0.5349626808184477,0.5355967983123666,0.0006341174939189509
2103,ATT,3377,3176,0,0,0.626552019703678,0.626493700406672,5.8319297006059756e-05
2104,ATT,3380,2500,1,1,0.7831302954220973,0.7829336599113711,0.00019663551072623964
2105,ATT,3381,249,0,0,0.748488709844266,0.7484400181921939,4.869165207210813e-05
2106,ATT,3383,364,0,1,0.7774644465367349,0.7772448753879834,0.0002195711487514851
2107,ATT,3384,1256,0,1,0.679654562279057,0.6797701240110665,0.00011556173200955033
2108,ATT,3385,146,1,0,0.7114562562358873,0.7114040067768477,5.224945903958833e-05
2109,ATT,3386,3286,0,0,0.7253335828616977,0.7253367390988912,3.1562371934912292e-06
2110,ATT,3387,2894,0,1,0.6855487127096285,0.6852070622553381,0.00034165045429035423
2111,ATT,3389,3248,0,0,0.6159879824821287,0.6160343478921159,4.6365409987148e-05
2112,ATT,3393,470,0,0,0.46714220636288495,0.46682645844132326,0.0003157479215616932
2113,ATT,3396,2909,0,0,0.6090433560207154,0.6089466980150753,9.665800564007121e-05
2114,ATT,3397,480,0,0,0.6165242221707622,0.6163200285336184,0.00020419363714374583
2115,ATT,3399,3461,0,0,0.7814206029200653,0.780983717438078,0.0004368854819872814
2116,ATT,3400,819,0,0,0.6827445249860508,0.6832045788307921,0.00046005384474134825
2117,ATT,3403,3912,0,0,0.7231665643290586,0.7231038220654499,6.274226360869495e-05
2118,ATT,3404,2894,0,1,0.6856602448984758,0.6852070622553381,0.00045318264313765066
2119,ATT,3405,2961,0,0,0.4207149382310126,0.4208072118241756,9.227359316299477e-05
2120,ATT,3406,0,0,0,0.4798775837414605,0.47948564240649205,0.00039194133496844863
2121,ATT,3407,3433,1,0,0.8837812220062056,0.886948305995866,0.0031670839896604797
2122,ATT,3409,2778,0,1,0.733300410894641,0.7330684061572742,0.00023200473736684213
2123,ATT,3410,847,0,0,0.3939801103241528,0.3948015568546938,0.0008214465305410035
2124,ATT,3411,403,0,0,0.5221144788849411,0.5222223612473584,0.00010788236241732196
2125,ATT,3413,2038,1,0,0.6321647270254211,0.6319630536314405,0.00020167339398069473
2126,ATT,3415,1081,0,1,0.7211832033385248,0.7211705783588126,1.2624979712216877e-05
2127,ATT,3416,1797,0,0,0.6094626396593303,0.6093520143847133,0.00011062527461702665
2128,ATT,3418,272,0,0,0.36832249369201403,0.3683973593465934,7.486565457937022e-05
2129,ATT,3419,3203,1,0,0.7394327687265342,0.7395082693933922,7.550066685801937e-05
2130,ATT,3420,3510,0,1,0.8358267085198366,0.8368129100084019,0.0009862014885652082
2131,ATT,3421,2144,0,1,0.7414314344947575,0.7413887896770471,4.264481771032447e-05
2132,ATT,3423,2144,0,1,0.7412586062702813,0.7413887896770471,0.00013018340676584916
2133,ATT,3424,558,0,1,0.6136731690766649,0.6135660906531977,0.00010707842346724394
2134,ATT,3426,2662,0,0,0.5120043752904849,0.5120556238971555,5.124860667060638e-05
2135,ATT,3428,3593,0,0,0.5976409511045355,0.5975647705485001,7.618055603542118e-05
2136,ATT,3430,3438,0,1,0.7242351555954036,0.7241035439393881,0.00013161165601549563
2137,ATT,3434,607,0,1,0.7533592207219724,0.7534311888144605,7.19680924881061e-05
2138,ATT,3435,808,0,1,0.700097437507393,0.7003138538099334,0.0002164163025404342
2139,ATT,3436,1316,0,0,0.4338943965405632,0.43373076892119833,0.00016362761936489223
2140,ATT,3437,1569,0,0,0.31156414590236564,0.3138730563623084,0.002308910459942748
2141,ATT,3439,1116,1,0,0.667057519344032,0.6670210124739131,3.650687011891307e-05
2142,ATT,3441,881,0,0,0.46461292296132756,0.4646569238277028,4.400086637523781e-05
2143,ATT,3442,2409,0,0,0.7496167602275747,0.7495901232111318,2.663701644289862e-05
2144,ATT,3443,3608,0,0,0.3928743755288086,0.3930621152565235,0.00018773972771490843
2145,ATT,3444,1756,1,0,0.6036968084077622,0.6036437024329714,5.310597479080137e-05
2146,ATT,3446,3449,0,0,0.6908174349673477,0.6908370889488189,1.9653981471190463e-05
2147,ATT,3447,2657,0,0,0.7716694196864249,0.7717829107247998,0.00011349103837487995
2148,ATT,3451,3830,0,0,0.575131864473757,0.5749710734095456,0.00016079106421140743
2149,ATT,3452,399,1,0,0.6790721051157823,0.679124031927035,5.192681125265608e-05
2150,ATT,3453,3884,0,0,0.4712837406675673,0.4710690513497427,0.0002146893178245901
2151,ATT,3454,2336,1,0,0.6745230710653778,0.674545965940075,2.2894874697199086e-05
2152,ATT,3456,279,0,0,0.5990359227007768,0.5990436753531718,7.752652395054405e-06
2153,ATT,3457,3465,0,0,0.6923187701583527,0.6927440202742554,0.0004252501159026645
2154,ATT,3462,1249,0,1,0.7310279283832041,0.7312750097321539,0.00024708134894979583
2155,ATT,3463,2218,0,0,0.44385156928262504,0.44397714566260865,0.00012557637998361626
2156,ATT,3464,977,0,0,0.6677448508957575,0.6677206021773946,2.424871836292919e-05
2157,ATT,3469,2464,0,0,0.5290282492775914,0.5290272177786435,1.031498947923204e-06
2158,ATT,3470,380,0,0,0.6409683056614878,0.641121336082837,0.00015303042134917622
2159,ATT,3471,2077,1,1,0.6822889642279631,0.681788762748891,0.0005002014790721487
2160,ATT,3472,3335,0,0,0.6418196558568987,0.6418068785908362,1.2777266062524717e-05
2161,ATT,3474,3668,0,0,0.5060870162577006,0.5057979208455728,0.0002890954121277378
2162,ATT,3475,3520,0,0,0.4733003754225073,0.4733961895722339,9.581414972659186e-05
2163,ATT,3476,655,0,0,0.6133940412508838,0.6133576411911201,3.640005976368599e-05
2164,ATT,3477,3787,0,0,0.5052140239193664,0.5051322262056831,8.179771368332922e-05
2165,ATT,3478,3853,1,0,0.5968500344894974,0.5971753169983874,0.00032528250889007904
2166,ATT,3479,3850,0,0,0.6457812487286001,0.6455567474717817,0.00022450125681838795
2167,ATT,3480,929,0,0,0.625154386882807,0.625242816246882,8.842936407504887e-05
2168,ATT,3481,1317,0,0,0.4162965714094933,0.4162661390580299,3.0432351463383078e-05
2169,ATT,3483,2134,0,0,0.6811721353329234,0.6810582821706634,0.00011385316225998032
2170,ATT,3484,1728,0,0,0.7155576514388041,0.7156000509212984,4.239948249429304e-05
2171,ATT,3485,1424,1,0,0.7916867104432007,0.7916006086468019,8.610179639878535e-05
2172,ATT,3492,137,0,1,0.560821014363589,0.5608750234348739,5.400907128494392e-05
2173,ATT,3493,3850,0,0,0.6457559278316832,0.6455567474717817,0.0001991803599015185
2174,ATT,3494,354,0,0,0.6546604081483671,0.6548657823588035,0.00020537421043642645
2175,ATT,3495,337,0,0,0.6543928796897661,0.6540325434205169,0.00036033626924925066
2176,ATT,3497,3612,0,1,0.7741009793748742,0.7739631825411215,0.00013779683375270135
2177,ATT,3498,2482,0,0,0.5326344842685024,0.5323810464472271,0.000253437821275293
2178,ATT,3501,963,0,1,0.7474260549601112,0.7475930328471774,0.00016697788706621086
2179,ATT,3502,2196,1,0,0.6270280724143602,0.6271228919034709,9.481948911072013e-05
2180,ATT,3504,353,1,1,0.8189684868875914,0.8188338164119593,0.00013467047563209267
2181,ATT,3506,223,0,1,0.7908559786444104,0.7911287368576575,0.00027275821324712624
2182,ATT,3507,843,0,1,0.367162121318876,0.36813129207159323,0.0009691707527172411
2183,ATT,3511,1339,1,0,0.7893799947131022,0.7891663808483871,0.0002136138647150787
2184,ATT,3513,2183,0,1,0.6189749343396412,0.6191158811420308,0.00014094680238951884
2185,ATT,3514,17,0,0,0.5150859356866558,0.5150069950339629,7.894065269298256e-05
2186,ATT,3518,1792,1,0,0.6972972735608234,0.6969697150232006,0.0003275585376227852
2187,ATT,3519,2150,0,1,0.5863376015344561,0.5862283628342522,0.00010923870020396187
2188,ATT,3522,3060,1,0,0.7991909684451857,0.7991647793037087,2.6189141477006572e-05
2189,ATT,3524,1617,0,0,0.8467608264205199,0.8505293203135869,0.003768493893066993
2190,ATT,3525,1745,0,0,0.4033815597698311,0.40353853006904367,0.00015697029921257766
2191,ATT,3526,3490,0,1,0.5228557195579324,0.5227925844704532,6.313508747923802e-05
2192,ATT,3528,1392,0,1,0.5706228351977228,0.5706346284014694,1.1793203746557346e-05
2193,ATT,3533,1205,0,1,0.7192335603865561,0.7188349047543336,0.00039865563222241107
2194,ATT,3534,1603,0,0,0.5357102655116994,0.5355967983123666,0.00011346719933280625
2195,ATT,3535,3822,0,0,0.6361407095900987,0.6361963325712031,5.562298110439734e-05
2196,ATT,3536,2005,0,0,0.5215784979053307,0.5214803274951042,9.817041022652795e-05
2197,ATT,3537,71,0,0,0.6639093950168639,0.6640291047018108,0.00011970968494690037
2198,ATT,3538,3546,0,1,0.7542037526869856,0.754155100794099,4.865189288660865e-05
2199,ATT,3540,895,0,0,0.6440963257570328,0.6442656253489547,0.00016929959192191202
2200,ATT,3541,1405,0,0,0.6068328271960955,0.6068516005422391,1.8773346143530212e-05
2201,ATT,3542,297,0,0,0.6901497831851842,0.6900647408819963,8.504230318784334e-05
2202,ATT,3544,3425,0,0,0.5573206612506743,0.5572156435383241,0.00010501771235016388
2203,ATT,3547,2327,0,0,0.6652785381560594,0.6651476579618665,0.0001308801941929394
2204,ATT,3549,480,0,0,0.6164521621734527,0.6163200285336184,0.00013213363983421988
2205,ATT,3551,3336,0,0,0.7074138823600779,0.7074600787263138,4.619636623592882e-05
2206,ATT,3554,2364,0,0,0.6492863819727615,0.6492302958095865,5.608616317498427e-05
2207,ATT,3558,1532,0,0,0.3577713851234754,0.35790621932691485,0.00013483420343946007
2208,ATT,3560,3858,0,1,0.5112081678163909,0.5112903726258594,8.220480946852238e-05
2209,ATT,3562,1277,0,0,0.687854678773416,0.6879764110907508,0.0001217323173348106
2210,ATT,3563,3227,0,1,0.46114489012286797,0.46112844429822897,1.6445824638999795e-05
2211,ATT,3564,3571,0,0,0.6154859768260772,0.6154802721509121,5.704675165141282e-06
2212,ATT,3565,2277,0,1,0.5665884411470523,0.5665774592607863,1.098188626602603e-05
2213,ATT,3567,1615,0,0,0.5328777590992975,0.5331210718752939,0.0002433127759964293
2214,ATT,3569,3545,0,0,0.7431531304677435,0.7431160481647927,3.7082302950741663e-05
2215,ATT,3570,852,1,0,0.5064181484127179,0.5063819196250536,3.622878766429416e-05
2216,ATT,3572,607,0,1,0.7533055280677874,0.7534311888144605,0.00012566074667308413
2217,ATT,3573,1477,0,0,0.6237253190235519,0.6237997420532604,7.442302970850356e-05
2218,ATT,3574,49,0,1,0.5908206647300671,0.5904924314971766,0.0003282332328905513
2219,ATT,3575,3245,1,0,0.6266343900066874,0.6266892122750229,5.482226833553039e-05
2220,ATT,3576,1877,0,0,0.6341077462533382,0.6338044626382484,0.00030328361508979995
2221,ATT,3577,3940,0,0,0.4354032716600449,0.43536911929255834,3.4152367486550705e-05
2222,ATT,3578,3520,0,0,0.47335908132922283,0.4733961895722339,3.7108243011063635e-05
2223,ATT,3579,3016,0,0,0.8202329654595645,0.8200059730229322,0.00022699243663226731
2224,ATT,3581,2254,0,1,0.6471830479929435,0.647166435738428,1.6612254515435687e-05
2225,ATT,3585,1910,1,0,0.7746496695328865,0.7743624938703456,0.0002871756625408839
2226,ATT,3586,2898,0,0,0.5199742718175355,0.5199445617958676,2.9710021667961328e-05
2227,ATT,3588,1850,0,0,0.5959347751673532,0.5958951871788666,3.958798848657796e-05
2228,ATT,3589,834,0,0,0.6763448931253608,0.6763901534383521,4.526031299123545e-05
2229,ATT,3590,2038,0,0,0.6322113402204202,0.6319630536314405,0.00024828658897979583
2230,ATT,3591,1380,0,0,0.4491600808151694,0.4490973568565215,6.272395864787006e-05
2231,ATT,3594,237,0,1,0.759875153596458,0.7599324554441153,5.73018476572873e-05
2232,ATT,3595,923,0,0,0.6046187147222967,0.6046060464478142,1.2668274482430242e-05
2233,ATT,3597,1280,1,1,0.688557511633259,0.6886890714521614,0.00013155981890244917
2234,ATT,3598,1265,0,0,0.45691148333116477,0.45695286158189624,4.1378250731471944e-05
2235,ATT,3600,212,1,0,0.5801467277835767,0.5801600246829625,1.3296899385784045e-05
2236,ATT,3601,3172,0,0,0.5156543357393386,0.5155488990135558,0.00010543672578278152
2237,ATT,3602,1526,0,0,0.6396815068315278,0.6397124216011432,3.0914769615364435e-05
2238,ATT,3603,1618,0,1,0.5409476250563388,0.5407609126422216,0.00018671241411716277
2239,ATT,3606,2482,0,0,0.5322501853378315,0.5323810464472271,0.0001308611093955303
2240,ATT,3607,76,0,0,0.6230399543801037,0.6229926358168479,4.7318563255793755e-05
2241,ATT,3610,2731,0,0,0.6246906905129589,0.6248003572359389,0.00010966672297996194
2242,ATT,3611,1847,0,0,0.7136082985799689,0.7136835248992939,7.522631932499468e-05
2243,ATT,3615,1272,0,0,0.5475392560471682,0.5475559731131496,1.6717065981386448e-05
2244,ATT,3618,3744,0,0,0.7319644121860719,0.7317869075125516,0.0001775046735202901
2245,ATT,3620,292,0,0,0.7142856133974337,0.7142743746722634,1.1238725170281683e-05
2246,ATT,3623,881,0,0,0.4646297489548839,0.4646569238277028,2.7174872818891416e-05
2247,ATT,3625,1846,0,0,0.6769006131193255,0.677299522571191,0.0003989094518654923
2248,ATT,3626,1982,0,0,0.5482853887300064,0.5481562679478047,0.0001291207822017304
2249,ATT,3628,1738,0,0,0.6316627443438094,0.6318338965951189,0.00017115225130948097
2250,ATT,3629,1471,1,0,0.5747321782239945,0.5747823910972253,5.0212873230814914e-05
2251,ATT,3630,1068,0,0,0.6898954365129167,0.6898905952478557,4.841265061061861e-06
2252,ATT,3631,2144,0,1,0.7415123599956457,0.7413887896770471,0.00012357031859855372
2253,ATT,3634,217,0,1,0.7268968795104772,0.72687053292883,2.6346581647240797e-05
2254,ATT,3637,2045,0,1,0.7842187553759158,0.784278140311161,5.938493524526578e-05
2255,ATT,3638,977,0,0,0.6677274248496364,0.6677206021773946,6.822672241835193e-06
2256,ATT,3640,1925,0,1,0.6437936242562687,0.6437086468018463,8.497745442248572e-05
2257,ATT,3641,895,1,0,0.6441927896756936,0.6442656253489547,7.283567326110685e-05
2258,ATT,3642,3433,1,0,0.8999344094440938,0.886948305995866,0.012986103448227704
2259,ATT,3645,15,0,0,0.47362526941816835,0.4735096867355069,0.00011558268266143035
2260,ATT,3648,3246,1,1,0.7977861130499775,0.7977322177445522,5.389530542532217e-05
2261,ATT,3649,3336,0,0,0.7074189497195137,0.7074600787263138,4.112900680008913e-05
2262,ATT,3651,3546,1,1,0.7538389045303929,0.754155100794099,0.0003161962637060478
2263,ATT,3653,3230,0,0,0.64784722351914,0.6480500858288062,0.00020286230966615193
2264,ATT,3654,3433,0,0,0.8860617703504526,0.886948305995866,0.000886535645413411
2265,ATT,3655,1347,0,1,0.7790802101413761,0.7794708143019976,0.0003906041606215327
2266,ATT,3657,156,0,0,0.6314365536990774,0.6314072659927915,2.928770628585209e-05
2267,ATT,3658,3720,0,1,0.7587780982959875,0.7590376812943174,0.00025958299832984366
2268,ATT,3659,1172,0,1,0.8100504230527862,0.8091495462583923,0.0009008767943938789
2269,ATT,3660,2673,1,0,0.5216678029437206,0.5218454372205795,0.00017763427685890676
2270,ATT,3661,353,1,1,0.8188698487893844,0.8188338164119593,3.603237742511034e-05
2271,ATT,3664,3016,0,0,0.819832131519176,0.8200059730229322,0.00017384150375621132
2272,ATT,3665,3799,0,1,0.8396623472975437,0.8381627429009066,0.0014996043966370998
2273,ATT,3666,1081,1,1,0.7211144517026312,0.7211705783588126,5.612665618137669e-05
2274,ATT,3669,956,0,0,0.5930297885931451,0.5931820687986814,0.00015228020553625932
2275,ATT,3670,24,0,0,0.5991908130209209,0.5993001395621108,0.00010932654118989138
2276,ATT,3671,2209,0,0,0.7446212610056587,0.744914542365128,0.00029328135946926626
2277,ATT,3673,3246,0,1,0.7976492567474557,0.7977322177445522,8.296099709648175e-05
2278,ATT,3676,1805,0,0,0.8223132645602609,0.8230608920014896,0.0007476274412286932
2279,ATT,3677,1058,0,0,0.693438199889241,0.693414278966019,2.392092322200945e-05
2280,ATT,3679,2190,0,0,0.6813924005964601,0.6812976875046396,9.471309182051968e-05
2281,ATT,3681,3283,0,1,0.7076502575014817,0.707588427285644,6.183021583772152e-05
2282,ATT,3682,1795,0,1,0.7170666155282371,0.717122390542645,5.577501440789945e-05
2283,ATT,3683,268,0,1,0.5707229399557281,0.5707495788440147,2.6638888286578677e-05
2284,ATT,3684,171,0,0,0.738174900905291,0.7380925515781694,8.234932712158916e-05
2285,ATT,3685,1070,1,1,0.6851664433477593,0.685134651227905,3.179211985437913e-05
2286,ATT,3688,3888,1,1,0.6495234637299682,0.6495705615772335,4.709784726530941e-05
2287,ATT,3689,1145,0,0,0.7338719782107425,0.7338636161601976,8.362050544885591e-06
2288,ATT,3690,3023,0,0,0.7572909599846107,0.7573703075239918,7.934753938110273e-05
2289,ATT,3691,1347,0,1,0.7790141243493782,0.7794708143019976,0.0004566899526193824
2290,ATT,3694,1383,0,1,0.5592954802982133,0.5596279664808179,0.0003324861826046188
2291,ATT,3695,2322,0,0,0.5208130220870688,0.520797163752006,1.5858335062790552e-05
2292,ATT,3696,2335,0,0,0.6086776967482281,0.6086568806136823,2.0816134545853515e-05
2293,ATT,3698,3893,0,0,0.6196754588137826,0.6196494556786406,2.6003135142005362e-05
2294,ATT,3700,3984,0,1,0.7765994954244126,0.7767248920006923,0.00012539657627963496
2295,ATT,3701,3278,0,0,0.7282447101627683,0.7281353254927105,0.00010938467005772168
2296,ATT,3702,2196,0,0,0.6273869534243389,0.6271228919034709,0.0002640615208679975
2297,ATT,3703,780,0,0,0.5134793832335759,0.5134662421218978,1.3141111678049988e-05
2298,ATT,3704,3254,0,0,0.7500429549331619,0.750351903982169,0.0003089490490071345
2299,ATT,3705,2741,0,0,0.5210441463182744,0.5212833432821218,0.00023919696384733236
2300,ATT,3706,51,0,0,0.5400076750146684,0.54007372656722,6.605155255157147e-05
2301,ATT,3707,3910,0,0,0.671303933254143,0.6710832402193521,0.00022069303479088642
2302,ATT,3708,3114,0,0,0.4290364505097486,0.42928488589270564,0.00024843538295704626
2303,ATT,3710,891,1,1,0.8050789871364783,0.8056740379588859,0.0005950508224076279
2304,ATT,3711,314,0,1,0.6448529713276937,0.6448953957012928,4.242437359913698e-05
2305,ATT,3713,370,0,0,0.6557200895921792,0.6556043299722476,0.00011575961993159911
2306,ATT,3714,396,1,0,0.6071769865526679,0.6072061241755732,2.9137622905239802e-05
2307,ATT,3715,2502,0,0,0.615446049761249,0.6154503975523139,4.347791064951423e-06
2308,ATT,3716,500,0,1,0.41966857232168187,0.41932825728026757,0.00034031504141429636
2309,ATT,3718,3561,0,0,0.5115091901010057,0.5113257518799819,0.0001834382210238461
2310,ATT,3722,3136,0,1,0.7659447187564142,0.7660212128617644,7.649410535015555e-05
2311,ATT,3723,3177,0,1,0.6429416776357586,0.6429939644437299,5.2286807971313465e-05
2312,ATT,3724,3926,1,1,0.5483485567969218,0.5484258895593697,7.733276244781262e-05
2313,ATT,3725,3550,0,0,0.7437498347656888,0.7440126911203848,0.0002628563546960283
2314,ATT,3726,874,0,0,0.5610248889713944,0.5610230691036062,1.8198677881331449e-06
2315,ATT,3727,1070,0,1,0.6850985204967349,0.685134651227905,3.613073117003651e-05
2316,ATT,3728,207,0,0,0.6474599403107021,0.6474202808320351,3.965947866702013e-05
2317,ATT,3730,3667,1,0,0.6690616398174146,0.6692258761725484,0.00016423635513374002
2318,ATT,3733,1904,1,1,0.8115492848482225,0.8121081068856756,0.000558822037453055
2319,ATT,3734,2293,0,0,0.5548750571680827,0.554804841493586,7.021567449672084e-05
2320,ATT,3735,237,0,1,0.7606656908976498,0.7599324554441153,0.000733235453534542
2321,ATT,3736,3008,0,0,0.5152975490457053,0.5152699746854374,2.7574360267901277e-05
2322,ATT,3737,1808,0,0,0.5700085107045102,0.5700439041287938,3.5393424283602926e-05
2323,ATT,3738,383,0,0,0.6205433204286865,0.6205743015547794,3.098112609289938e-05
2324,ATT,3739,2304,0,0,0.49058470439455504,0.49095232952521906,0.0003676251306640177
2325,ATT,3740,3529,0,0,0.38962119581123134,0.3884621971278895,0.0011589986833418497
2326,ATT,3742,2784,0,0,0.6984391040919761,0.6984222551366291,1.684895534692643e-05
2327,ATT,3743,1220,1,0,0.6779161334045481,0.6778885142211154,2.7619183432747718e-05
2328,ATT,3745,1612,0,0,0.6325265572536637,0.632522400087621,4.157166042739746e-06
2329,ATT,3746,2169,1,1,0.7203223333039475,0.7205874965645048,0.00026516326055736616
2330,ATT,3748,3550,1,0,0.7438974324394477,0.7440126911203848,0.00011525868093709146
2331,ATT,3752,3106,0,0,0.48455610397868254,0.4847537787301877,0.00019767475150517244
2332,ATT,3753,236,0,0,0.653604349975634,0.653655065219272,5.0715243637977636e-05
2333,ATT,3754,3732,1,0,0.8258398461592594,0.8253878611246578,0.00045198503460164297
2334,ATT,3755,2728,0,0,0.5765277520386443,0.5763229692986254,0.00020478274001889396
2335,ATT,3758,3505,0,1,0.6374555763150188,0.6372774296258431,0.00017814668917570664
2336,ATT,3759,1588,0,0,0.5231113948215237,0.523037436555164,7.395826635969716e-05
2337,ATT,3761,513,0,0,0.6460392698480774,0.6461518904093264,0.00011262056124905495
2338,ATT,3762,1850,0,0,0.5958272573906355,0.5958951871788666,6.792978823111362e-05
2339,ATT,3763,3221,0,0,0.39762281188147747,0.39767099310711,4.8181225632548674e-05
2340,ATT,3764,3062,1,1,0.7785142087196345,0.7781281296824616,0.00038607903717291503
2341,ATT,3766,3543,0,0,0.602028473899358,0.6021056789769424,7.720507758446349e-05
2342,ATT,3767,621,0,1,0.516896362635257,0.5170237577115357,0.0001273950762787912
2343,ATT,3768,1625,0,1,0.5758029318171226,0.5755660963550389,0.00023683546208375095
2344,ATT,3769,3967,0,0,0.5503869505105066,0.5505335612076931,0.0001466106971865777
2345,ATT,3770,2340,0,0,0.6000354149278755,0.600060140441109,2.4725513233514462e-05
2346,ATT,3771,890,0,1,0.5498365050484778,0.5499796382577917,0.00014313320931391704
2347,ATT,3772,1519,0,0,0.6633710345446671,0.6634227521678138,5.171762314670758e-05
2348,ATT,3773,2662,0,0,0.5117585351662787,0.5120556238971555,0.00029708873087685994
2349,ATT,3774,2365,0,0,0.5740320721874944,0.5738671234417145,0.0001649487457798804
2350,ATT,3775,3059,0,1,0.5943795040647699,0.5942506130399298,0.0001288910248401498
2351,ATT,3780,1650,1,1,0.7731811025694133,0.7731909210635756,9.818494162261437e-06
2352,ATT,3781,103,0,0,0.3066623775973774,0.3072839245277487,0.0006215469303713084
2353,ATT,3782,2046,0,0,0.5649153374398167,0.5650823253582719,0.0001669879184551526
2354,ATT,3783,50,0,1,0.8049840057811116,0.8044188650137186,0.000565140767393002
2355,ATT,3784,1614,0,0,0.6490965401006558,0.649159929841904,6.338974124819874e-05
2356,ATT,3785,3849,1,0,0.5485947429898635,0.5487142687744653,0.00011952578460172614
2357,ATT,3786,789,0,1,0.8278617032068657,0.8276485100639438,0.00021319314292189695
2358,ATT,3788,2808,0,0,0.5407123865055643,0.5407396139584278,2.7227452863543e-05
2359,ATT,3790,3183,0,1,0.6833602684696339,0.6834977257525354,0.0001374572829014875
2360,ATT,3792,573,0,1,0.6596401358844916,0.6596587898601928,1.8653975701221626e-05
2361,ATT,3793,2524,0,0,0.768053289166053,0.7680568810976953,3.5919316423438374e-06
2362,ATT,3795,788,0,1,0.8312947225399462,0.8326456922121861,0.00135096967223991
2363,ATT,3797,1908,1,0,0.48087510076949613,0.4809213713796793,4.627061018314116e-05
2364,ATT,3798,2778,0,1,0.7334559207368285,0.7330684061572742,0.00038751457955432667
2365,ATT,3800,2104,0,0,0.4561841640858702,0.45626475049373744,8.058640786723359e-05
2366,ATT,3805,1877,0,0,0.6337304053294635,0.6338044626382484,7.405730878495831e-05
2367,ATT,3806,2804,0,0,0.5879681734982911,0.5883662025992529,0.0003980291009617609
2368,ATT,3810,1519,0,0,0.6634959645648008,0.6634227521678138,7.3212396986988e-05
2369,ATT,3811,473,0,0,0.49532203780178025,0.49532913056957184,7.092767791594401e-06
2370,ATT,3812,217,0,1,0.7267436728498606,0.72687053292883,0.00012686007896933749
2371,ATT,3813,1418,1,0,0.4499152284199496,0.44986348964726525,5.1738772684328804e-05
2372,ATT,3814,3264,0,0,0.5343360848296295,0.5343025791296249,3.350570000459907e-05
2373,ATT,3815,2500,1,1,0.7830130529642032,0.7829336599113711,7.939305283211073e-05
2374,ATT,3816,2121,0,1,0.5539755898337061,0.554135775171407,0.00016018533770090215
2375,ATT,3818,3106,0,0,0.4842120488735151,0.4847537787301877,0.0005417298566726125
2376,ATT,3821,1617,0,0,0.8448707691945577,0.8505293203135869,0.0056585511190291315
2377,ATT,3825,1165,0,0,0.503908258819493,0.503774890501928,0.00013336831756494139
2378,ATT,3826,1841,0,0,0.6375667936278969,0.6378333081801991,0.00026651455230219945
2379,ATT,3828,3672,0,0,0.48982378246951,0.48984021486113893,1.643239162890664e-05
2380,ATT,3829,1365,0,1,0.5363390027210525,0.5362804785652809,5.8524155771566555e-05
2381,ATT,3833,3113,0,0,0.5793174180565124,0.579124311340184,0.00019310671632832843
2382,ATT,3835,3510,1,1,0.8358882604894481,0.8368129100084019,0.0009246495189537685
2383,ATT,3836,2077,0,1,0.6822841462779031,0.681788762748891,0.0004953835290121278
2384,ATT,3838,3192,0,0,0.6302251032409086,0.6302763067765935,5.1203535684885004e-05
2385,ATT,3844,1131,0,0,0.540417810696845,0.5406392277012453,0.00022141700440025947
2386,ATT,3845,3458,1,0,0.5710097713085736,0.5709858833415725,2.3887967001035015e-05
2387,ATT,3846,3174,0,0,0.4466991725812554,0.4465266374197137,0.00017253516154169812
2388,ATT,3847,1909,0,0,0.3718914076740831,0.3720513156343883,0.0001599079603052389
2389,ATT,3852,815,1,0,0.5815668361101242,0.5816407402610289,7.390415090469116e-05
2390,ATT,3855,862,0,1,0.8241916307738324,0.8252861316753654,0.0010945009015329576
2391,ATT,3856,2362,0,1,0.5193081088026931,0.519232504370839,7.56044318540594e-05
2392,ATT,3857,1516,0,1,0.8154115233804001,0.817078516430118,0.0016669930497178465
2393,ATT,3860,1463,0,0,0.6124772442151009,0.6123733216823027,0.00010392253279811747
2394,ATT,3861,1575,0,0,0.629946101206586,0.6299690853009068,2.2984094320777082e-05
2395,ATT,3863,3332,0,1,0.5839325842415303,0.5837995201569653,0.0001330640845649267
2396,ATT,3864,3799,0,1,0.8394824403367236,0.8381627429009066,0.0013196974358169467
2397,ATT,3867,2045,1,1,0.7842784392423959,0.784278140311161,2.9893123487667594e-07
2398,ATT,3869,3371,0,0,0.4473193739500532,0.44709421663144466,0.0002251573186085598
2399,ATT,3872,2140,0,0,0.6167744987568313,0.616753718663407,2.0780093424321855e-05
2400,ATT,3873,2947,0,0,0.38366131179770996,0.3840766221043353,0.0004153103066253383
2401,ATT,3874,2322,0,0,0.5208640032490599,0.520797163752006,6.683949705388326e-05
2402,ATT,3875,723,0,0,0.687559246417828,0.6872742759706792,0.00028497044714870245
2403,ATT,3876,439,0,0,0.48416761216350374,0.4835986666661833,0.00056894549732045
2404,ATT,3877,688,0,0,0.7175749462481861,0.7175207867418542,5.4159506331918905e-05
2405,ATT,3878,3095,0,1,0.5851492877620521,0.5852059839508641,5.669618881198879e-05
2406,ATT,3879,3988,0,0,0.44826929521257436,0.44813285414216236,0.0001364410704119967
2407,ATT,3881,836,0,0,0.7607866714844732,0.7614344652338431,0.0006477937493698516
2408,ATT,3882,2741,0,0,0.5212136484844156,0.5212833432821218,6.96947977061324e-05
2409,ATT,3883,2260,1,1,0.663295275886119,0.6633029732562351,7.697370116077629e-06
2410,ATT,3885,3059,1,1,0.5942091892919437,0.5942506130399298,4.142374798610238e-05
2411,ATT,3886,2361,1,0,0.35682185479958783,0.35701710558318583,0.00019525078359799997
2412,ATT,3887,1567,0,0,0.7045064883557941,0.7046217039243129,0.00011521556851878945
2413,ATT,3891,2527,0,0,0.7119593051240266,0.7121816672905854,0.00022236216655879826
2414,ATT,3892,2304,0,0,0.49082390735425907,0.49095232952521906,0.00012842217095998532
2415,ATT,3894,1942,0,0,0.4217942797437378,0.4213931663435401,0.0004011134001976613
2416,ATT,3896,2396,0,0,0.6752764312050032,0.6754832701961956,0.0002068389911923374
2417,ATT,3897,2286,0,0,0.5989534221656367,0.5988899545604582,6.346760517850214e-05
2418,ATT,3900,207,0,0,0.647549449009529,0.6474202808320351,0.0001291681774939768
2419,ATT,3901,567,0,0,0.6384396664901655,0.638354155112642,8.551137752343951e-05
2420,ATT,3902,2693,0,0,0.6615221635525966,0.6616208791308302,9.871557823359911e-05
2421,ATT,3903,3912,0,0,0.7228574515821554,0.7231038220654499,0.00024637048329445577
2422,ATT,3904,77,0,1,0.6393697078292107,0.6392061836665454,0.00016352416266529612
2423,ATT,3906,3081,0,1,0.7529906372618301,0.7529685900706359,2.2047191194252136e-05
2424,ATT,3907,2714,0,1,0.6126776175739047,0.6128858689340152,0.00020825136011048961
2425,ATT,3909,2894,0,1,0.6857872219746733,0.6852070622553381,0.000580159719335227
2426,ATT,3911,2731,1,0,0.6246650401745419,0.6248003572359389,0.00013531706139691124
2427,ATT,3913,963,0,1,0.7471486653278393,0.7475930328471774,0.0004443675193380736
2428,ATT,3915,3342,0,0,0.7176966363137669,0.7177436289899157,4.699267614882707e-05
2429,ATT,3916,2635,0,0,0.7520046284934522,0.751951876779601,5.275171385121791e-05
2430,ATT,3917,1339,1,0,0.7894836045309468,0.7891663808483871,0.00031722368255970856
2431,ATT,3918,0,0,0,0.47986589334905594,0.47948564240649205,0.0003802509425638867
2432,ATT,3919,1956,0,0,0.4294285919588013,0.42942252723884083,6.064719960452436e-06
2433,ATT,3921,2426,0,0,0.6148913888802441,0.6148890643177676,2.3245624765078077e-06
2434,ATT,3922,497,0,0,0.7085554648717544,0.7085742818857953,1.8817014040939384e-05
2435,ATT,3923,2863,0,0,0.6257916543656716,0.6256730970798345,0.00011855728583709535
2436,ATT,3929,3427,0,1,0.6146142379382614,0.6145588948708783,5.534306738308459e-05
2437,ATT,3930,1153,0,0,0.5459931936514114,0.5460320214710902,3.8827819678788345e-05
2438,ATT,3931,1,0,0,0.6059178890422012,0.6059174912221097,3.978200915355501e-07
2439,ATT,3933,1280,1,1,0.6892269953247906,0.6886890714521614,0.0005379238726291868
2440,ATT,3934,311,0,0,0.5954504220587478,0.5953777124335933,7.270962515448787e-05
2441,ATT,3938,2865,0,0,0.5803818988789627,0.5803284761645117,5.3422714451079045e-05
2442,ATT,3939,2590,0,0,0.7620221520587591,0.7622243462190981,0.0002021941603389532
2443,ATT,3941,2474,0,1,0.6994782901322001,0.6994662460639606,1.2044068239513983e-05
2444,ATT,3944,3431,0,0,0.40078538103375394,0.4009259232500963,0.0001405422163423542
2445,ATT,3946,1039,0,0,0.46355230381868634,0.46358086805058846,2.856423190211732e-05
2446,ATT,3947,2597,0,1,0.829846650960342,0.8285174808503104,0.001329170110031641
2447,ATT,3948,1756,1,0,0.6037187346889611,0.6036437024329714,7.503225598970431e-05
2448,ATT,3950,3422,0,0,0.5507261412564168,0.5506895633615524,3.6577894864442406e-05
2449,ATT,3951,3994,0,0,0.4224496157169679,0.42344568637010876,0.0009960706531408903
2450,ATT,3952,3612,0,1,0.77401466675904,0.7739631825411215,5.148421791845159e-05
2451,ATT,3954,1006,0,0,0.5701850495997004,0.5703158474364939,0.00013079783679348367
2452,ATT,3958,2762,0,0,0.7345371052024045,0.7343140432252429,0.00022306197716159826
2453,ATT,3960,2314,0,0,0.5995817777578439,0.5995127915236274,6.898623421658368e-05
2454,ATT,3963,1741,0,0,0.626083734741792,0.6259211101305817,0.0001626246112103047
2455,ATT,3965,723,0,0,0.6874027595496037,0.6872742759706792,0.00012848357892447648
2456,ATT,3969,3973,0,1,0.535951694372965,0.535894472151891,5.7222221073960355e-05
2457,ATT,3970,2450,0,1,0.6882593318992013,0.688409279104098,0.00014994720489669433
2458,ATT,3971,893,0,0,0.6466308290890859,0.6467896995390093,0.000158870449923465
2459,ATT,3972,1194,0,1,0.42977635013837606,0.4299235530742259,0.000147202935849855
2460,ATT,3974,2305,0,0,0.5084898515539592,0.508603498809417,0.00011364725545781607
2461,ATT,3975,373,0,1,0.7306732655105557,0.7302413418348096,0.00043192367574607093
2462,ATT,3976,1970,0,0,0.7269529557359067,0.7269936383132549,4.068257734823888e-05
2463,ATT,3977,237,1,1,0.7606158357543688,0.7599324554441153,0.0006833803102535008
2464,ATT,3980,2784,1,0,0.6983754082119152,0.6984222551366291,4.6846924713905835e-05
2465,ATT,3981,3141,0,1,0.7059060126257587,0.7059219933685569,1.5980742798182845e-05
2466,ATT,3983,3433,0,0,0.8906466227520857,0.886948305995866,0.0036983167562196773
2467,ATT,3985,1942,1,0,0.421777329234999,0.4213931663435401,0.0003841628914588724
2468,ATT,3987,1591,0,0,0.49186189491749743,0.4918200710607388,4.1823856758660405e-05
2469,ATT,3989,2877,0,0,0.6664866675548432,0.6662310067947901,0.00025566076005312244
2470,ATT,3991,2474,1,1,0.6997084710955417,0.6994662460639606,0.00024222503158111142
2471,ATT,3992,3059,0,1,0.5939153248625898,0.5942506130399298,0.0003352881773399652
2472,ATT,3993,2861,0,0,0.4568048326735072,0.4568183475453312,1.3514871823994135e-05
2473,ATT,3995,357,0,1,0.6988815576062019,0.6989397695101367,5.82119039348461e-05
2474,ATT,3996,2524,0,0,0.7678203610761924,0.7680568810976953,0.00023652002150287288
2475,ATT,3997,513,0,0,0.6461442694383149,0.6461518904093264,7.620971011479405e-06
2476,ATT,3998,2450,1,1,0.6882279853977239,0.688409279104098,0.00018129370637409714
2477,ATT,3999,2733,1,0,0.7428388370749858,0.7428263058019402,1.2531273045568447e-05
2478,ATC,3918,0,0,0,0.47986589334905594,0.47948564240649205,0.0003802509425638867
2479,ATC,3931,1,0,0,0.6059178890422012,0.6059174912221097,3.978200915355501e-07
2480,ATC,2897,4,1,0,0.7348227070956834,0.7347947761815904,2.7930914093032833e-05
2481,ATC,3598,7,0,0,0.45691148333116477,0.4572461519805855,0.00033466864942072183
2482,ATC,3645,15,0,0,0.47362526941816835,0.4735096867355069,0.00011558268266143035
2483,ATC,1690,16,0,0,0.6026645013145546,0.6026703916194988,5.890304944133895e-06
2484,ATC,3514,17,0,0,0.5150859356866558,0.5150069950339629,7.894065269298256e-05
2485,ATC,1117,20,0,0,0.6939940367404247,0.6939484750023097,4.556173811498532e-05
2486,ATC,1456,21,0,0,0.4763399035404322,0.47628113825389146,5.876528654075175e-05
2487,ATC,1512,22,0,0,0.6959727572717311,0.6959832142193004,1.045694756929283e-05
2488,ATC,120,24,0,0,0.5992438991968917,0.5993001395621108,5.6240365219117905e-05
2489,ATC,1810,27,0,1,0.6597662959849399,0.6597714571008371,5.161115897212021e-06
2490,ATC,594,34,0,0,0.7272199745916353,0.7271239729516875,9.600163994782918e-05
2491,ATC,1978,36,0,0,0.6602690097132677,0.6603432180100832,7.420829681548113e-05
2492,ATC,3442,37,0,0,0.7496167602275747,0.7496807594601442,6.399923256950046e-05
2493,ATC,1372,41,1,0,0.6593092235159669,0.6592437886572386,6.543485872823052e-05
2494,ATC,255,42,0,1,0.6591662746982158,0.6591565135576708,9.761140544961577e-06
2495,ATC,589,44,0,0,0.4895419211106987,0.4895558929328208,1.3971822122094135e-05
2496,ATC,1998,45,0,0,0.5304524242075415,0.5302788180700759,0.00017360613746553177
2497,ATC,2414,49,0,1,0.5906471391267397,0.5904924314971766,0.00015470762956315554
2498,ATC,2088,50,0,1,0.8043915944926809,0.8044188650137186,2.7270521037681128e-05
2499,ATC,3706,51,0,0,0.5400076750146684,0.54007372656722,6.605155255157147e-05
2500,ATC,2433,53,0,0,0.6849210478104303,0.6849204005375072,6.472729230377894e-07
2501,ATC,2589,57,0,0,0.6010534829488725,0.6010201014426808,3.338150619169866e-05
2502,ATC,2850,59,0,0,0.3785945732485568,0.3785773659632381,1.7207285318676657e-05
2503,ATC,754,68,0,0,0.5613846611809782,0.5613107594329424,7.390174803578731e-05
2504,ATC,2856,71,0,0,0.6641296484609633,0.6640291047018108,0.00010054375915258262
2505,ATC,213,72,1,0,0.3808263715774863,0.3812802321813981,0.0004538606039118376
2506,ATC,3607,76,0,0,0.6230399543801037,0.6229926358168479,4.7318563255793755e-05
2507,ATC,2431,77,0,1,0.6392905707555748,0.6392061836665454,8.438708902946956e-05
2508,ATC,1744,78,0,1,0.6781018095593915,0.6781042936547945,2.484095403043618e-06
2509,ATC,1986,80,0,0,0.44446419919850955,0.4445626549154069,9.845571689737209e-05
2510,ATC,734,81,0,0,0.6688606215469527,0.6687209676923879,0.00013965385456482515
2511,ATC,79,83,0,0,0.6175920139071799,0.6176190838638445,2.706995666457157e-05
2512,ATC,1973,85,0,1,0.4854247496138665,0.4855293523414302,0.00010460272756368516
2513,ATC,507,95,0,0,0.41468069601572916,0.415027082864756,0.00034638684902682515
2514,ATC,305,99,0,0,0.676212606205666,0.676259202140191,4.659593452494004e-05
2515,ATC,1809,100,0,0,0.5078418933919359,0.507434564173281,0.0004073292186548283
2516,ATC,2287,102,0,1,0.7987191771392643,0.7987333159547497,1.4138815485398304e-05
2517,ATC,1673,103,0,0,0.30765033552299026,0.3072839245277487,0.00036641099524153953
2518,ATC,2114,105,0,0,0.6031365124941187,0.6033526100087397,0.00021609751462103866
2519,ATC,1565,107,0,0,0.5532518244671548,0.5532604533203358,8.628853180980833e-06
2520,ATC,3607,108,0,0,0.6230399543801037,0.6230919069588338,5.195257873003012e-05
2521,ATC,3463,111,0,0,0.44385156928262504,0.44334839204942766,0.0005031772331973716
2522,ATC,2842,114,0,0,0.7933585953236563,0.7931242477628709,0.0002343475607853307
2523,ATC,2444,119,0,0,0.5522655219889775,0.5526174232173361,0.0003519012283585976
2524,ATC,3736,121,0,0,0.5152975490457053,0.5152689675873882,2.85814583171895e-05
2525,ATC,772,122,1,0,0.7735300812626682,0.7736935849720648,0.0001635037093965508
2526,ATC,2720,127,1,0,0.5148780060679516,0.5146698365164943,0.00020816955145730454
2527,ATC,1961,129,0,0,0.5636801175806828,0.563684857296564,4.73971588121902e-06
2528,ATC,879,133,0,0,0.6454559301183598,0.6454857311502429,2.9801031883103235e-05
2529,ATC,984,135,0,0,0.7296594238011367,0.7296730734148158,1.3649613679111994e-05
2530,ATC,579,136,0,0,0.4369967062795745,0.43683977124791273,0.0001569350316617535
2531,ATC,3492,137,0,1,0.560821014363589,0.5608750234348739,5.400907128494392e-05
2532,ATC,2638,141,0,0,0.5399497374740322,0.5398129085622582,0.0001368289117740229
2533,ATC,3341,144,0,0,0.46263874655895576,0.462360893447454,0.00027785311150174685
2534,ATC,959,145,0,0,0.5886579094176515,0.5886256369260184,3.2272491633067446e-05
2535,ATC,2051,146,1,0,0.7113853588772846,0.7114040067768477,1.8647899563073445e-05
2536,ATC,3969,150,0,0,0.535951694372965,0.5361177591628673,0.00016606478990233153
2537,ATC,3657,156,0,0,0.6314365536990774,0.6314072659927915,2.928770628585209e-05
2538,ATC,1227,159,0,1,0.7212175784375667,0.7212422698642493,2.469142668259927e-05
2539,ATC,2111,161,1,0,0.7463555137627929,0.7463330930437915,2.242071900138143e-05
2540,ATC,572,163,0,0,0.7378799173578812,0.7379116446869645,3.172732908329756e-05
2541,ATC,1173,164,0,0,0.5034450132403065,0.5033484513312195,9.656190908702289e-05
2542,ATC,1171,166,0,0,0.36049111544991963,0.3632514047151193,0.002760289265199667
2543,ATC,1524,167,0,1,0.4722506878160278,0.4725787499532257,0.000328062137197882
2544,ATC,1773,170,0,1,0.4704822132680981,0.47029762429295796,0.00018458897514012085
2545,ATC,2724,171,0,0,0.7380562333989863,0.7380925515781694,3.631817918314795e-05
2546,ATC,3711,173,0,1,0.6448529713276937,0.6447571764263695,9.579490132416435e-05
2547,ATC,730,176,0,0,0.47643280006952143,0.4763924473141995,4.0352755321937384e-05
2548,ATC,861,180,0,0,0.47195978522909326,0.4718224458482949,0.0001373393807983514
2549,ATC,2145,184,0,0,0.41353003290225565,0.41253634033411346,0.0009936925681421904
2550,ATC,1974,188,0,0,0.4514595199182836,0.4518489717521583,0.00038945183387473215
2551,ATC,586,190,0,0,0.4328447977894434,0.4327058355629738,0.00013896222646958556
2552,ATC,3158,191,0,0,0.42103238859945274,0.4210633613110896,3.0972711636878536e-05
2553,ATC,1620,192,1,0,0.7688764534219664,0.7689917285261123,0.00011527510414588438
2554,ATC,2785,194,0,1,0.32935436454125494,0.3290246639457029,0.00032970059555204045
2555,ATC,2772,198,0,1,0.6538025306944919,0.6538390489577873,3.65182632954264e-05
2556,ATC,3313,199,0,0,0.465419880258913,0.46536963295347183,5.0247305441175616e-05
2557,ATC,295,205,0,1,0.6723271706802404,0.6722561326368518,7.103804338859376e-05
2558,ATC,2998,206,0,0,0.6399329174528532,0.6399507516519015,1.7834199048327726e-05
2559,ATC,3728,207,0,0,0.6474599403107021,0.6474202808320351,3.965947866702013e-05
2560,ATC,3067,211,0,0,0.47653243552547053,0.47700721295132353,0.0004747774258530013
2561,ATC,3600,212,1,0,0.5801467277835767,0.5801600246829625,1.3296899385784045e-05
2562,ATC,3634,217,0,1,0.7268968795104772,0.72687053292883,2.6346581647240797e-05
2563,ATC,1961,221,0,0,0.5636801175806828,0.5637256559358278,4.5538355144980613e-05
2564,ATC,3037,223,0,1,0.7912966223767599,0.7911287368576575,0.00016788551910240646
2565,ATC,3040,224,0,1,0.5849096925461603,0.5847109130192859,0.00019877952687441525
2566,ATC,1965,225,0,1,0.4833517907897687,0.4832932127414324,5.857804833631075e-05
2567,ATC,677,231,0,1,0.5319004589488882,0.5319703079696558,6.984902076767607e-05
2568,ATC,407,233,0,0,0.5999746824793438,0.599953666673842,2.101580550184501e-05
2569,ATC,3753,236,0,0,0.653604349975634,0.653655065219272,5.0715243637977636e-05
2570,ATC,154,237,1,1,0.7599379676226975,0.7599324554441153,5.512178582245397e-06
2571,ATC,3037,245,0,1,0.7912966223767599,0.7912867502841384,9.872092621487916e-06
2572,ATC,1029,249,1,0,0.7484273837846549,0.7484400181921939,1.2634407538958392e-05
2573,ATC,3375,254,0,0,0.5240474262417718,0.5241350072641924,8.758102242056864e-05
2574,ATC,2049,256,0,1,0.5556518698440104,0.555695926889892,4.405704588161807e-05
2575,ATC,2009,262,1,0,0.7373920109235501,0.7375170128484465,0.00012500192489639517
2576,ATC,514,263,0,1,0.5247187221388838,0.5248411677378534,0.0001224455989695672
2577,ATC,1848,265,1,0,0.7247455803785731,0.724858594236298,0.00011301385772488626
2578,ATC,242,266,0,0,0.6732660032425118,0.6733054141477456,3.94109052337388e-05
2579,ATC,884,267,0,0,0.43730381568750026,0.4373215771564783,1.7761468978028105e-05
2580,ATC,3683,268,0,1,0.5707229399557281,0.5707495788440147,2.6638888286578677e-05
2581,ATC,3282,269,0,0,0.3978159503402134,0.3987657423686405,0.0009497920284270989
2582,ATC,3418,272,0,0,0.36832249369201403,0.3683973593465934,7.486565457937022e-05
2583,ATC,277,273,0,0,0.4271095355110174,0.4267371449936573,0.0003723905173600994
2584,ATC,1663,278,0,0,0.6120489754756162,0.6121010270205866,5.205154497034403e-05
2585,ATC,3456,279,0,0,0.5990359227007768,0.5990436753531718,7.752652395054405e-06
2586,ATC,3040,280,0,0,0.5849096925461603,0.5849638457213856,5.415317522527996e-05
2587,ATC,2682,281,0,0,0.5297738597750259,0.5298120206301381,3.8160855112212566e-05
2588,ATC,3307,283,0,1,0.45915744932398705,0.4592830868577118,0.00012563753372474284
2589,ATC,2937,286,0,0,0.4744935788509503,0.4742433816208473,0.00025019723010299977
2590,ATC,1641,289,0,0,0.4178716125992527,0.41742498388294347,0.0004466287163092386
2591,ATC,3620,292,0,0,0.7142856133974337,0.7142743746722634,1.1238725170281683e-05
2592,ATC,1375,293,0,0,0.5224245182983176,0.5223231005571058,0.00010141774121175118
2593,ATC,2385,297,0,0,0.6900545924529788,0.6900647408819963,1.0148429017475813e-05
2594,ATC,2543,300,0,0,0.5225453440760228,0.52251822870646,2.711536956279126e-05
2595,ATC,1224,301,0,0,0.6055154882657091,0.6052857959345439,0.00022969233116520993
2596,ATC,1863,306,0,0,0.5490469450067073,0.5490844768287308,3.7531822023595396e-05
2597,ATC,2584,308,0,1,0.525899142168437,0.5255797660253635,0.00031937614307353535
2598,ATC,3180,309,0,0,0.44972210611463787,0.4497115907322044,1.0515382433462506e-05
2599,ATC,147,310,0,0,0.7673090595376744,0.76735762781432,4.856827664567742e-05
2600,ATC,3934,311,0,0,0.5954504220587478,0.5953777124335933,7.270962515448787e-05
2601,ATC,588,312,0,1,0.6932008765980812,0.6931535214496929,4.7355148388272816e-05
2602,ATC,328,314,0,1,0.6449065847727926,0.6448953957012928,1.1189071499773107e-05
2603,ATC,697,317,0,0,0.5832014892771821,0.583279784736914,7.82954597319252e-05
2604,ATC,2926,319,1,0,0.4933715315842207,0.4931127150040823,0.00025881658013837683
2605,ATC,275,321,0,0,0.751377632899361,0.7512907893221595,8.684357720145641e-05
2606,ATC,1138,329,1,1,0.7999907829563762,0.7998188912997488,0.00017189165662734318
2607,ATC,3045,331,0,0,0.3885719233827653,0.3883665596333223,0.0002053637494430216
2608,ATC,1485,332,0,0,0.46053641300333725,0.46050698517783606,2.9427825501193716e-05
2609,ATC,62,333,0,0,0.4736380011520878,0.4737570304429435,0.0001190292908556656
2610,ATC,912,337,0,0,0.6540240320972397,0.6540325434205169,8.511323277171634e-06
2611,ATC,2044,340,0,0,0.4976111205192129,0.49757734566064477,3.377485856814744e-05
2612,ATC,2637,342,1,1,0.5994680136836399,0.599370751520875,9.726216276484401e-05
2613,ATC,3116,343,1,0,0.7568244401340725,0.7567971199527881,2.7320181284373746e-05
2614,ATC,32,347,1,0,0.4446614910006737,0.4447389635645914,7.747256391771318e-05
2615,ATC,649,351,1,1,0.5446985765576746,0.5447810879695466,8.25114118719883e-05
2616,ATC,2114,352,0,0,0.6031365124941187,0.6031156438743538,2.0868619764913277e-05
2617,ATC,3661,353,1,1,0.8188698487893844,0.8188338164119593,3.603237742511034e-05
2618,ATC,866,354,0,0,0.6548326239251276,0.6548657823588035,3.3158433675906096e-05
2619,ATC,1115,355,0,0,0.5134093824581046,0.5132694364201776,0.00013994603792699678
2620,ATC,1382,356,0,0,0.44005565920997136,0.43976634380755875,0.00028931540241261544
2621,ATC,1401,357,0,1,0.6989376542070144,0.6989397695101367,2.1153031223297702e-06
2622,ATC,175,361,1,0,0.7314051553793858,0.7314106755649159,5.520185530127897e-06
2623,ATC,1990,363,0,0,0.6174466635351029,0.6174143065638517,3.235697125125725e-05
2624,ATC,2128,364,0,1,0.7773888297996546,0.7772448753879834,0.00014395441167125433
2625,ATC,229,365,0,0,0.6023142590202056,0.6023893372504112,7.507823020558302e-05
2626,ATC,2496,367,0,0,0.6915833863467657,0.6916037053768397,2.0319030073934208e-05
2627,ATC,2971,370,0,0,0.6555300921816011,0.6556043299722476,7.423779064652525e-05
2628,ATC,2481,372,0,1,0.7223355166109409,0.7222049751084291,0.00013054150251179397
2629,ATC,3162,373,0,1,0.730257181928838,0.7302413418348096,1.5840094028440888e-05
2630,ATC,1839,375,0,0,0.6507299131416506,0.6507812007894218,5.1287647771181e-05
2631,ATC,1921,377,0,0,0.48842485218726717,0.4883589206968082,6.593149045897029e-05
2632,ATC,3470,380,0,0,0.6409683056614878,0.641121336082837,0.00015303042134917622
2633,ATC,2955,383,0,0,0.6205781626386062,0.6205743015547794,3.861083826772749e-06
2634,ATC,884,391,0,0,0.43730381568750026,0.437623007696487,0.00031919200898672395
2635,ATC,1093,394,0,0,0.6682485328969653,0.6683104055909113,6.187269394597461e-05
2636,ATC,3714,396,1,0,0.6071769865526679,0.6072061241755732,2.9137622905239802e-05
2637,ATC,3351,397,0,0,0.4047449326659864,0.40496095515217273,0.00021602248618635134
2638,ATC,903,398,0,0,0.338819985061095,0.3388788018239875,5.8816762892488494e-05
2639,ATC,3452,399,1,0,0.6790721051157823,0.679124031927035,5.192681125265608e-05
2640,ATC,3411,403,0,0,0.5221144788849411,0.5222223612473584,0.00010788236241732196
2641,ATC,291,405,0,0,0.4582355849639089,0.45864828347511205,0.0004126985112031245
2642,ATC,1623,408,0,0,0.5914190455723438,0.5913624028276675,5.664274467631625e-05
2643,ATC,2222,409,0,1,0.6843821287969797,0.6841795733739965,0.00020255542298319718
2644,ATC,526,410,0,0,0.5186463692474281,0.5184793111794892,0.00016705806793892997
2645,ATC,1291,412,0,0,0.6087870126305369,0.6088198023292964,3.278969875952775e-05
2646,ATC,586,413,0,0,0.4328447977894434,0.4330115083742296,0.00016671058478617828
2647,ATC,696,415,0,0,0.4876432414997546,0.48778337213137174,0.00014013063161716355
2648,ATC,1264,418,1,0,0.7348501236630324,0.7348665326609055,1.6408997873140763e-05
2649,ATC,2444,426,0,1,0.5522655219889775,0.5521759102912013,8.961169777621514e-05
2650,ATC,2780,429,0,0,0.6421741923414769,0.6421695286097042,4.6637317726583305e-06
2651,ATC,818,430,0,1,0.6014488325757302,0.6013186569189695,0.00013017565676076703
2652,ATC,2582,431,0,0,0.3436209749881366,0.34593574340893296,0.002314768420796365
2653,ATC,26,439,0,0,0.48335235535976606,0.4835986666661833,0.000246311306417224
2654,ATC,195,440,0,1,0.7762710228135489,0.776353236473818,8.221366026917032e-05
2655,ATC,147,443,0,0,0.7673090595376744,0.7674828950862658,0.0001738355485914056
2656,ATC,2582,445,0,0,0.3436209749881366,0.34372950117287804,0.00010852618474144204
2657,ATC,2469,447,1,0,0.6846453533340853,0.6846904730848359,4.51197507506107e-05
2658,ATC,3251,448,0,0,0.5580921323611197,0.5581028320403312,1.069967921152326e-05
2659,ATC,3600,449,1,0,0.5801467277835767,0.5801824639187908,3.573613521412611e-05
2660,ATC,884,450,0,0,0.43730381568750026,0.43732977690669056,2.5961219190295814e-05
2661,ATC,1132,452,0,0,0.4786942316811733,0.47856282527490457,0.00013140640626874145
2662,ATC,802,453,0,0,0.5873862228336734,0.5874053567150039,1.9133881330568592e-05
2663,ATC,594,460,0,1,0.7272199745916353,0.7272028635283914,1.7111063243979707e-05
2664,ATC,1905,462,0,0,0.4871413221097743,0.4870781704568356,6.315165293868663e-05
2665,ATC,1157,463,0,0,0.5797008018658236,0.5796783473675052,2.2454498318391636e-05
2666,ATC,1399,470,0,0,0.46682195021520156,0.46682645844132326,4.508226121691106e-06
2667,ATC,3811,473,0,0,0.49532203780178025,0.49532913056957184,7.092767791594401e-06
2668,ATC,3464,478,0,0,0.6677448508957575,0.667782562511073,3.771161531551659e-05
2669,ATC,1229,480,0,0,0.6162481920475128,0.6163200285336184,7.183648610564752e-05
2670,ATC,2695,487,1,0,0.6161703221792336,0.6161933954963126,2.3073317078958766e-05
2671,ATC,1814,490,0,0,0.5307578007953538,0.53085060515618,9.280436082614862e-05
2672,ATC,336,495,1,0,0.4810107641736277,0.4811065712023222,9.580702869449453e-05
2673,ATC,3922,497,0,0,0.7085554648717544,0.7085742818857953,1.8817014040939384e-05
2674,ATC,726,499,0,0,0.5107888390616243,0.5109463080529854,0.00015746899136104275
2675,ATC,3716,500,0,1,0.41966857232168187,0.41932825728026757,0.00034031504141429636
2676,ATC,652,501,0,1,0.69584987697439,0.6958669855249459,1.7108550555811064e-05
2677,ATC,2247,506,0,1,0.7567349313759049,0.7567350984197195,1.6704381466947638e-07
2678,ATC,906,511,0,1,0.533301805124541,0.5332746483220488,2.715680249210095e-05
2679,ATC,3997,513,0,0,0.6461442694383149,0.6461518904093264,7.620971011479405e-06
2680,ATC,594,516,0,0,0.7272199745916353,0.7271067643167967,0.00011321027483868207
2681,ATC,615,520,0,0,0.6643600992441175,0.664265915668907,9.418357521051579e-05
2682,ATC,703,521,0,0,0.6298533039602809,0.6298512948541094,2.009106171541042e-06
2683,ATC,3160,538,1,0,0.4701119140929169,0.4701137707073901,1.8566144731613221e-06
2684,ATC,1346,542,0,0,0.7546836486471136,0.7549104053499602,0.00022675670284666438
2685,ATC,3088,546,0,0,0.5562620679200884,0.5562934622085549,3.139428846654635e-05
2686,ATC,1974,547,0,0,0.4514595199182836,0.4518555321565989,0.00039601223831531307
2687,ATC,1865,548,0,0,0.5631231538626349,0.5630574912473159,6.566261531903983e-05
2688,ATC,1796,549,0,0,0.4684565291969324,0.4683226478144741,0.00013388138245834513
2689,ATC,990,556,0,1,0.5368953457881123,0.5366733298546321,0.00022201593348014637
2690,ATC,48,557,0,0,0.49589285756019924,0.49583368179508946,5.9175765109775735e-05
2691,ATC,566,558,0,1,0.613567501649624,0.6135660906531977,1.4109964263653296e-06
2692,ATC,2647,563,0,0,0.6570513786799446,0.6570278797537435,2.3498926201015458e-05
2693,ATC,390,564,0,1,0.5885433367734403,0.5884686685568832,7.466821655710554e-05
2694,ATC,1946,565,0,1,0.5619688741748967,0.5624316905098783,0.00046281633498157504
2695,ATC,2862,567,0,0,0.6382761009304115,0.638354155112642,7.805418223050253e-05
2696,ATC,3792,573,0,1,0.6596401358844916,0.6596587898601928,1.8653975701221626e-05
2697,ATC,181,575,0,0,0.3360358041877316,0.3355592083423609,0.00047659584537068644
2698,ATC,2591,578,1,0,0.6528312449927356,0.6527905756798305,4.066931290513942e-05
2699,ATC,3090,580,0,1,0.44202221408463865,0.44211977748380965,9.756339917099677e-05
2700,ATC,3079,583,0,0,0.6389901568855698,0.6389869868716078,3.1700139619950107e-06
2701,ATC,143,591,0,0,0.5292187507292709,0.5293572687112156,0.00013851798194464138
2702,ATC,2195,593,0,0,0.6348133417411858,0.63486081246609,4.747072490429716e-05
2703,ATC,196,602,0,0,0.38437054679289306,0.3864618379244561,0.0020912911315630334
2704,ATC,1869,603,0,1,0.7030472540579316,0.7030595352737871,1.2281215855503014e-05
2705,ATC,3434,607,0,1,0.7533592207219724,0.7534311888144605,7.19680924881061e-05
2706,ATC,2545,608,0,0,0.5006760086692267,0.5010743278830883,0.00039831921386157543
2707,ATC,1185,612,0,0,0.41003849998860903,0.41145144660429556,0.0014129466156865278
2708,ATC,3069,614,0,0,0.7123951361834511,0.7123444288680684,5.070731538270312e-05
2709,ATC,1025,616,1,0,0.8028815615209206,0.8027675713667181,0.00011399015420254788
2710,ATC,2860,621,0,1,0.5170655165371265,0.5170237577115357,4.175882559076527e-05
2711,ATC,1118,622,0,0,0.4934349650172426,0.49345506932574956,2.0104308506962987e-05
2712,ATC,3453,628,0,0,0.4712837406675673,0.47104198609395537,0.00024175457361191866
2713,ATC,2734,634,0,0,0.6421504921028075,0.6420232879214074,0.00012720418140010903
2714,ATC,2534,635,1,0,0.5142925710545108,0.5143208607834754,2.828972896462556e-05
2715,ATC,476,636,0,0,0.5685450856236132,0.5684930390659082,5.204655770496558e-05
2716,ATC,98,638,0,0,0.49008391714929755,0.49010979008244393,2.5872933146375843e-05
2717,ATC,1243,640,0,0,0.5040525800187486,0.504181258260795,0.0001286782420463206
2718,ATC,1445,642,0,0,0.8033844140176745,0.8034795203734412,9.510635576670534e-05
2719,ATC,1590,646,0,0,0.4075682446245171,0.40814352756581856,0.0005752829413014915
2720,ATC,3476,655,0,0,0.6133940412508838,0.6133576411911201,3.640005976368599e-05
2721,ATC,35,658,0,0,0.5597474637039886,0.5597312579172243,1.6205786764311725e-05
2722,ATC,1171,661,0,0,0.36049111544991963,0.3635799467112103,0.00308883126129067
2723,ATC,1507,668,0,0,0.6452085809732485,0.6452338131683406,2.523219509209529e-05
2724,ATC,444,669,0,1,0.4098745893206353,0.40972933525008265,0.00014525407055265838
2725,ATC,1372,671,1,1,0.6593092235159669,0.6594376626189014,0.00012843910293447447
2726,ATC,1375,672,0,0,0.5224245182983176,0.5224555789322345,3.106063391689062e-05
2727,ATC,1573,676,0,0,0.6783881788890475,0.6784515992749384,6.342038589091104e-05
2728,ATC,2584,678,0,0,0.525899142168437,0.5257304781005072,0.00016866406792981348
2729,ATC,3042,679,0,0,0.8674530079891262,0.8677522286562075,0.00029922066708132355
2730,ATC,1015,683,0,0,0.4981496461958022,0.4981516629593375,2.0167635352841273e-06
2731,ATC,196,684,0,0,0.38437054679289306,0.38642587259836697,0.0020553258054739065
2732,ATC,2758,687,0,0,0.3781846871026081,0.3783058216174914,0.00012113451488326987
2733,ATC,2957,688,0,0,0.7175270124112987,0.7175207867418542,6.225669444526183e-06
2734,ATC,126,689,0,0,0.40601678386929074,0.4058693765004779,0.00014740736881285743
2735,ATC,993,694,0,1,0.6991216174240751,0.6990747471146442,4.687030943084647e-05
2736,ATC,2014,700,0,0,0.5721048895145487,0.5721021350098017,2.7545047470711737e-06
2737,ATC,2855,702,0,0,0.48240132618357356,0.48232510548068985,7.622070288371141e-05
2738,ATC,3507,710,0,0,0.367162121318876,0.3661837781253833,0.0009783431934927145
2739,ATC,2774,711,0,0,0.6632923841665759,0.6632362787298357,5.610543674017254e-05
2740,ATC,2114,718,0,0,0.6031365124941187,0.603271654573511,0.00013514207939224754
2741,ATC,3781,722,0,0,0.3066623775973774,0.27740084183118224,0.029261535766195168
2742,ATC,759,723,1,0,0.6873158966956381,0.6872742759706792,4.1620724958835176e-05
2743,ATC,444,728,0,1,0.4098745893206353,0.4098298252945936,4.476402604169927e-05
2744,ATC,3372,731,0,0,0.6900305040300471,0.6900380712215799,7.567191532831252e-06
2745,ATC,2900,732,0,1,0.4885634107722184,0.4885854455410538,2.2034768835443863e-05
2746,ATC,920,733,0,0,0.7049409071656926,0.7047682131935596,0.00017269397213293125
2747,ATC,1534,735,0,0,0.5553501056912188,0.5553509583799174,8.526886986492954e-07
2748,ATC,1292,742,1,1,0.7494848592188935,0.7494875619723499,2.702753456373941e-06
2749,ATC,1028,743,0,0,0.7505172072913688,0.7505486665628892,3.14592715203732e-05
2750,ATC,1641,749,0,0,0.4178716125992527,0.41774925269209984,0.00012235990715286915
2751,ATC,61,750,0,0,0.3532460718688977,0.35329860421230164,5.253234340391044e-05
2752,ATC,2267,755,0,0,0.5377417571324276,0.5377623079689863,2.0550836558719254e-05
2753,ATC,2465,756,0,0,0.5577357452644724,0.5577358526632955,1.0739882305710324e-07
2754,ATC,26,764,0,0,0.48335235535976606,0.483435785701438,8.343034167196395e-05
2755,ATC,1906,767,0,0,0.6108058930428568,0.6106924016869338,0.00011349135592297888
2756,ATC,1558,768,0,1,0.6700177648202308,0.6699767596597869,4.1005160443918776e-05
2757,ATC,2582,773,0,0,0.3436209749881366,0.34386043237708597,0.00023945738894937119
2758,ATC,2219,774,0,0,0.5488307967694569,0.5488195611533183,1.1235616138582927e-05
2759,ATC,2514,775,0,1,0.6483117207109278,0.6483188965448664,7.175833938610765e-06
2760,ATC,1140,779,0,0,0.5669026315755611,0.567067919470737,0.00016528789517589182
2761,ATC,3703,780,0,0,0.5134793832335759,0.5134662421218978,1.3141111678049988e-05
2762,ATC,1199,782,0,0,0.4868486220704647,0.4863060992496496,0.0005425228208150723
2763,ATC,3099,786,0,0,0.6696637911246022,0.6696065686218098,5.722250279238672e-05
2764,ATC,2675,788,1,1,0.8326265993283068,0.8326456922121861,1.9092883879245903e-05
2765,ATC,982,789,0,1,0.8275377376275257,0.8276485100639438,0.00011077243641810508
2766,ATC,2649,790,0,1,0.6221429508411426,0.6222322907409391,8.933989979653667e-05
2767,ATC,2259,794,0,0,0.635603496131413,0.6356409211003516,3.742496893865965e-05
2768,ATC,19,795,0,0,0.7331445974979428,0.7330277112739946,0.00011688622394823156
2769,ATC,3728,796,0,0,0.6474599403107021,0.6474185141967526,4.1426113949527554e-05
2770,ATC,442,797,0,0,0.5779195227490753,0.5777684489222259,0.00015107382684942383
2771,ATC,3281,799,0,0,0.4552022896447798,0.45535947896293916,0.00015718931815933423
2772,ATC,1900,801,0,0,0.32302869932504363,0.3174370741696131,0.005591625155430546
2773,ATC,3558,804,0,0,0.3577713851234754,0.3575665690568253,0.0002048160666500709
2774,ATC,2017,807,0,1,0.7398262099149593,0.7398495391213096,2.332920635028657e-05
2775,ATC,152,808,1,1,0.7003117750118739,0.7003138538099334,2.078798059468312e-06
2776,ATC,208,809,1,0,0.32731321013739983,0.3260535757748055,0.001259634362594353
2777,ATC,504,813,0,0,0.5507935273106274,0.5508434830643749,4.995575374755479e-05
2778,ATC,3852,815,1,0,0.5815668361101242,0.5816407402610289,7.390415090469116e-05
2779,ATC,3354,817,0,0,0.5629377123301536,0.5628946244887697,4.308784138384869e-05
2780,ATC,2498,819,0,0,0.683298282877364,0.6832045788307921,9.370404657194076e-05
2781,ATC,1590,828,0,0,0.4075682446245171,0.4071170735527666,0.0004511710717504669
2782,ATC,1099,831,0,0,0.586772110290176,0.5868913423026728,0.00011923201249686155
2783,ATC,660,834,1,0,0.6763586035720294,0.6763901534383521,3.154986632269985e-05
2784,ATC,1294,836,0,0,0.761430705199649,0.7614344652338431,3.760034194111306e-06
2785,ATC,1796,837,0,0,0.4684565291969324,0.4681343687338143,0.0003221604631181152
2786,ATC,3784,838,0,0,0.6490965401006558,0.6490037831242353,9.275697642041614e-05
2787,ATC,533,840,0,0,0.6809275913517039,0.6810228662995199,9.527494781602641e-05
2788,ATC,1731,841,0,1,0.6463058973815179,0.6463792680627964,7.337068127855062e-05
2789,ATC,3418,843,0,1,0.36832249369201403,0.36813129207159323,0.00019120162042080002
2790,ATC,927,847,0,0,0.39450798075947174,0.3948015568546938,0.00029357609522207007
2791,ATC,3570,852,1,0,0.5064181484127179,0.5063819196250536,3.622878766429416e-05
2792,ATC,2496,855,0,0,0.6915833863467657,0.6917040535429677,0.00012066719620196231
2793,ATC,849,857,0,1,0.7006558766379106,0.7006482709106059,7.605727304738075e-06
2794,ATC,1018,862,1,1,0.8251912421712636,0.8252861316753654,9.488950410174724e-05
2795,ATC,2712,864,0,1,0.6405445407192187,0.6404364074762927,0.00010813324292602289
2796,ATC,2998,865,0,0,0.6399329174528532,0.6399032884658391,2.962898701408534e-05
2797,ATC,302,868,1,0,0.5317648939034,0.531628284711771,0.0001366091916289447
2798,ATC,1411,869,0,0,0.6619668646706935,0.6618949243263864,7.194034430713092e-05
2799,ATC,1739,872,1,0,0.7622921118213033,0.7623358596330024,4.374781169913522e-05
2800,ATC,3365,873,0,0,0.7477142322906735,0.7477492038902019,3.497159952847717e-05
2801,ATC,3726,874,0,0,0.5610248889713944,0.5610230691036062,1.8198677881331449e-06
2802,ATC,1144,876,0,0,0.7128046933906619,0.7127428654534836,6.18279371782382e-05
2803,ATC,3623,881,0,0,0.4646297489548839,0.4646569238277028,2.7174872818891416e-05
2804,ATC,3615,883,0,0,0.5475392560471682,0.5476788572371553,0.00013960118998701532
2805,ATC,196,888,0,0,0.38437054679289306,0.38537732504417177,0.001006778251278706
2806,ATC,1664,889,0,0,0.4948296377375103,0.4945660633961013,0.0002635743414090008
2807,ATC,1438,890,0,1,0.5498865246352255,0.5499796382577917,9.311362256625433e-05
2808,ATC,1432,891,0,1,0.8055782490422985,0.8056740379588859,9.578891658745814e-05
2809,ATC,1500,893,1,0,0.6467803220575707,0.6467896995390093,9.377481438588298e-06
2810,ATC,1169,894,0,0,0.4237307060540651,0.4235967626410011,0.00013394341306399715
2811,ATC,2065,895,0,0,0.6442946451279365,0.6442656253489547,2.9019778981842492e-05
2812,ATC,3570,896,1,0,0.5064181484127179,0.5064631764239859,4.502801126793354e-05
2813,ATC,533,898,0,0,0.6809275913517039,0.680932563587587,4.972235883138332e-06
2814,ATC,104,900,0,0,0.47906916748626827,0.479414375006024,0.0003452075197557525
2815,ATC,2145,907,0,0,0.41353003290225565,0.4130498182312271,0.00048021467102854487
2816,ATC,1185,910,0,1,0.41003849998860903,0.4116791489978728,0.0016406490092637505
2817,ATC,3223,914,0,0,0.711010330932014,0.7109754992023584,3.483172965568215e-05
2818,ATC,1115,917,0,0,0.5134093824581046,0.5134395730877432,3.0190629638604527e-05
2819,ATC,1307,918,0,0,0.5372078756435226,0.537337370027243,0.00012949438372045208
2820,ATC,3239,922,1,0,0.5170908198975357,0.5172113967393546,0.00012057684181887574
2821,ATC,3595,923,0,0,0.6046187147222967,0.6046060464478142,1.2668274482430242e-05
2822,ATC,3480,929,0,0,0.625154386882807,0.625242816246882,8.842936407504887e-05
2823,ATC,1579,930,1,0,0.6942174729754274,0.6941505223849024,6.695059052497232e-05
2824,ATC,3698,934,0,0,0.6196754588137826,0.6195732557407082,0.0001022030730744028
2825,ATC,48,936,0,0,0.49589285756019924,0.49581478844189303,7.80691183062121e-05
2826,ATC,3066,937,0,0,0.6729250446205867,0.6727897138258263,0.0001353307947603577
2827,ATC,3351,944,0,0,0.4047449326659864,0.40485287610487036,0.00010794343888398394
2828,ATC,1527,948,1,0,0.7066224780359518,0.7066033604872,1.911754875183469e-05
2829,ATC,1704,949,1,0,0.6401415351925737,0.6402194161875533,7.788099497962886e-05
2830,ATC,3825,951,0,1,0.503908258819493,0.5037549204592192,0.00015333836027375813
2831,ATC,287,953,0,0,0.4016041141990912,0.4018895040817981,0.0002853898827068768
2832,ATC,3669,956,0,0,0.5930297885931451,0.5931820687986814,0.00015228020553625932
2833,ATC,3279,957,0,0,0.5557721548235345,0.5558180556210519,4.590079751742859e-05
2834,ATC,2537,961,1,0,0.45373336368982964,0.453542921777696,0.00019044191213363204
2835,ATC,2282,963,0,1,0.7476130479524732,0.7475930328471774,2.0015105295811964e-05
2836,ATC,3734,966,0,0,0.5548750571680827,0.554657045820082,0.00021801134800070177
2837,ATC,2620,968,0,0,0.8122416110907662,0.8122418538780899,2.4278732368987477e-07
2838,ATC,3067,970,0,0,0.47653243552547053,0.47650290565303716,2.9529872433375903e-05
2839,ATC,1905,972,0,0,0.4871413221097743,0.4870315218685463,0.00010980024122797527
2840,ATC,633,973,0,1,0.8374991754520901,0.8375359599997234,3.678454763333949e-05
2841,ATC,386,974,0,0,0.5100252094691825,0.510008635287393,1.6574181789463793e-05
2842,ATC,3638,977,0,0,0.6677274248496364,0.6677206021773946,6.822672241835193e-06
2843,ATC,1645,979,1,0,0.7671540648199031,0.7671955749552195,4.151013531639158e-05
2844,ATC,1782,985,0,0,0.7039406213891617,0.7040782345061678,0.0001376131170061079
2845,ATC,3084,987,0,0,0.768605140325943,0.768614768078691,9.627752748042617e-06
2846,ATC,792,988,0,0,0.6938014296452788,0.6937841945723967,1.7235072882093583e-05
2847,ATC,2745,992,0,1,0.6363612524655243,0.6363485991958721,1.265326965227409e-05
2848,ATC,369,995,0,0,0.6944367458364364,0.6943882767262881,4.846911014833033e-05
2849,ATC,472,997,1,1,0.6902830368499531,0.6902387355201093,4.430132984378776e-05
2850,ATC,162,999,0,1,0.7560742025294778,0.7559162249605825,0.00015797756889524006
2851,ATC,1837,1000,0,0,0.6099468600687262,0.6099333080919336,1.3551976792647302e-05
2852,ATC,1173,1003,0,0,0.5034450132403065,0.5034487411524786,3.7279121720690256e-06
2853,ATC,3164,1004,0,0,0.4462027320081708,0.44617066689328744,3.206511488335062e-05
2854,ATC,421,1006,0,0,0.5703456262090835,0.5703158474364939,2.9778772589583724e-05
2855,ATC,2470,1009,1,1,0.6682256688438178,0.6681612227744029,6.444606941491404e-05
2856,ATC,577,1011,0,0,0.4776355162619103,0.47770559167654225,7.007541463194267e-05
2857,ATC,2899,1012,0,0,0.7258737799722474,0.7260490050928853,0.00017522512063783413
2858,ATC,939,1016,0,0,0.5729471387151834,0.5729460812979125,1.057417270966532e-06
2859,ATC,1151,1020,0,0,0.6005827527486487,0.6005236350317102,5.911771693845047e-05
2860,ATC,2779,1024,0,1,0.5180758521012616,0.5179398434025357,0.00013600869872587573
2861,ATC,1275,1026,0,1,0.7552315750881922,0.7552592920315239,2.7716943331701493e-05
2862,ATC,303,1032,1,1,0.8602127037022944,0.8597704095903379,0.00044229411195650936
2863,ATC,1185,1033,0,0,0.41003849998860903,0.41174899415809246,0.0017104941694834341
2864,ATC,1592,1034,0,0,0.38207616823736645,0.3825073024468767,0.00043113420951024217
2865,ATC,35,1036,0,0,0.5597474637039886,0.5598475448987706,0.00010008119478199795
2866,ATC,2534,1037,1,0,0.5142925710545108,0.5143333241385114,4.075308400064426e-05
2867,ATC,3946,1039,0,0,0.46355230381868634,0.46358086805058846,2.856423190211732e-05
2868,ATC,1451,1052,0,0,0.574497897627933,0.5744347730366353,6.312459129775849e-05
2869,ATC,350,1053,0,1,0.6979327421491778,0.6978272395557357,0.00010550259344210833
2870,ATC,3847,1057,0,0,0.3718914076740831,0.3727419765805499,0.000850568906466842
2871,ATC,3677,1058,0,0,0.693438199889241,0.693414278966019,2.392092322200945e-05
2872,ATC,1091,1059,0,0,0.5724351275374212,0.5723367903138422,9.833722357899255e-05
2873,ATC,598,1062,0,0,0.7730250905366717,0.7730375242339423,1.2433697270664013e-05
2874,ATC,1747,1064,0,0,0.6119545217966038,0.6119849080023964,3.038620579254303e-05
2875,ATC,3251,1066,0,0,0.5580921323611197,0.5579694026543773,0.00012272970674231942
2876,ATC,884,1067,0,0,0.43730381568750026,0.4379341472271036,0.000630331539603346
2877,ATC,3630,1068,0,0,0.6898954365129167,0.6898905952478557,4.841265061061861e-06
2878,ATC,3456,1069,0,0,0.5990359227007768,0.5990471184306992,1.1195729922475195e-05
2879,ATC,232,1070,0,1,0.6851412260897903,0.685134651227905,6.574861885377814e-06
2880,ATC,821,1074,0,0,0.5685974846635634,0.5686239248969409,2.6440233377500455e-05
2881,ATC,526,1078,0,1,0.5186463692474281,0.5184759187431255,0.00017045050430264386
2882,ATC,2591,1079,1,1,0.6528312449927356,0.6529256069595435,9.436196680789877e-05
2883,ATC,3415,1081,0,1,0.7211832033385248,0.7211705783588126,1.2624979712216877e-05
2884,ATC,2146,1083,1,0,0.7172505143872511,0.717218819969163,3.169441808803519e-05
2885,ATC,1204,1088,0,1,0.7008540416505633,0.7008945675856054,4.052593504211277e-05
2886,ATC,920,1089,0,1,0.7049409071656926,0.7049106298482838,3.0277317408788917e-05
2887,ATC,1219,1090,0,0,0.4492982717069487,0.4493240563026058,2.578459565710789e-05
2888,ATC,471,1094,1,0,0.7598031281119285,0.7597424243966717,6.070371525679352e-05
2889,ATC,3094,1100,0,1,0.6786279036063987,0.6786767989791685,4.8895372769863776e-05
2890,ATC,2882,1101,0,1,0.5492860665624314,0.5494195031973957,0.00013343663496434566
2891,ATC,3161,1102,0,0,0.5534308731008356,0.5535467696125395,0.00011589651170385018
2892,ATC,664,1105,0,0,0.6183515542968369,0.6183649569895507,1.3402692713881947e-05
2893,ATC,2391,1106,0,1,0.5682448929852283,0.5683608676769156,0.0001159746916873372
2894,ATC,411,1108,1,0,0.5432093660075054,0.5433842967691249,0.00017493076161956278
2895,ATC,277,1111,0,0,0.4271095355110174,0.4270401335227953,6.940198822208421e-05
2896,ATC,3439,1116,1,0,0.667057519344032,0.6670210124739131,3.650687011891307e-05
2897,ATC,3109,1121,0,1,0.693308359707802,0.6933394959071429,3.1136199340919823e-05
2898,ATC,601,1122,0,1,0.6618212651554451,0.6618099304418696,1.1334713575505972e-05
2899,ATC,939,1125,0,0,0.5729471387151834,0.5727443306734151,0.0002028080417683098
2900,ATC,555,1127,0,1,0.3494994714397165,0.3504557141624487,0.0009562427227322035
2901,ATC,3788,1131,0,0,0.5407123865055643,0.5406392277012453,7.315880431901789e-05
2902,ATC,3688,1134,1,1,0.6495234637299682,0.6496378337486503,0.00011437001868208618
2903,ATC,1259,1142,0,0,0.656408576379061,0.656386338287508,2.2238091552995165e-05
2904,ATC,2440,1143,0,0,0.5340943558932026,0.5340098105925327,8.454530066992483e-05
2905,ATC,3689,1145,0,0,0.7338719782107425,0.7338636161601976,8.362050544885591e-06
2906,ATC,1368,1146,0,0,0.6048477977771922,0.6048308263751632,1.697140202905345e-05
2907,ATC,1213,1147,1,0,0.6735389654936321,0.6736797653218759,0.00014079982824377613
2908,ATC,3930,1153,0,0,0.5459931936514114,0.5460320214710902,3.8827819678788345e-05
2909,ATC,1630,1158,0,0,0.683707843878897,0.6837078833597993,3.9480902214172886e-08
2910,ATC,436,1161,0,0,0.5430313415183996,0.5430173507225504,1.3990795849183613e-05
2911,ATC,2079,1162,0,1,0.7479873835046077,0.7480018063142341,1.4422809626379873e-05
2912,ATC,3315,1163,0,1,0.5465906135034808,0.5464790187559361,0.00011159474754474097
2913,ATC,3825,1165,0,0,0.503908258819493,0.503774890501928,0.00013336831756494139
2914,ATC,971,1166,0,0,0.4403475666566025,0.44081549393686564,0.00046792728026312513
2915,ATC,2047,1172,0,1,0.8092336662400955,0.8091495462583923,8.411998170321233e-05
2916,ATC,3598,1177,0,0,0.45691148333116477,0.45711045517156423,0.00019897184039946447
2917,ATC,685,1178,0,0,0.3556328977784776,0.3549529348041734,0.0006799629743042268
2918,ATC,1087,1179,0,0,0.5453539444558317,0.5453122436420491,4.170081378263024e-05
2919,ATC,305,1180,0,0,0.676212606205666,0.6762396465154243,2.704030975830829e-05
2920,ATC,1754,1181,0,1,0.607589709666718,0.6075603588373844,2.935082933364086e-05
2921,ATC,2012,1189,0,0,0.6308251705662011,0.6308242230956086,9.47470592538302e-07
2922,ATC,2699,1190,0,0,0.46995057647997107,0.46975907415231855,0.00019150232765252628
2923,ATC,2203,1191,0,0,0.7094892357143512,0.7093370588108947,0.00015217690345648016
2924,ATC,529,1192,0,0,0.4875214301064901,0.48757476948997747,5.333938348739409e-05
2925,ATC,545,1193,0,0,0.5600070530429534,0.560049616195004,4.2563152050645314e-05
2926,ATC,3972,1194,0,1,0.42977635013837606,0.4299235530742259,0.000147202935849855
2927,ATC,2740,1195,0,0,0.5806127600946462,0.5806989456059005,8.618551125427754e-05
2928,ATC,738,1202,0,0,0.5605032202069906,0.5604470807075189,5.613949947169683e-05
2929,ATC,215,1205,0,1,0.7185955920856046,0.7188349047543336,0.00023931266872900814
2930,ATC,1994,1208,0,0,0.4566767688973734,0.45660484166215964,7.192723521376454e-05
2931,ATC,1232,1216,0,0,0.5469485522632664,0.5469045787219274,4.397354133900411e-05
2932,ATC,3743,1220,1,0,0.6779161334045481,0.6778885142211154,2.7619183432747718e-05
2933,ATC,1986,1231,0,0,0.44446419919850955,0.4442124701565167,0.00025172904199283197
2934,ATC,1398,1233,0,0,0.5418292632732399,0.5417587008971829,7.056237605695959e-05
2935,ATC,1219,1235,0,0,0.4492982717069487,0.44926552067112285,3.2751035825839825e-05
2936,ATC,1849,1239,1,0,0.678248905261203,0.6782465893730983,2.315888104620356e-06
2937,ATC,178,1242,0,0,0.7624637762148148,0.762384624958875,7.91512559397134e-05
2938,ATC,1149,1246,0,1,0.8813198632437493,0.880121012221167,0.0011988510225823257
2939,ATC,2000,1248,0,0,0.4809506298469151,0.4809541446986986,3.5148517835148496e-06
2940,ATC,3017,1249,0,1,0.7312932976352216,0.7312750097321539,1.828790306768191e-05
2941,ATC,203,1250,0,0,0.6590202012420693,0.6590142798813123,5.921360756944161e-06
2942,ATC,2311,1256,1,1,0.679752416695192,0.6797701240110665,1.7707315874471163e-05
2943,ATC,3598,1265,0,0,0.45691148333116477,0.45695286158189624,4.1378250731471944e-05
2944,ATC,3185,1266,0,0,0.7276011974762813,0.7276219508638215,2.0753387540262125e-05
2945,ATC,2859,1267,0,0,0.5020838979504795,0.5021342230609713,5.032511049185562e-05
2946,ATC,3307,1268,0,1,0.45915744932398705,0.45928486921272643,0.00012741988873937737
2947,ATC,1481,1270,0,0,0.4257269274806859,0.4257616884246762,3.476094399029739e-05
2948,ATC,3615,1272,0,0,0.5475392560471682,0.5475559731131496,1.6717065981386448e-05
2949,ATC,3562,1277,0,0,0.687854678773416,0.6879764110907508,0.0001217323173348106
2950,ATC,392,1278,0,0,0.8216850904033803,0.8212339995483013,0.00045109085507899493
2951,ATC,467,1280,0,1,0.6886455668374705,0.6886890714521614,4.3504614690936805e-05
2952,ATC,1939,1285,0,0,0.46662585154805525,0.46629877233499617,0.0003270792130590783
2953,ATC,2550,1288,0,0,0.4676077082563411,0.46758458982644796,2.311842989316526e-05
2954,ATC,2460,1290,0,0,0.5135958305297518,0.5138372943809492,0.00024146385119738767
2955,ATC,619,1299,0,0,0.4802136775833944,0.48046742238289686,0.0002537447995024644
2956,ATC,3000,1301,0,0,0.551658156551662,0.5513221008978205,0.0003360556538414272
2957,ATC,1199,1303,0,1,0.4868486220704647,0.4861701334748044,0.000678488595660276
2958,ATC,2652,1304,1,1,0.5206248833180865,0.5205468920795358,7.799123855078971e-05
2959,ATC,3066,1305,0,0,0.6729250446205867,0.6727944560296814,0.00013058859090531172
2960,ATC,2926,1308,1,0,0.4933715315842207,0.4930653107682468,0.00030622081597392325
2961,ATC,632,1312,0,1,0.4480130202745569,0.4481080027576114,9.498248305450652e-05
2962,ATC,67,1313,0,1,0.7149598081181343,0.7149880284424901,2.8220324355787696e-05
2963,ATC,793,1316,0,0,0.43383158495144,0.43373076892119833,0.00010081603024164609
2964,ATC,3481,1317,0,0,0.4162965714094933,0.4162661390580299,3.0432351463383078e-05
2965,ATC,2543,1324,0,0,0.5225453440760228,0.5226436338327168,9.828975669401441e-05
2966,ATC,3781,1325,0,0,0.3066623775973774,0.28783477295964616,0.018827604637731254
2967,ATC,916,1327,0,0,0.7224588497845877,0.7224898557041272,3.100591953941745e-05
2968,ATC,202,1330,1,1,0.5599776709136816,0.559984669942707,6.999029025456238e-06
2969,ATC,3341,1332,0,0,0.46263874655895576,0.4619013167391299,0.0007374298198258855
2970,ATC,697,1335,0,0,0.5832014892771821,0.5833780541780861,0.00017656490090400823
2971,ATC,1255,1339,0,0,0.789143183633842,0.7891663808483871,2.3197214545134237e-05
2972,ATC,2342,1344,0,0,0.5342973048583325,0.5342217659266858,7.553893164669034e-05
2973,ATC,597,1345,0,0,0.7963841285285425,0.7963556161122961,2.8512416246351258e-05
2974,ATC,2533,1347,1,1,0.7794931435760101,0.7794708143019976,2.2329274012466982e-05
2975,ATC,3558,1348,0,0,0.3577713851234754,0.3580241881924109,0.0002528030689354921
2976,ATC,1973,1354,0,1,0.4854247496138665,0.48561921509249784,0.0001944654786313338
2977,ATC,2923,1355,0,1,0.5246500637327481,0.5246409619650343,9.101767713848297e-06
2978,ATC,3310,1359,0,0,0.6001772491008834,0.600181554192077,4.305091193534949e-06
2979,ATC,1475,1362,0,0,0.6325432478718566,0.6326973064961157,0.00015405862425910133
2980,ATC,3829,1365,0,1,0.5363390027210525,0.5362804785652809,5.8524155771566555e-05
2981,ATC,1796,1370,0,0,0.4684565291969324,0.46841169076667777,4.4838430254656725e-05
2982,ATC,1884,1374,0,0,0.5054847524479407,0.5053830606449581,0.00010169180298258418
2983,ATC,493,1380,0,0,0.44912160784294936,0.4490973568565215,2.4250986427831744e-05
2984,ATC,35,1383,0,1,0.5597474637039886,0.5596279664808179,0.00011949722317072808
2985,ATC,2130,1385,0,0,0.6969079632352765,0.69683528642257,7.267681270650694e-05
2986,ATC,196,1387,0,0,0.38437054679289306,0.3856140925484286,0.0012435457555355356
2987,ATC,162,1390,0,0,0.7560742025294778,0.7559281519694583,0.0001460505600194839
2988,ATC,3528,1392,0,1,0.5706228351977228,0.5706346284014694,1.1793203746557346e-05
2989,ATC,1809,1393,0,0,0.5078418933919359,0.5075419498574762,0.0002999435344596124
2990,ATC,1397,1394,0,0,0.6040293114256794,0.6040235194561842,5.79196949523908e-06
2991,ATC,101,1395,0,0,0.608932306840915,0.6089347877157542,2.4808748391169644e-06
2992,ATC,1699,1396,0,0,0.5870533326180071,0.5869896657669437,6.36668510634042e-05
2993,ATC,2075,1404,0,1,0.42519091488928534,0.42532580478715326,0.00013488989786791805
2994,ATC,3541,1405,0,0,0.6068328271960955,0.6068516005422391,1.8773346143530212e-05
2995,ATC,835,1408,0,0,0.6062399679313123,0.6061016161665649,0.00013835176474741306
2996,ATC,969,1410,1,0,0.3557529771765571,0.3559306662525088,0.00017768907595172578
2997,ATC,1967,1412,1,0,0.7068725651742325,0.7068523321271644,2.02330470681078e-05
2998,ATC,277,1415,0,0,0.4271095355110174,0.42708761305397736,2.192245704002449e-05
2999,ATC,1206,1417,0,0,0.4361825067488989,0.4360815696407676,0.00010093710813130485
3000,ATC,3813,1418,1,0,0.4499152284199496,0.44986348964726525,5.1738772684328804e-05
3001,ATC,1767,1420,0,1,0.7326684433037945,0.7328781098762762,0.00020966657248167042
3002,ATC,3769,1421,0,0,0.5503869505105066,0.5502044867523567,0.0001824637581498978
3003,ATC,2235,1422,0,0,0.4917160813664372,0.4917772415963232,6.116022988600367e-05
3004,ATC,3485,1424,1,0,0.7916867104432007,0.7916006086468019,8.610179639878535e-05
3005,ATC,2164,1425,0,1,0.5945367828406368,0.5945789836022338,4.2200761596999925e-05
3006,ATC,2963,1433,0,0,0.573452269033135,0.5732088380640927,0.00024343096904222428
3007,ATC,559,1436,0,1,0.7866974967069408,0.7867837555918707,8.625888492996836e-05
3008,ATC,2753,1437,0,0,0.5121369298077059,0.5123331439594637,0.0001962141517578564
3009,ATC,2448,1439,0,1,0.6264126217404565,0.6264031953089767,9.42643147983091e-06
3010,ATC,2302,1440,0,0,0.5735230076862,0.5735609830714097,3.797538520966537e-05
3011,ATC,251,1442,0,0,0.6312815044757977,0.6312236411172684,5.7863358529308684e-05
3012,ATC,571,1446,0,1,0.5229121607048726,0.5229373950773709,2.5234372498350588e-05
3013,ATC,213,1448,1,0,0.3808263715774863,0.38059594156550136,0.00023043001198491675
3014,ATC,2075,1452,0,0,0.42519091488928534,0.42495288054986424,0.00023803433942110042
3015,ATC,2442,1455,0,0,0.7133929513830938,0.7134988003990145,0.0001058490159207004
3016,ATC,3860,1463,0,0,0.6124772442151009,0.6123733216823027,0.00010392253279811747
3017,ATC,1109,1465,0,0,0.5466826908449025,0.5466802464268478,2.444418054747821e-06
3018,ATC,3629,1471,1,0,0.5747321782239945,0.5747823910972253,5.0212873230814914e-05
3019,ATC,1091,1474,0,0,0.5724351275374212,0.5725365471294418,0.0001014195920205907
3020,ATC,2275,1476,0,0,0.39999696606473606,0.40027277616600654,0.00027581010127047945
3021,ATC,3145,1477,0,0,0.62386764616814,0.6237997420532604,6.790411487966885e-05
3022,ATC,3922,1478,0,0,0.7085554648717544,0.7086702469218836,0.00011478205012926956
3023,ATC,2800,1480,0,0,0.48295382654756563,0.4831506221664252,0.00019679561885954655
3024,ATC,2199,1493,0,0,0.7955315844168314,0.7955429739420682,1.1389525236826792e-05
3025,ATC,2798,1494,1,1,0.6317963075411641,0.6318912237068155,9.491616565138195e-05
3026,ATC,1796,1498,0,0,0.4684565291969324,0.4689419803217994,0.0004854511248669757
3027,ATC,3565,1501,0,1,0.5665884411470523,0.5664324235414957,0.00015601760555661315
3028,ATC,1767,1503,0,0,0.7326684433037945,0.7328239175612142,0.00015547425741968546
3029,ATC,1592,1505,0,0,0.38207616823736645,0.38207169842214184,4.46981522461698e-06
3030,ATC,1978,1510,0,1,0.6602690097132677,0.6603305714502647,6.156173699700673e-05
3031,ATC,1119,1511,0,0,0.5689045525962764,0.5687512266950184,0.0001533259012579391
3032,ATC,2007,1516,0,1,0.8171734927164773,0.817078516430118,9.497628635934952e-05
3033,ATC,381,1517,0,0,0.6721821466005206,0.6722388542177912,5.670761727061269e-05
3034,ATC,2279,1518,0,0,0.4954796505005083,0.4955810397689968,0.00010138926848851648
3035,ATC,3772,1519,0,0,0.6633710345446671,0.6634227521678138,5.171762314670758e-05
3036,ATC,1699,1520,0,0,0.5870533326180071,0.5869172647276197,0.0001360678903873369
3037,ATC,3602,1526,0,0,0.6396815068315278,0.6397124216011432,3.0914769615364435e-05
3038,ATC,3161,1528,0,0,0.5534308731008356,0.5535877243951759,0.00015685129434028777
3039,ATC,1884,1530,0,0,0.5054847524479407,0.5056838383043911,0.00019908585645045385
3040,ATC,3558,1532,0,0,0.3577713851234754,0.35790621932691485,0.00013483420343946007
3041,ATC,3781,1533,0,0,0.3066623775973774,0.284372048524041,0.02229032907333639
3042,ATC,1488,1536,0,0,0.6973915204522466,0.697659859694264,0.00026833924201741244
3043,ATC,1900,1538,0,0,0.32302869932504363,0.3179530955342117,0.00507560379083194
3044,ATC,98,1539,0,0,0.49008391714929755,0.4900509404775205,3.297667177704078e-05
3045,ATC,341,1544,0,1,0.6951159345171705,0.6950899684527984,2.5966064372107134e-05
3046,ATC,3281,1549,0,0,0.4552022896447798,0.45515451468079277,4.777496398705727e-05
3047,ATC,2053,1550,0,1,0.7182474945378902,0.7182889547688871,4.1460230996936964e-05
3048,ATC,529,1552,0,0,0.4875214301064901,0.48757380631353714,5.23762070470668e-05
3049,ATC,2955,1562,0,0,0.6205781626386062,0.6206165325810217,3.8369942415461544e-05
3050,ATC,3960,1564,0,0,0.5995817777578439,0.5996889487997663,0.00010717104192237148
3051,ATC,2420,1567,0,0,0.7045858009893479,0.7046217039243129,3.590293496502639e-05
3052,ATC,1183,1568,0,1,0.6372005860255505,0.6371844812609562,1.6104764594349064e-05
3053,ATC,3437,1569,0,0,0.31156414590236564,0.3138730563623084,0.002308910459942748
3054,ATC,2239,1572,0,1,0.7448082011121898,0.7449745193704648,0.0001663182582749556
3055,ATC,3861,1575,0,0,0.629946101206586,0.6299690853009068,2.2984094320777082e-05
3056,ATC,126,1578,0,0,0.40601678386929074,0.40554956493620686,0.0004672189330838794
3057,ATC,1133,1585,0,1,0.6575966192821413,0.6575941023714691,2.516910672212269e-06
3058,ATC,3759,1588,0,0,0.5231113948215237,0.523037436555164,7.395826635969716e-05
3059,ATC,766,1589,0,0,0.7056550375801471,0.7056974474967265,4.240991657933346e-05
3060,ATC,3987,1591,0,0,0.49186189491749743,0.4918200710607388,4.1823856758660405e-05
3061,ATC,3507,1598,0,0,0.367162121318876,0.36524965002628085,0.0019124712925951415
3062,ATC,74,1599,0,1,0.7546575806455874,0.7545973154924636,6.026515312385072e-05
3063,ATC,3829,1601,0,0,0.5363390027210525,0.5361998668267125,0.0001391358943400034
3064,ATC,1487,1603,0,0,0.5356727472054121,0.5355967983123666,7.594889304551877e-05
3065,ATC,3324,1604,0,0,0.5370691801405817,0.5370900575688656,2.087742828393857e-05
3066,ATC,2591,1605,1,1,0.6528312449927356,0.6524237603698493,0.0004074846228863116
3067,ATC,1091,1607,0,1,0.5724351275374212,0.5725580232758419,0.0001228957384207252
3068,ATC,3745,1612,0,0,0.6325265572536637,0.632522400087621,4.157166042739746e-06
3069,ATC,1464,1613,0,0,0.4476596291739735,0.4476245144357317,3.511473824180378e-05
3070,ATC,3784,1614,0,0,0.6490965401006558,0.649159929841904,6.338974124819874e-05
3071,ATC,3027,1615,0,0,0.5329998738206849,0.5331210718752939,0.00012119805460897304
3072,ATC,345,1617,0,0,0.8513572884127405,0.8505293203135869,0.000827968099153642
3073,ATC,3788,1618,0,1,0.5407123865055643,0.5407609126422216,4.8526136657289776e-05
3074,ATC,3100,1621,0,1,0.6514843965766169,0.651460589234755,2.3807341861914466e-05
3075,ATC,3768,1625,0,1,0.5758029318171226,0.5755660963550389,0.00023683546208375095
3076,ATC,1322,1627,0,0,0.48737635691654224,0.48737311304651687,3.243870025371187e-06
3077,ATC,2570,1632,0,1,0.6953680229209724,0.6953543425631395,1.3680357832890344e-05
3078,ATC,1164,1635,0,1,0.5585774668650972,0.5584581681708334,0.00011929869426385853
3079,ATC,1523,1636,0,0,0.601610281662322,0.6017998678563562,0.00018958619403419696
3080,ATC,971,1639,0,0,0.4403475666566025,0.4406220990937074,0.00027453243710490183
3081,ATC,2454,1640,0,0,0.4320257024109493,0.4319189108441549,0.00010679156679438417
3082,ATC,2270,1644,1,1,0.7596079052205345,0.7596648780117081,5.69727911736706e-05
3083,ATC,2016,1648,0,1,0.7944725642968927,0.7944908569590573,1.8292662164576257e-05
3084,ATC,3780,1650,1,1,0.7731811025694133,0.7731909210635756,9.818494162261437e-06
3085,ATC,2608,1652,0,0,0.6804401019213144,0.6802707153480408,0.00016938657327358886
3086,ATC,1232,1655,0,0,0.5469485522632664,0.547137790913801,0.00018923865053455113
3087,ATC,532,1665,0,0,0.5413677484681685,0.5414357222569706,6.797378880207816e-05
3088,ATC,2726,1670,0,0,0.5177138323736874,0.517831538496929,0.00011770612324157881
3089,ATC,3355,1672,0,0,0.5934017323099355,0.5932189573530241,0.00018277495691143564
3090,ATC,2089,1674,0,0,0.5662362869705331,0.5663862565475196,0.00014996957698654168
3091,ATC,3872,1680,0,0,0.6167744987568313,0.6170787936540771,0.00030429489724581593
3092,ATC,981,1682,1,0,0.6424940797833816,0.6424476845764111,4.639520697047317e-05
3093,ATC,2779,1688,0,1,0.5180758521012616,0.5179923126541841,8.353944707750749e-05
3094,ATC,584,1689,0,0,0.5016892671585647,0.501338626135559,0.0003506410230056378
3095,ATC,554,1693,0,0,0.3779776560361041,0.37762199171635924,0.000355664319744875
3096,ATC,2660,1694,0,0,0.5769975979296377,0.5769838660964982,1.3731833139463134e-05
3097,ATC,1810,1698,0,0,0.6597662959849399,0.6597933442966213,2.7048311681432402e-05
3098,ATC,43,1700,0,0,0.43171708972129763,0.4317579690286522,4.08793073545799e-05
3099,ATC,530,1702,0,0,0.6591245480261583,0.6591153038299145,9.244196243818337e-06
3100,ATC,2812,1703,0,1,0.6218694149587404,0.621904169027652,3.475406891162436e-05
3101,ATC,1389,1705,0,0,0.46283113868825904,0.46287531653919695,4.4177850937909824e-05
3102,ATC,2301,1706,0,0,0.5282347191934668,0.5278195003832561,0.0004152188102106713
3103,ATC,1457,1716,1,1,0.7213061628477685,0.7213302353006098,2.4072452841306102e-05
3104,ATC,1574,1718,0,1,0.6992922105023147,0.6993116170013335,1.940649901877034e-05
3105,ATC,2100,1719,0,0,0.5760784871188765,0.576162175404362,8.368828548543927e-05
3106,ATC,2412,1721,0,0,0.6035783454954767,0.6035020596760217,7.628581945506863e-05
3107,ATC,1758,1727,0,0,0.5441919629767379,0.5444343619971884,0.0002423990204505344
3108,ATC,3484,1728,0,0,0.7155576514388041,0.7156000509212984,4.239948249429304e-05
3109,ATC,529,1730,0,0,0.4875214301064901,0.4874906992754917,3.073083099836005e-05
3110,ATC,3351,1734,0,0,0.4047449326659864,0.4047887794853796,4.384681939323398e-05
3111,ATC,1555,1736,0,0,0.7384803295373953,0.7383659276929311,0.00011440184446420698
3112,ATC,787,1737,0,0,0.37541028983826896,0.37522206712947503,0.0001882227087939281
3113,ATC,2798,1738,1,0,0.6317963075411641,0.6318338965951189,3.758905395478962e-05
3114,ATC,3923,1741,0,0,0.6257916543656716,0.6259211101305817,0.00012945576491008026
3115,ATC,3525,1745,0,0,0.4033815597698311,0.40353853006904367,0.00015697029921257766
3116,ATC,1271,1756,0,0,0.6036227735416154,0.6036437024329714,2.092889135596465e-05
3117,ATC,2591,1761,1,1,0.6528312449927356,0.6526328911242173,0.00019835386851829728
3118,ATC,3946,1762,0,0,0.46355230381868634,0.4633594028989038,0.00019290091978252377
3119,ATC,568,1768,0,1,0.8110100090683898,0.8109888175802402,2.1191488149607807e-05
3120,ATC,2794,1772,0,1,0.7511812471665921,0.7511633886239223,1.785854266977971e-05
3121,ATC,1182,1776,0,0,0.7593235160206784,0.7593734177166314,4.9901695952980774e-05
3122,ATC,1814,1778,0,0,0.5307578007953538,0.5310197822368233,0.0002619814414694943
3123,ATC,3630,1779,0,0,0.6898954365129167,0.6898123043745255,8.31321383912842e-05
3124,ATC,932,1781,0,0,0.5742039290984088,0.57420005667599,3.872422418838006e-06
3125,ATC,2735,1783,1,0,0.49831104868697274,0.4982443184733534,6.673021361935927e-05
3126,ATC,3132,1785,0,1,0.4550909629677168,0.455100880411481,9.917443764217992e-06
3127,ATC,3083,1792,0,0,0.6970259250174252,0.6969697150232006,5.620999422462081e-05
3128,ATC,1472,1795,0,1,0.7171633928893274,0.717122390542645,4.100234668236169e-05
3129,ATC,3416,1797,0,0,0.6094626396593303,0.6093520143847133,0.00011062527461702665
3130,ATC,2753,1804,0,1,0.5121369298077059,0.5123499667984832,0.00021303699077734883
3131,ATC,1733,1805,0,0,0.8227969697507123,0.8230608920014896,0.00026392225077731535
3132,ATC,716,1806,0,0,0.4920638779832796,0.4922994014266406,0.0002355234433609743
3133,ATC,2882,1807,0,0,0.5492860665624314,0.5492664218400962,1.9644722335177e-05
3134,ATC,3737,1808,0,0,0.5700085107045102,0.5700439041287938,3.5393424283602926e-05
3135,ATC,2435,1813,0,0,0.7026708349179587,0.7026796643401482,8.829422189493563e-06
3136,ATC,1219,1825,0,0,0.4492982717069487,0.44949843694969827,0.0002001652427495726
3137,ATC,761,1826,0,0,0.6285343759371633,0.6285465422557923,1.2166318628992201e-05
3138,ATC,904,1829,0,0,0.7183868625356952,0.71839147514041,4.6126047148487e-06
3139,ATC,2514,1832,0,0,0.6483117207109278,0.6484895829773847,0.0001778622664568852
3140,ATC,2217,1834,1,1,0.758039862325311,0.7580812164371528,4.135411184180704e-05
3141,ATC,160,1835,0,0,0.6233644266615203,0.6235266712984096,0.00016224463688929713
3142,ATC,489,1841,0,0,0.6376755889937062,0.6378333081801991,0.0001577191864928773
3143,ATC,2440,1843,0,0,0.5340943558932026,0.5339994170878283,9.493880537436716e-05
3144,ATC,3825,1844,0,0,0.503908258819493,0.5037260689525696,0.0001821898669234212
3145,ATC,983,1846,0,0,0.6772508897848974,0.677299522571191,4.863278629352319e-05
3146,ATC,18,1847,0,0,0.7136806068658865,0.7136835248992939,2.918033407350862e-06
3147,ATC,3588,1850,0,0,0.5959347751673532,0.5958951871788666,3.958798848657796e-05
3148,ATC,825,1853,0,0,0.6277585589288545,0.627803804584174,4.524565531949243e-05
3149,ATC,1773,1856,0,0,0.4704822132680981,0.4707370949652198,0.0002548816971217338
3150,ATC,906,1857,0,0,0.533301805124541,0.5333325133225344,3.0708197993445374e-05
3151,ATC,1091,1861,0,0,0.5724351275374212,0.5724242469281257,1.0880609295549348e-05
3152,ATC,536,1867,0,1,0.7427433662156654,0.7425393934547282,0.00020397276093719885
3153,ATC,1045,1868,0,0,0.5919065025213606,0.5918072290470886,9.927347427196587e-05
3154,ATC,625,1870,0,0,0.5199099945501315,0.5199386058885876,2.8611338456108193e-05
3155,ATC,2629,1872,0,0,0.49894492066248997,0.4991038773462967,0.00015895668380672134
3156,ATC,1540,1874,0,0,0.4415074702396305,0.4414108950428663,9.657519676420367e-05
3157,ATC,707,1875,0,0,0.5105235628475283,0.5105687722206598,4.520937313146067e-05
3158,ATC,3805,1877,0,0,0.6337304053294635,0.6338044626382484,7.405730878495831e-05
3159,ATC,1219,1878,0,1,0.4492982717069487,0.449502347801572,0.00020407609462330667
3160,ATC,3180,1879,0,0,0.44972210611463787,0.449698703981583,2.3402133054850616e-05
3161,ATC,1697,1886,0,0,0.6281769817924117,0.6281929261162373,1.5944323825678453e-05
3162,ATC,3863,1887,0,0,0.5839325842415303,0.5842090022771279,0.00027641803559763645
3163,ATC,1992,1888,0,0,0.5157481192263891,0.5157607530138469,1.2633787457860812e-05
3164,ATC,3577,1889,0,0,0.4354032716600449,0.435462096141905,5.882448186012024e-05
3165,ATC,2739,1890,0,0,0.6582608095613133,0.658097509234294,0.00016330032701927788
3166,ATC,1586,1894,0,0,0.4356249222216299,0.43558047920079096,4.44430208389468e-05
3167,ATC,716,1896,0,1,0.4920638779832796,0.4923095294536181,0.00024565147033850376
3168,ATC,1796,1899,0,1,0.4684565291969324,0.46841717603963623,3.935315729619582e-05
3169,ATC,3418,1903,0,0,0.36832249369201403,0.368773137886348,0.0004506441943339934
3170,ATC,2620,1904,0,1,0.8122416110907662,0.8121081068856756,0.00013350420509061767
3171,ATC,2000,1908,0,0,0.4809506298469151,0.4809213713796793,2.9258467235837582e-05
3172,ATC,3847,1909,0,0,0.3718914076740831,0.3720513156343883,0.0001599079603052389
3173,ATC,1441,1910,0,0,0.7743436929084326,0.7743624938703456,1.8800961912979197e-05
3174,ATC,155,1911,0,0,0.45311889686561146,0.4529371115579312,0.00018178530768026002
3175,ATC,2537,1915,1,0,0.45373336368982964,0.45355571656477545,0.00017764712505419222
3176,ATC,2276,1916,0,0,0.6579063463354642,0.6578298892637758,7.64570716883517e-05
3177,ATC,1796,1918,0,0,0.4684565291969324,0.46913032562625445,0.0006737964293220267
3178,ATC,3620,1919,0,0,0.7142856133974337,0.714390860215843,0.00010524681840928807
3179,ATC,2110,1920,0,0,0.7940524300684504,0.7940306345924816,2.179547596881104e-05
3180,ATC,2234,1922,0,0,0.44507053068862185,0.4450346979972666,3.5832691355264235e-05
3181,ATC,2388,1925,0,1,0.6436869816696514,0.6437086468018463,2.1665132194814696e-05
3182,ATC,734,1929,0,0,0.6688606215469527,0.668799409559137,6.121198781572357e-05
3183,ATC,291,1931,0,0,0.4582355849639089,0.45833953221702134,0.00010394725311241304
3184,ATC,1221,1932,0,0,0.6241837928167493,0.6241731663587095,1.0626458039841857e-05
3185,ATC,1973,1934,0,1,0.4854247496138665,0.4861122857076643,0.0006875360937977915
3186,ATC,3341,1937,0,0,0.46263874655895576,0.4627021279959188,6.338143696305032e-05
3187,ATC,986,1940,0,0,0.6215289268430353,0.6216168322823108,8.79054392755041e-05
3188,ATC,3158,1942,0,0,0.42103238859945274,0.4213931663435401,0.0003607777440873816
3189,ATC,3132,1944,0,0,0.4550909629677168,0.45494304977928635,0.00014791318843043744
3190,ATC,2550,1951,0,0,0.4676077082563411,0.46757990361531643,2.780464102469793e-05
3191,ATC,1260,1953,0,0,0.5641306139308053,0.5642241843069347,9.357037612933716e-05
3192,ATC,2943,1954,0,0,0.481539639475442,0.48146120265315995,7.84368222820353e-05
3193,ATC,3919,1956,0,0,0.4294285919588013,0.42942252723884083,6.064719960452436e-06
3194,ATC,592,1962,0,0,0.6334170286634954,0.6333098274462079,0.00010720121728746701
3195,ATC,747,1964,0,0,0.6685168903965246,0.6686841705681674,0.00016728017164280296
3196,ATC,1224,1966,0,0,0.6055154882657091,0.6054424380854438,7.305018026526611e-05
3197,ATC,1828,1969,0,0,0.41859773167817477,0.41852673625690695,7.099542126781655e-05
3198,ATC,3976,1970,0,0,0.7269529557359067,0.7269936383132549,4.068257734823888e-05
3199,ATC,442,1971,0,1,0.5779195227490753,0.5779086247651097,1.089798396558539e-05
3200,ATC,1986,1972,0,0,0.44446419919850955,0.44428408531299685,0.00018011388551270047
3201,ATC,3626,1982,0,0,0.5482853887300064,0.5481562679478047,0.0001291207822017304
3202,ATC,827,1988,0,0,0.613166758890134,0.6131746571988993,7.898308765352802e-06
3203,ATC,2582,1989,0,1,0.3436209749881366,0.3443204002398698,0.0006994252517332211
3204,ATC,3537,1993,0,0,0.6639093950168639,0.663745182518786,0.00016421249807785365
3205,ATC,2753,1996,0,1,0.5121369298077059,0.5122613099497416,0.00012438014203575154
3206,ATC,1087,1997,0,0,0.5453539444558317,0.5455656633164642,0.00021171886063242606
3207,ATC,536,2001,0,0,0.7427433662156654,0.742478864691078,0.0002645015245873461
3208,ATC,316,2005,0,0,0.5215762375781768,0.5214803274951042,9.591008307263671e-05
3209,ATC,3307,2006,0,0,0.45915744932398705,0.4594320491385296,0.000274599814542531
3210,ATC,3094,2008,0,1,0.6786279036063987,0.6787177914187168,8.988781231811238e-05
3211,ATC,1160,2015,1,1,0.5983556501131491,0.5983323493971482,2.3300716000873578e-05
3212,ATC,531,2018,0,0,0.7693945333087091,0.7694104546865869,1.5921377877758935e-05
3213,ATC,3615,2020,0,0,0.5475392560471682,0.5478589234346,0.0003196673874317213
3214,ATC,1245,2023,0,0,0.7636603327471396,0.7636557231533242,4.609593815430024e-06
3215,ATC,2465,2024,0,0,0.5577357452644724,0.5578902721296344,0.00015452686516193026
3216,ATC,1002,2025,1,1,0.6674744493258793,0.6675095452269318,3.509590105255089e-05
3217,ATC,666,2027,0,0,0.5249836396465952,0.525422014975816,0.0004383753292207526
3218,ATC,201,2030,0,0,0.6488272613702086,0.648839922860859,1.2661490650378582e-05
3219,ATC,3289,2031,0,1,0.43475197329801396,0.43484902788793056,9.705458991660088e-05
3220,ATC,282,2032,1,1,0.8009941144492021,0.8010504191287919,5.630467958983587e-05
3221,ATC,1726,2033,0,0,0.7594638884286237,0.7594751253097909,1.1236881167220325e-05
3222,ATC,717,2034,0,0,0.7100452027637508,0.7100414643691074,3.738394643404419e-06
3223,ATC,1431,2036,0,0,0.6670802092107814,0.6671446589285576,6.44497177761938e-05
3224,ATC,2632,2038,0,0,0.6320245253410686,0.6319630536314405,6.147170962811366e-05
3225,ATC,1169,2040,0,0,0.4237307060540651,0.42380732524695575,7.661919289064789e-05
3226,ATC,2094,2041,1,0,0.47317087427752175,0.47310406930963766,6.680496788408208e-05
3227,ATC,229,2042,0,0,0.6023142590202056,0.6023622900940111,4.8031073805465674e-05
3228,ATC,3867,2045,1,1,0.7842784392423959,0.784278140311161,2.9893123487667594e-07
3229,ATC,2297,2046,0,0,0.5651739327950843,0.5650823253582719,9.160743681246863e-05
3230,ATC,1368,2048,0,0,0.6048477977771922,0.6048278543475922,1.994342959998896e-05
3231,ATC,1204,2052,0,0,0.7008540416505633,0.7008428524722307,1.1189178332648986e-05
3232,ATC,464,2055,0,0,0.6213182012880696,0.6213257069959994,7.505707929844618e-06
3233,ATC,287,2056,0,1,0.4016041141990912,0.40185833581536806,0.0002542216162768618
3234,ATC,434,2071,0,1,0.49619571905823284,0.4961761288579,1.9590200332819663e-05
3235,ATC,663,2072,0,0,0.6042237676551814,0.6041973781313016,2.6389523879788435e-05
3236,ATC,921,2077,0,1,0.6818712399752761,0.681788762748891,8.247722638510258e-05
3237,ATC,609,2078,0,0,0.5439527049977424,0.543748028378701,0.00020467661904144396
3238,ATC,1620,2080,1,0,0.7688764534219664,0.7690396713584144,0.00016321793644802352
3239,ATC,1426,2081,0,0,0.6122035642243528,0.6121533737776106,5.019044674225981e-05
3240,ATC,2550,2085,0,0,0.4676077082563411,0.4678294907394638,0.0002217824831226567
3241,ATC,745,2092,1,1,0.5363951549280653,0.5364392715823275,4.411665426218292e-05
3242,ATC,2608,2095,0,0,0.6804401019213144,0.6804006017343714,3.950018694298674e-05
3243,ATC,811,2096,0,1,0.5902881451976526,0.5903543302666889,6.618506903632859e-05
3244,ATC,952,2097,0,0,0.6443940822324885,0.6444109652135581,1.688298106961028e-05
3245,ATC,1046,2099,0,0,0.526919185830572,0.5268341721797761,8.501365079582879e-05
3246,ATC,2234,2101,0,1,0.44507053068862185,0.44488583087501354,0.00018469981360830223
3247,ATC,1559,2102,1,1,0.5895075334419931,0.589496386146089,1.1147295904123666e-05
3248,ATC,3418,2103,0,0,0.36832249369201403,0.3686258121055198,0.00030331841350578204
3249,ATC,3800,2104,0,0,0.4561841640858702,0.45626475049373744,8.058640786723359e-05
3250,ATC,90,2106,0,0,0.6201265232489861,0.6201189666838127,7.5565651733722206e-06
3251,ATC,2802,2107,1,1,0.7709756899988538,0.7710954749657626,0.00011978496690878693
3252,ATC,2663,2108,0,0,0.6472439001990288,0.6472739947376358,3.0094538607028376e-05
3253,ATC,2057,2113,1,0,0.4525611906335117,0.45222361707210423,0.000337573561407456
3254,ATC,848,2115,0,0,0.5752073318931573,0.5752938474793675,8.651558621020072e-05
3255,ATC,148,2118,1,1,0.7985507782835136,0.7984753863268438,7.539195666983467e-05
3256,ATC,2312,2120,0,0,0.3523001466193448,0.352378519864185,7.837324484022412e-05
3257,ATC,3816,2121,0,1,0.5539755898337061,0.554135775171407,0.00016018533770090215
3258,ATC,1343,2123,0,0,0.5659128968095576,0.5659115959403803,1.3008691772675718e-06
3259,ATC,1185,2132,0,0,0.41003849998860903,0.41051511105511634,0.00047661106650731533
3260,ATC,2232,2134,0,0,0.6811511195847042,0.6810582821706634,9.28374140407584e-05
3261,ATC,2582,2135,0,0,0.3436209749881366,0.3438787964221335,0.0002578214339968854
3262,ATC,2550,2136,0,0,0.4676077082563411,0.46790144421263974,0.00029373595629861304
3263,ATC,3872,2140,0,0,0.6167744987568313,0.616753718663407,2.0780093424321855e-05
3264,ATC,562,2144,0,1,0.7413730299146906,0.7413887896770471,1.575976235657084e-05
3265,ATC,2267,2147,0,0,0.5377417571324276,0.5378683967253266,0.00012663959289904714
3266,ATC,3519,2150,0,1,0.5863376015344561,0.5862283628342522,0.00010923870020396187
3267,ATC,1371,2153,0,0,0.6808005471160646,0.6808531989927832,5.2651876718545765e-05
3268,ATC,305,2156,0,0,0.676212606205666,0.6762578062283536,4.520002268759704e-05
3269,ATC,3930,2157,0,0,0.5459931936514114,0.5461335184614381,0.00014032481002668185
3270,ATC,629,2158,0,0,0.6158117134594837,0.6157381223398579,7.359111962579323e-05
3271,ATC,811,2165,0,0,0.5902881451976526,0.5904656675638195,0.00017752236616686012
3272,ATC,3259,2166,0,0,0.4951680032119035,0.49511572863479214,5.227457711137751e-05
3273,ATC,1273,2167,0,0,0.5925704171291878,0.5927151777479263,0.0001447606187384709
3274,ATC,2620,2168,0,0,0.8122416110907662,0.8121190032827845,0.00012260780798167836
3275,ATC,587,2169,0,1,0.7206325018464035,0.7205874965645048,4.5005281898657934e-05
3276,ATC,1819,2170,0,1,0.563503384949842,0.5635619913570739,5.8606407231875934e-05
3277,ATC,3164,2171,0,0,0.4462027320081708,0.44596752412687135,0.00023520788129943737
3278,ATC,208,2175,1,0,0.32731321013739983,0.3274728238925589,0.0001596137551590493
3279,ATC,3726,2180,0,1,0.5610248889713944,0.5611326925523181,0.00010780358092377096
3280,ATC,3073,2181,1,0,0.4455087974574469,0.44545410376853145,5.469368891547477e-05
3281,ATC,493,2182,0,0,0.44912160784294936,0.44903246535695845,8.914248599090069e-05
3282,ATC,2616,2183,0,1,0.6192116112770685,0.6191158811420308,9.573013503771932e-05
3283,ATC,2279,2185,0,0,0.4954796505005083,0.4955322364632741,5.2585962765805405e-05
3284,ATC,1884,2186,0,0,0.5054847524479407,0.5054170865155413,6.766593239937446e-05
3285,ATC,82,2190,1,0,0.6812473869470688,0.6812976875046396,5.0300557570825966e-05
3286,ATC,3570,2193,1,1,0.5064181484127179,0.5067449669015647,0.00032681848884674736
3287,ATC,1063,2196,0,0,0.6270590513741896,0.6271228919034709,6.384052928132267e-05
3288,ATC,2279,2197,0,0,0.4954796505005083,0.4956012189664617,0.00012156846595340332
3289,ATC,1087,2200,0,0,0.5453539444558317,0.5453409116497828,1.303280604891821e-05
3290,ATC,1206,2201,0,1,0.4361825067488989,0.4360197101831235,0.0001627965657753916
3291,ATC,3648,2204,1,1,0.7977861130499775,0.7980695637335862,0.0002834506836086881
3292,ATC,2011,2207,0,0,0.5165055001105692,0.5164505966352714,5.4903475297796156e-05
3293,ATC,3252,2208,0,0,0.4607976490395667,0.46091453244287545,0.00011688340330873181
3294,ATC,2239,2209,0,0,0.7448082011121898,0.744914542365128,0.0001063412529381802
3295,ATC,1576,2213,0,0,0.5769252213916092,0.5769071871906758,1.803420093338115e-05
3296,ATC,1641,2216,0,1,0.4178716125992527,0.4176253233403008,0.0002462892589519261
3297,ATC,3463,2218,0,0,0.44385156928262504,0.44397714566260865,0.00012557637998361626
3298,ATC,1907,2220,0,0,0.45077104633961435,0.4507951532748065,2.4106935192169665e-05
3299,ATC,2653,2221,0,0,0.7210186981722443,0.7210504735663462,3.177539410192942e-05
3300,ATC,1992,2225,0,0,0.5157481192263891,0.5158081791497654,6.0059923376321045e-05
3301,ATC,1990,2226,0,0,0.6174466635351029,0.617133523582351,0.0003131399527519507
3302,ATC,3463,2229,0,0,0.44385156928262504,0.44351777345466487,0.0003337958279601705
3303,ATC,2075,2231,0,0,0.42519091488928534,0.4250397514892696,0.00015116340001575246
3304,ATC,264,2236,0,0,0.4938050229736228,0.49387244805425035,6.742508062757002e-05
3305,ATC,1381,2238,0,0,0.6577477661803872,0.657799180258811,5.141407842379486e-05
3306,ATC,1087,2241,0,0,0.5453539444558317,0.5453185600279705,3.538442786121809e-05
3307,ATC,368,2242,1,0,0.34834325454298765,0.3465325507180028,0.0018107038249848273
3308,ATC,3366,2244,0,0,0.4344543562796469,0.43434054692757057,0.0001138093520763328
3309,ATC,1157,2246,0,1,0.5797008018658236,0.5795934259814918,0.00010737588433185064
3310,ATC,2646,2248,0,1,0.6724038761964943,0.6725572272288131,0.00015335103231872704
3311,ATC,3476,2249,0,0,0.6133940412508838,0.6133243794537601,6.966179712375453e-05
3312,ATC,960,2250,1,1,0.7358882396487271,0.7359028482040275,1.4608555300443804e-05
3313,ATC,697,2253,0,1,0.5832014892771821,0.583192688302288,8.800974894085378e-06
3314,ATC,3581,2254,0,1,0.6471830479929435,0.647166435738428,1.6612254515435687e-05
3315,ATC,3711,2255,0,0,0.6448529713276937,0.6447632623429662,8.97089847274879e-05
3316,ATC,2552,2256,0,0,0.44264029523202136,0.4427588215295076,0.00011852629748621002
3317,ATC,3598,2257,0,0,0.45691148333116477,0.4572152674643442,0.0003037841331794411
3318,ATC,3883,2260,1,1,0.663295275886119,0.6633029732562351,7.697370116077629e-06
3319,ATC,3930,2262,0,0,0.5459931936514114,0.546081207652251,8.801400083957578e-05
3320,ATC,1990,2264,0,0,0.6174466635351029,0.617190478683155,0.00025618485194789375
3321,ATC,1664,2266,0,0,0.4948296377375103,0.49446533670258924,0.00036430103492107735
3322,ATC,1171,2269,0,0,0.36049111544991963,0.36107973163218626,0.0005886161822666325
3323,ATC,738,2273,0,1,0.5605032202069906,0.5603836756645467,0.00011954454244389456
3324,ATC,3565,2277,0,1,0.5665884411470523,0.5665774592607863,1.098188626602603e-05
3325,ATC,3623,2283,0,0,0.4646297489548839,0.4647049547649014,7.520581001752014e-05
3326,ATC,1990,2284,0,0,0.6174466635351029,0.6172215018832635,0.00022516165183938952
3327,ATC,3897,2286,0,0,0.5989534221656367,0.5988899545604582,6.346760517850214e-05
3328,ATC,791,2288,0,0,0.5895582799946014,0.5896327533880181,7.447339341670745e-05
3329,ATC,1602,2292,1,0,0.6177881535585338,0.6178124245225372,2.4270964003370032e-05
3330,ATC,3734,2293,0,0,0.5548750571680827,0.554804841493586,7.021567449672084e-05
3331,ATC,2203,2296,0,1,0.7094892357143512,0.7095088225185937,1.9586804242521794e-05
3332,ATC,1323,2298,0,1,0.6519285700840937,0.6523179163897911,0.00038934630569742446
3333,ATC,143,2299,0,0,0.5292187507292709,0.529379496652824,0.00016074592355308503
3334,ATC,3892,2304,0,0,0.49082390735425907,0.49095232952521906,0.00012842217095998532
3335,ATC,691,2305,1,0,0.508597151231872,0.508603498809417,6.347577545029459e-06
3336,ATC,1087,2306,0,0,0.5453539444558317,0.5451400830788231,0.0002138613770086284
3337,ATC,3338,2309,0,1,0.694058401237807,0.6941355729128869,7.717167507981237e-05
3338,ATC,2529,2314,0,0,0.5995537808977539,0.5995127915236274,4.0989374126554345e-05
3339,ATC,2311,2315,1,0,0.679752416695192,0.6800263872782285,0.0002739705830364647
3340,ATC,960,2318,1,0,0.7358882396487271,0.7358124799426996,7.575970602746729e-05
3341,ATC,1974,2319,0,0,0.4514595199182836,0.4512043483645114,0.00025517155377219325
3342,ATC,3695,2322,0,0,0.5208130220870688,0.520797163752006,1.5858335062790552e-05
3343,ATC,1690,2323,0,0,0.6026645013145546,0.6026655728174838,1.071502929161916e-06
3344,ATC,442,2324,0,0,0.5779195227490753,0.5778857186151923,3.380413388298642e-05
3345,ATC,3547,2327,0,0,0.6652785381560594,0.6651476579618665,0.0001308801941929394
3346,ATC,524,2329,0,0,0.6739096223359253,0.6737435803677769,0.00016604196814840044
3347,ATC,1871,2333,0,1,0.48221775411383305,0.4822502910857283,3.253697189525839e-05
3348,ATC,3251,2334,0,0,0.5580921323611197,0.5579144871222326,0.00017764523888708084
3349,ATC,3696,2335,0,0,0.6086776967482281,0.6086568806136823,2.0816134545853515e-05
3350,ATC,1306,2336,0,0,0.6745394222778506,0.674545965940075,6.543662224411939e-06
3351,ATC,1873,2337,0,1,0.5421370684177738,0.5419862285103879,0.00015083990738584685
3352,ATC,2145,2338,0,0,0.41353003290225565,0.4131781673244481,0.0003518655778075308
3353,ATC,3381,2339,0,0,0.748488709844266,0.748539314068505,5.06042242390814e-05
3354,ATC,3770,2340,0,0,0.6000354149278755,0.600060140441109,2.4725513233514462e-05
3355,ATC,2374,2343,0,0,0.7321542872338126,0.7321963558788822,4.206864506961505e-05
3356,ATC,2949,2344,0,0,0.4479086972279931,0.4479529059078931,4.42086799000152e-05
3357,ATC,369,2357,0,1,0.6944367458364364,0.6945754502079274,0.00013870437149099413
3358,ATC,990,2358,0,0,0.5368953457881123,0.5368330976938531,6.224809425914302e-05
3359,ATC,3886,2361,1,0,0.35682185479958783,0.35701710558318583,0.00019525078359799997
3360,ATC,3024,2362,0,1,0.5191770948719622,0.519232504370839,5.5409498876834995e-05
3361,ATC,1796,2363,0,0,0.4684565291969324,0.4691365179557209,0.0006799887587884967
3362,ATC,3554,2364,0,0,0.6492863819727615,0.6492302958095865,5.608616317498427e-05
3363,ATC,637,2365,0,0,0.5738381304369117,0.5738671234417145,2.899300480285749e-05
3364,ATC,1174,2366,1,0,0.5571295435218016,0.5571630304744002,3.34869525986381e-05
3365,ATC,2649,2367,0,1,0.6221429508411426,0.6220935275383302,4.9423302812323655e-05
3366,ATC,1171,2371,0,0,0.36049111544991963,0.36046112168389166,2.9993766027969215e-05
3367,ATC,1978,2372,0,1,0.6602690097132677,0.660218982368019,5.002734524872654e-05
3368,ATC,532,2373,0,0,0.5413677484681685,0.5414509257666619,8.317729849338651e-05
3369,ATC,43,2375,0,0,0.43171708972129763,0.4313364251044579,0.00038066461683972097
3370,ATC,3368,2378,0,0,0.5272802919088169,0.5275926992318225,0.0003124073230056368
3371,ATC,1015,2381,0,1,0.4981496461958022,0.49816448833004395,1.4842134241743743e-05
3372,ATC,1507,2384,0,0,0.6452085809732485,0.6451724975290453,3.6083444203249826e-05
3373,ATC,2289,2387,0,0,0.7876835653982966,0.7878790705393611,0.00019550514106447814
3374,ATC,2070,2389,0,0,0.6656134584524603,0.6655853745383035,2.808391415687339e-05
3375,ATC,2924,2390,1,1,0.6336129534065945,0.6335398697106229,7.308369597158748e-05
3376,ATC,3845,2392,1,1,0.5710097713085736,0.5714201761623291,0.0004104048537555416
3377,ATC,829,2396,1,0,0.6753730947859156,0.6754832701961956,0.00011017541028002231
3378,ATC,1754,2400,0,0,0.607589709666718,0.6075834684636428,6.241203075241231e-06
3379,ATC,854,2405,0,1,0.6026337174346812,0.602646605666056,1.2888231374796888e-05
3380,ATC,2682,2407,0,1,0.5297738597750259,0.5298206306014266,4.6770826400699406e-05
3381,ATC,1724,2408,0,1,0.714232400467179,0.7141243994736689,0.00010800099351004899
3382,ATC,1022,2409,0,0,0.7496077604810514,0.7495901232111318,1.763726991954595e-05
3383,ATC,901,2410,0,0,0.6083205002562229,0.6082685497389712,5.195051725170874e-05
3384,ATC,835,2413,0,0,0.6062399679313123,0.606092946838744,0.0001470210925682558
3385,ATC,2176,2417,0,0,0.6730155646930823,0.673062960730618,4.739603753567412e-05
3386,ATC,1773,2419,0,0,0.4704822132680981,0.4707474586011224,0.00026524533302429987
3387,ATC,1485,2421,0,0,0.46053641300333725,0.4599469847178849,0.0005894282854523314
3388,ATC,1542,2422,0,0,0.6382058891522188,0.6381234702094286,8.241894279015227e-05
3389,ATC,588,2424,0,0,0.6932008765980812,0.6932310343591919,3.0157761110705117e-05
3390,ATC,3921,2426,0,0,0.6148913888802441,0.6148890643177676,2.3245624765078077e-06
3391,ATC,2388,2430,0,1,0.6436869816696514,0.6435799115647309,0.00010707010492050362
3392,ATC,2275,2432,0,0,0.39999696606473606,0.39988696361031834,0.0001100024544177236
3393,ATC,2465,2434,0,0,0.5577357452644724,0.5577627317025682,2.698643809573298e-05
3394,ATC,1837,2437,0,0,0.6099468600687262,0.6098651158927283,8.174417599793316e-05
3395,ATC,165,2439,0,0,0.7238439047837012,0.7238431468105692,7.579731320372929e-07
3396,ATC,3856,2446,0,0,0.5193081088026931,0.5194722202254429,0.00016411142274985746
3397,ATC,202,2447,1,0,0.5599776709136816,0.559878877464807,9.879344887453456e-05
3398,ATC,1753,2450,1,1,0.6883906689317023,0.688409279104098,1.86101723956833e-05
3399,ATC,1223,2452,0,0,0.493715009076452,0.49367198577298105,4.302330347094596e-05
3400,ATC,3507,2456,0,0,0.367162121318876,0.36604864318878383,0.0011134781300921603
3401,ATC,2145,2458,0,0,0.41353003290225565,0.4134382304501715,9.180245208417759e-05
3402,ATC,1349,2462,0,0,0.4353826259199174,0.4352923329231484,9.02929967689925e-05
3403,ATC,3469,2464,0,0,0.5290282492775914,0.5290272177786435,1.031498947923204e-06
3404,ATC,1164,2466,0,0,0.5585774668650972,0.5586725656144761,9.509874937885243e-05
3405,ATC,2328,2468,0,1,0.7061420502172068,0.7061307833742286,1.1266842978141511e-05
3406,ATC,3941,2474,0,1,0.6994782901322001,0.6994662460639606,1.2044068239513983e-05
3407,ATC,277,2478,0,0,0.4271095355110174,0.4278446581223457,0.0007351226113282983
3408,ATC,104,2479,0,0,0.47906916748626827,0.4793867560137585,0.00031758852749025346
3409,ATC,416,2480,0,0,0.5094202830397119,0.5094445304558504,2.4247416138489797e-05
3410,ATC,3606,2482,0,0,0.5322501853378315,0.5323810464472271,0.0001308611093955303
3411,ATC,2873,2483,0,0,0.6179296365260027,0.6179628276494025,3.3191123399722855e-05
3412,ATC,123,2485,0,0,0.5660287270643898,0.5660364887003054,7.76163591564849e-06
3413,ATC,1023,2486,0,0,0.4949428571737741,0.4949315946320897,1.1262541684431415e-05
3414,ATC,456,2487,1,0,0.7581570741729056,0.758099371223928,5.770294897755601e-05
3415,ATC,1711,2488,0,0,0.4761125774331895,0.4760868286775312,2.574875565830581e-05
3416,ATC,2423,2493,1,0,0.5126402151937265,0.5125852826842306,5.493250949584194e-05
3417,ATC,835,2494,0,0,0.6062399679313123,0.6063911299751049,0.00015116204379261866
3418,ATC,619,2495,0,0,0.4802136775833944,0.48034924242309285,0.00013556483969845434
3419,ATC,368,2497,1,0,0.34834325454298765,0.34854274005024244,0.00019948550725479297
3420,ATC,3815,2500,1,1,0.7830130529642032,0.7829336599113711,7.939305283211073e-05
3421,ATC,1144,2501,0,0,0.7128046933906619,0.7127150163431395,8.967704752238514e-05
3422,ATC,3715,2502,0,0,0.615446049761249,0.6154503975523139,4.347791064951423e-06
3423,ATC,3092,2504,0,0,0.7864033892739107,0.7864010460208235,2.343253087233599e-06
3424,ATC,3872,2507,0,0,0.6167744987568313,0.6167374276846977,3.707107213357652e-05
3425,ATC,3689,2511,0,0,0.7338719782107425,0.7338498271971312,2.215101361124905e-05
3426,ATC,1005,2515,0,0,0.523602402284163,0.5235864367128228,1.5965571340204043e-05
3427,ATC,2963,2516,0,1,0.573452269033135,0.573259906262541,0.000192362770593979
3428,ATC,215,2517,0,0,0.7185955920856046,0.718605948490008,1.0356404403388808e-05
3429,ATC,1509,2518,0,1,0.7584153396601635,0.758300095499347,0.0001152441608165411
3430,ATC,2833,2521,0,1,0.6058312847832709,0.605816233082322,1.5051700948842672e-05
3431,ATC,3793,2524,0,0,0.768053289166053,0.7680568810976953,3.5919316423438374e-06
3432,ATC,3303,2527,0,0,0.7121604967143097,0.7121816672905854,2.117057627570862e-05
3433,ATC,1169,2528,0,0,0.4237307060540651,0.42357105290210256,0.0001596531519625355
3434,ATC,3331,2539,0,0,0.7219521967177586,0.7220669218874745,0.0001147251697158902
3435,ATC,3097,2540,0,0,0.3967826374284326,0.39704170776857456,0.0002590703401419425
3436,ATC,3005,2544,0,0,0.4778409916385297,0.47780833338961,3.26582489197369e-05
3437,ATC,32,2546,1,0,0.4446614910006737,0.44463041888705207,3.107211362163298e-05
3438,ATC,1892,2548,1,1,0.7671212123221675,0.7670970527548798,2.4159567287629358e-05
3439,ATC,3030,2551,0,0,0.49707281858233365,0.4969086893110574,0.00016412927127623655
3440,ATC,1860,2554,1,1,0.5693910728060544,0.5694660062669692,7.493346091480557e-05
3441,ATC,2076,2560,0,1,0.5978530233832228,0.598014499279451,0.0001614758962282803
3442,ATC,2720,2562,1,0,0.5148780060679516,0.5149336948759473,5.5688807995668554e-05
3443,ATC,3364,2563,0,0,0.5518495868565074,0.5518146830630695,3.490379343795702e-05
3444,ATC,3453,2566,0,1,0.4712837406675673,0.47091458794847646,0.00036915271909082614
3445,ATC,3085,2569,0,0,0.7030441171537767,0.7030016049611529,4.251219262374484e-05
3446,ATC,2352,2571,0,0,0.7628440232181343,0.7629416456296844,9.762241155009121e-05
3447,ATC,1481,2572,0,0,0.4257269274806859,0.4256459731977004,8.095428298549034e-05
3448,ATC,2582,2574,0,1,0.3436209749881366,0.34323322302780895,0.0003877519603276425
3449,ATC,1482,2578,0,0,0.7724883962361271,0.7726437661854707,0.00015536994934362003
3450,ATC,3781,2580,0,0,0.3066623775973774,0.2878212729221636,0.018841104675213827
3451,ATC,1371,2586,0,0,0.6808005471160646,0.680766771053502,3.377606256260712e-05
3452,ATC,1198,2587,1,0,0.5396536659920607,0.5394209259246671,0.00023274006739359976
3453,ATC,291,2588,0,0,0.4582355849639089,0.4581092271473626,0.00012635781654635192
3454,ATC,1739,2590,1,0,0.7622921118213033,0.7622243462190981,6.776560220522754e-05
3455,ATC,2816,2593,0,1,0.6628081233011408,0.6630491808179594,0.0002410575168185769
3456,ATC,2890,2595,0,0,0.7616390252483426,0.7616686566333613,2.963138501865803e-05
3457,ATC,2499,2597,0,1,0.8283945252533539,0.8285174808503104,0.00012295559695651992
3458,ATC,3030,2600,0,0,0.49707281858233365,0.49683582526868286,0.00023699331365079068
3459,ATC,3313,2602,0,0,0.465419880258913,0.46534164745844464,7.823280046836967e-05
3460,ATC,1743,2604,0,1,0.7653808036452585,0.765312190719454,6.861292580451206e-05
3461,ATC,2649,2605,0,0,0.6221429508411426,0.6222874373268096,0.00014448648566700584
3462,ATC,1546,2607,0,0,0.44161962759920614,0.4418176139296877,0.00019798633048156988
3463,ATC,1485,2609,0,0,0.46053641300333725,0.4605872703541693,5.0857350832045345e-05
3464,ATC,931,2611,1,1,0.6965092589915169,0.6965092999874997,4.099598271967153e-08
3465,ATC,2160,2615,0,0,0.8348732928717266,0.8348150365101802,5.825636154643821e-05
3466,ATC,264,2618,0,0,0.4938050229736228,0.49427228513384747,0.0004672621602246907
3467,ATC,2214,2621,0,0,0.5552919441125521,0.5551656737298406,0.00012627038271151303
3468,ATC,1739,2624,1,1,0.7622921118213033,0.7622853897913338,6.72202996954141e-06
3469,ATC,350,2626,0,0,0.6979327421491778,0.697928929469549,3.812679628789617e-06
3470,ATC,104,2628,0,0,0.47906916748626827,0.4792257792773501,0.00015661179108183987
3471,ATC,1527,2634,1,0,0.7066224780359518,0.7064691225014904,0.00015335553446138572
3472,ATC,550,2635,0,0,0.7519596330117345,0.751951876779601,7.756232133560026e-06
3473,ATC,63,2636,0,1,0.5787211270251273,0.578702581376227,1.8545648900358813e-05
3474,ATC,1426,2640,0,0,0.6122035642243528,0.6122187862828272,1.5222058474373412e-05
3475,ATC,2145,2641,0,0,0.41353003290225565,0.4126983562095705,0.0008316766926851349
3476,ATC,1643,2645,0,0,0.6904094101271895,0.6904249169650716,1.5506837882095503e-05
3477,ATC,3816,2648,0,0,0.5539755898337061,0.5542638769669813,0.0002882871332752224
3478,ATC,368,2650,1,0,0.34834325454298765,0.3465690730005175,0.0017741815424701657
3479,ATC,1592,2654,0,0,0.38207616823736645,0.3824215743335627,0.0003454060961962657
3480,ATC,2685,2657,1,0,0.7717457317789735,0.7717829107247998,3.717894582622172e-05
3481,ATC,601,2659,0,1,0.6618212651554451,0.6617386501722896,8.261498315553784e-05
3482,ATC,3426,2662,0,0,0.5120043752904849,0.5120556238971555,5.124860667060638e-05
3483,ATC,2688,2669,0,0,0.48939461985742133,0.48926909130593327,0.0001255285514880633
3484,ATC,630,2670,1,0,0.37016403445364143,0.37021494074785954,5.090629421811155e-05
3485,ATC,958,2673,0,0,0.5217340456861549,0.5218454372205795,0.0001113915344246319
3486,ATC,884,2679,0,0,0.43730381568750026,0.4377737898494118,0.00046997416191152386
3487,ATC,2543,2681,0,0,0.5225453440760228,0.5225974974094163,5.215333339347872e-05
3488,ATC,3037,2683,0,1,0.7912966223767599,0.7911699542785132,0.000126668098246685
3489,ATC,554,2687,0,0,0.3779776560361041,0.3776392409292406,0.00033841510686349885
3490,ATC,1264,2691,1,1,0.7348501236630324,0.734956200017901,0.00010607635486858946
3491,ATC,2303,2692,0,0,0.5024821010507847,0.5024465220379921,3.557901279260811e-05
3492,ATC,1295,2693,0,0,0.6616186015107653,0.6616208791308302,2.277620064883301e-06
3493,ATC,3620,2694,0,1,0.7142856133974337,0.7143642932705377,7.867987310405944e-05
3494,ATC,3077,2696,0,0,0.5775889349433833,0.5776904288672929,0.00010149392390967904
3495,ATC,251,2697,0,0,0.6312815044757977,0.6312251966400019,5.630783579579912e-05
3496,ATC,1664,2701,0,0,0.4948296377375103,0.4948135874529892,1.6050284521118563e-05
3497,ATC,952,2702,0,0,0.6443940822324885,0.6443530894314511,4.0992801037420534e-05
3498,ATC,1273,2703,0,1,0.5925704171291878,0.5927173881999537,0.0001469710707658889
3499,ATC,2076,2705,0,0,0.5978530233832228,0.5978308860477426,2.2137335480176823e-05
3500,ATC,1869,2710,0,0,0.7030472540579316,0.7030580964292237,1.0842371292119068e-05
3501,ATC,727,2714,0,1,0.6130444355571589,0.6128858689340152,0.00015856662314372993
3502,ATC,1171,2715,0,0,0.36049111544991963,0.36045442092097973,3.6694528939895665e-05
3503,ATC,3198,2716,0,1,0.6740915869157232,0.6742399707902442,0.00014838387452098534
3504,ATC,932,2717,0,0,0.5742039290984088,0.5743351575444199,0.00013122844601110017
3505,ATC,3919,2722,0,0,0.4294285919588013,0.4293693867453364,5.9205213464863515e-05
3506,ATC,494,2728,0,0,0.5763767846565452,0.5763229692986254,5.381535791981751e-05
3507,ATC,1765,2731,0,0,0.6248408931303887,0.6248003572359389,4.0535894449855725e-05
3508,ATC,1377,2732,0,0,0.6091906632639482,0.6092212100753649,3.0546811416676256e-05
3509,ATC,3999,2733,1,0,0.7428388370749858,0.7428263058019402,1.2531273045568447e-05
3510,ATC,3067,2738,0,0,0.47653243552547053,0.4768339193640383,0.00030148383856776206
3511,ATC,2519,2741,0,0,0.521235633969492,0.5212833432821218,4.77093126297623e-05
3512,ATC,291,2742,0,0,0.4582355849639089,0.4579741802030209,0.0002614047608880399
3513,ATC,3307,2743,0,0,0.45915744932398705,0.45942568878751605,0.0002682394635289964
3514,ATC,1623,2751,0,0,0.5914190455723438,0.5912849693154427,0.00013407625690109448
3515,ATC,1685,2755,0,1,0.6289147161925743,0.6288724182919047,4.2297900669674426e-05
3516,ATC,2058,2761,0,0,0.5174817044658143,0.5174254937277469,5.621073806738597e-05
3517,ATC,724,2762,1,0,0.7342069686291336,0.7343140432252429,0.00010707459610925785
3518,ATC,620,2767,0,0,0.5827115487787048,0.5828046636904274,9.311491172259156e-05
3519,ATC,3040,2768,0,0,0.5849096925461603,0.5846857731404105,0.00022391940574983948
3520,ATC,3075,2771,0,0,0.6509431846928027,0.6510464421196747,0.00010325742687200545
3521,ATC,763,2773,0,1,0.7900711088612019,0.7903518713418475,0.00028076248064556886
3522,ATC,1144,2775,0,0,0.7128046933906619,0.7127873194993033,1.7373891358585247e-05
3523,ATC,19,2778,0,1,0.7331445974979428,0.7330684061572742,7.619134066860767e-05
3524,ATC,3358,2781,0,0,0.5006458452981083,0.5005569607610812,8.888453702704524e-05
3525,ATC,320,2783,1,0,0.7850228725750665,0.7850358000304986,1.292745543202134e-05
3526,ATC,2184,2784,0,0,0.6984102798141271,0.6984222551366291,1.1975322502078e-05
3527,ATC,1760,2792,0,0,0.6963492812408572,0.6963428866923651,6.394548492050234e-06
3528,ATC,2010,2795,0,0,0.718413061930726,0.7184121081074764,9.538232496053567e-07
3529,ATC,777,2796,0,0,0.4161196031458761,0.4160581246279252,6.147851795090808e-05
3530,ATC,1581,2804,0,0,0.5883756257653532,0.5883662025992529,9.423166100308578e-06
3531,ATC,525,2806,0,1,0.5388268357520419,0.5388772861625446,5.0450410502667076e-05
3532,ATC,3180,2807,0,0,0.44972210611463787,0.4495200740244794,0.0002020320901584549
3533,ATC,3788,2808,0,0,0.5407123865055643,0.5407396139584278,2.7227452863543e-05
3534,ATC,1907,2810,0,0,0.45077104633961435,0.45097119073831116,0.000200144398696811
3535,ATC,155,2813,0,0,0.45311889686561146,0.4533640688894525,0.00024517202384105596
3536,ATC,3090,2819,0,0,0.44202221408463865,0.44192503381492554,9.718026971311522e-05
3537,ATC,2105,2821,0,1,0.7697602098889924,0.7697065308836671,5.3679005325268925e-05
3538,ATC,1286,2825,0,1,0.705976169062012,0.7059576201539776,1.8548908034432543e-05
3539,ATC,1157,2827,0,1,0.5797008018658236,0.5796276386253905,7.316324043316058e-05
3540,ATC,3743,2829,1,0,0.6779161334045481,0.6779755587386372,5.9425334089091564e-05
3541,ATC,848,2835,0,0,0.5752073318931573,0.5754315831349203,0.00022425124176295164
3542,ATC,2369,2836,0,0,0.6868557295474752,0.6867729884969747,8.274105050054548e-05
3543,ATC,1451,2838,0,0,0.574497897627933,0.5745573138290545,5.9416201121487155e-05
3544,ATC,3242,2839,0,1,0.7088786695752735,0.7087374796420165,0.00014118993325695772
3545,ATC,86,2840,0,0,0.7235737963887651,0.7235668457995388,6.950589226284443e-06
3546,ATC,1485,2843,0,0,0.46053641300333725,0.460426046327614,0.000110366675723228
3547,ATC,2800,2844,0,0,0.48295382654756563,0.4829710953239701,1.7268776404455455e-05
3548,ATC,214,2847,1,0,0.5923496184766822,0.5924412283676123,9.160989093004446e-05
3549,ATC,1109,2848,0,0,0.5466826908449025,0.5467334307125495,5.0739867647031645e-05
3550,ATC,2910,2849,0,0,0.7657630181900438,0.7657290610971907,3.3957092853031945e-05
3551,ATC,590,2851,0,0,0.32378685174482535,0.3253626678654112,0.0015758161205858268
3552,ATC,3252,2852,0,0,0.4607976490395667,0.4609018290586522,0.0001041800190854647
3553,ATC,504,2853,0,0,0.5507935273106274,0.55095063755177,0.00015711024114262173
3554,ATC,2089,2857,0,1,0.5662362869705331,0.5662740023249279,3.771535439478502e-05
3555,ATC,3993,2861,0,0,0.4568048326735072,0.4568183475453312,1.3514871823994135e-05
3556,ATC,89,2863,0,0,0.625746535543606,0.6256730970798345,7.343846377150243e-05
3557,ATC,2451,2865,0,0,0.5803173327463207,0.5803284761645117,1.1143418190973087e-05
3558,ATC,3770,2870,0,1,0.6000354149278755,0.6000673150156521,3.1900087776648434e-05
3559,ATC,2057,2872,1,0,0.4525611906335117,0.45250927683713044,5.191379638125326e-05
3560,ATC,3989,2877,0,0,0.6664866675548432,0.6662310067947901,0.00025566076005312244
3561,ATC,2850,2878,0,0,0.3785945732485568,0.37849081321001965,0.00010376003853712623
3562,ATC,778,2887,0,0,0.6391153575351605,0.6391186830977069,3.325562546452332e-06
3563,ATC,577,2889,0,0,0.4776355162619103,0.47761062618934264,2.4890072567673727e-05
3564,ATC,1810,2891,0,0,0.6597662959849399,0.6599559309792304,0.0001896349942905884
3565,ATC,3685,2894,1,1,0.6851664433477593,0.6852070622553381,4.061890757878217e-05
3566,ATC,2779,2895,0,0,0.5180758521012616,0.518208975656604,0.00013312355534234044
3567,ATC,3010,2896,0,0,0.7718975076308863,0.7719144115514444,1.690392055808676e-05
3568,ATC,3586,2898,0,0,0.5199742718175355,0.5199445617958676,2.9710021667961328e-05
3569,ATC,2317,2902,0,1,0.556066191879065,0.5560234255074483,4.2766371616709264e-05
3570,ATC,2638,2907,0,0,0.5399497374740322,0.5399213553169478,2.8382157084339e-05
3571,ATC,101,2909,0,0,0.608932306840915,0.6089466980150753,1.4391174160244269e-05
3572,ATC,3040,2911,0,1,0.5849096925461603,0.5848611631313483,4.852941481203743e-05
3573,ATC,3669,2912,0,0,0.5930297885931451,0.5931894643205218,0.00015967572737662916
3574,ATC,2608,2914,0,0,0.6804401019213144,0.6801630285894484,0.0002770733318659957
3575,ATC,3405,2918,0,0,0.4207149382310126,0.4202967608550863,0.00041817737592625415
3576,ATC,2406,2919,0,0,0.3593853784475842,0.35964617349691363,0.0002607950493294098
3577,ATC,3180,2921,0,1,0.44972210611463787,0.44973981004370867,1.7703929070800317e-05
3578,ATC,1309,2922,1,0,0.7419281915714758,0.7419736683914618,4.5476819986012273e-05
3579,ATC,1849,2927,1,1,0.678248905261203,0.6782698532574831,2.094799628016286e-05
3580,ATC,271,2928,0,1,0.7396416578366657,0.7397333872074916,9.172937082591037e-05
3581,ATC,3931,2931,0,0,0.6059178890422012,0.60606793819336,0.00015004915115879314
3582,ATC,899,2935,0,0,0.56754952871905,0.5672612546612841,0.00028827405776588044
3583,ATC,1651,2936,0,0,0.7071967083408077,0.7071782315630841,1.8476777723597237e-05
3584,ATC,787,2941,0,0,0.37541028983826896,0.3753925508022829,1.7739035986064078e-05
3585,ATC,577,2946,0,0,0.4776355162619103,0.4770941851973624,0.0005413310645479008
3586,ATC,196,2947,0,0,0.38437054679289306,0.3840766221043353,0.0002939246885577673
3587,ATC,2893,2948,0,1,0.5916933546961742,0.5916327626404555,6.0592055718733384e-05
3588,ATC,1227,2952,0,1,0.7212175784375667,0.7212538878273467,3.630938977994269e-05
3589,ATC,3167,2953,0,1,0.3997482284484682,0.3996793160444637,6.891240400447307e-05
3590,ATC,3405,2961,0,0,0.4207149382310126,0.4208072118241756,9.227359316299477e-05
3591,ATC,3480,2962,0,1,0.625154386882807,0.6253339970822266,0.00017961019941958867
3592,ATC,1322,2968,0,0,0.48737635691654224,0.4873774345450209,1.0776284786739865e-06
3593,ATC,617,2969,0,0,0.7159522696604115,0.7159036728379411,4.859682247038144e-05
3594,ATC,2075,2972,0,0,0.42519091488928534,0.42531052036792577,0.0001196054786404277
3595,ATC,433,2974,0,1,0.8017688559969196,0.802115489072161,0.0003466330752414093
3596,ATC,1771,2975,1,0,0.7683266850225378,0.7682106173766852,0.0001160676458525911
3597,ATC,126,2976,0,0,0.40601678386929074,0.40607715612881207,6.037225952132408e-05
3598,ATC,2622,2979,0,0,0.6432941398561456,0.6434481460741668,0.00015400621802119652
3599,ATC,1164,2981,0,0,0.5585774668650972,0.558522174363618,5.5292501479287104e-05
3600,ATC,1534,2982,0,0,0.5553501056912188,0.5553357334935004,1.437219771838194e-05
3601,ATC,416,2983,0,0,0.5094202830397119,0.5094952479579429,7.496491823100193e-05
3602,ATC,1185,2989,0,0,0.41003849998860903,0.41087033235051273,0.000831832361903706
3603,ATC,3470,2992,0,0,0.6409683056614878,0.6407627677441516,0.00020553791733612936
3604,ATC,3698,2993,0,0,0.6196754588137826,0.6198464004830728,0.00017094166929021437
3605,ATC,2763,2994,0,0,0.5283514819135221,0.5284748749324036,0.00012339301888153464
3606,ATC,523,2995,0,0,0.48986229328691056,0.48996893608213477,0.00010664279522420994
3607,ATC,1167,3001,0,0,0.6368792991838655,0.6368747873518519,4.511832013665007e-06
3608,ATC,1757,3004,0,0,0.799389471755449,0.7993105524156654,7.891933978365628e-05
3609,ATC,2145,3006,0,0,0.41353003290225565,0.4134892199549515,4.081294730412521e-05
3610,ATC,3781,3007,0,0,0.3066623775973774,0.2705342634066887,0.03612811419068873
3611,ATC,3736,3008,0,0,0.5152975490457053,0.5152699746854374,2.7574360267901277e-05
3612,ATC,2855,3011,0,0,0.48240132618357356,0.4825830094150769,0.00018168323150336008
3613,ATC,1905,3012,0,0,0.4871413221097743,0.48712383707906537,1.7485030708919158e-05
3614,ATC,3711,3015,0,1,0.6448529713276937,0.6447724149727506,8.055635494308433e-05
3615,ATC,3117,3016,0,0,0.8199813824073721,0.8200059730229322,2.459061556014941e-05
3616,ATC,406,3022,0,0,0.6142781019608493,0.6142441333521317,3.396860871762719e-05
3617,ATC,605,3023,1,0,0.7573103265747526,0.7573703075239918,5.9980949239202275e-05
3618,ATC,619,3028,0,0,0.4802136775833944,0.4804817876007461,0.00026811001735171924
3619,ATC,697,3029,0,0,0.5832014892771821,0.5832600863314878,5.8597054305775664e-05
3620,ATC,277,3033,0,0,0.4271095355110174,0.4275957665806007,0.0004862310695833427
3621,ATC,3161,3034,0,0,0.5534308731008356,0.55356359750691,0.0001327244060743693
3622,ATC,981,3044,1,0,0.6424940797833816,0.6425628142430139,6.873445963229141e-05
3623,ATC,1149,3048,0,1,0.8813198632437493,0.8797317035357262,0.0015881597080231735
3624,ATC,2192,3053,0,0,0.7354130685723881,0.7354189458044104,5.877232022277745e-06
3625,ATC,3885,3059,1,1,0.5942091892919437,0.5942506130399298,4.142374798610238e-05
3626,ATC,3522,3060,1,0,0.7991909684451857,0.7991647793037087,2.6189141477006572e-05
3627,ATC,1210,3062,0,1,0.7782187304310552,0.7781281296824616,9.060074859357226e-05
3628,ATC,3484,3063,0,1,0.7155576514388041,0.7156149359419741,5.728450316999645e-05
3629,ATC,1699,3064,0,0,0.5870533326180071,0.5870904576831216,3.71250651145516e-05
3630,ATC,1883,3065,0,0,0.7490266248019182,0.7490370362319734,1.041143005520162e-05
3631,ATC,2075,3068,0,0,0.42519091488928534,0.42530255796889227,0.00011164307960692677
3632,ATC,2233,3076,0,1,0.5609558454492243,0.5609378256249757,1.801982424853854e-05
3633,ATC,1557,3078,0,1,0.7578447356820985,0.7578270184151645,1.7717266934003106e-05
3634,ATC,964,3080,0,1,0.7164631810981381,0.7164544227330699,8.758365068195495e-06
3635,ATC,3906,3081,0,1,0.7529906372618301,0.7529685900706359,2.2047191194252136e-05
3636,ATC,2044,3082,0,1,0.4976111205192129,0.49756846828371326,4.265223549965169e-05
3637,ATC,215,3089,0,1,0.7185955920856046,0.7186082354718261,1.2643386221422581e-05
3638,ATC,28,3093,0,0,0.5583154190405184,0.5584108982529528,9.547921243435731e-05
3639,ATC,3878,3095,0,1,0.5851492877620521,0.5852059839508641,5.669618881198879e-05
3640,ATC,969,3102,1,0,0.3557529771765571,0.35599791064360364,0.0002449334670465708
3641,ATC,1157,3104,0,1,0.5797008018658236,0.5797382451935613,3.744332773769621e-05
3642,ATC,2245,3106,0,0,0.4848220819012915,0.4847537787301877,6.830317110378958e-05
3643,ATC,761,3108,0,0,0.6285343759371633,0.6284261645865229,0.0001082113506404303
3644,ATC,1160,3110,1,0,0.5983556501131491,0.5983593713934275,3.7212802784791776e-06
3645,ATC,126,3111,0,0,0.40601678386929074,0.40626842986296097,0.0002516459936702242
3646,ATC,2638,3112,0,0,0.5399497374740322,0.5399138589004783,3.587857355391577e-05
3647,ATC,2084,3113,0,0,0.579058885538592,0.579124311340184,6.542580159207834e-05
3648,ATC,3919,3114,0,0,0.4294285919588013,0.42928488589270564,0.00014370606609565018
3649,ATC,692,3121,0,0,0.5629752711399327,0.5630456602152232,7.038907529044458e-05
3650,ATC,1699,3124,0,1,0.5870533326180071,0.5870348904959487,1.8442122058370813e-05
3651,ATC,3563,3130,0,0,0.46114489012286797,0.4614731815653115,0.00032829144244350683
3652,ATC,1973,3133,0,0,0.4854247496138665,0.4853429915477968,8.17580660696926e-05
3653,ATC,3722,3136,0,1,0.7659447187564142,0.7660212128617644,7.649410535015555e-05
3654,ATC,555,3137,0,0,0.3494994714397165,0.35077141896613034,0.0012719475264138524
3655,ATC,3578,3138,0,0,0.47335908132922283,0.4734878793942232,0.0001287980650003795
3656,ATC,1586,3139,0,0,0.4356249222216299,0.4356499526096362,2.5030388006275217e-05
3657,ATC,3981,3141,0,1,0.7059060126257587,0.7059219933685569,1.5980742798182845e-05
3658,ATC,598,3147,0,0,0.7730250905366717,0.7729655645408564,5.9525995815268296e-05
3659,ATC,1611,3149,0,0,0.4983597862978562,0.4985197758697245,0.00015998957186830198
3660,ATC,514,3153,0,0,0.5247187221388838,0.5247266647571954,7.942618311607141e-06
3661,ATC,2481,3155,0,0,0.7223355166109409,0.7222706897137304,6.482689721043489e-05
3662,ATC,3232,3156,1,0,0.670610952841245,0.6705260165311785,8.493631006645241e-05
3663,ATC,428,3159,0,0,0.33101020844673706,0.33155482648648793,0.000544618039750866
3664,ATC,2985,3163,0,0,0.715253589832835,0.7152467293961066,6.860436728484132e-06
3665,ATC,3109,3165,0,1,0.693308359707802,0.6933339193309463,2.5559623144322252e-05
3666,ATC,1724,3170,0,0,0.714232400467179,0.7141943593569009,3.8041110278053125e-05
3667,ATC,3601,3172,0,0,0.5156543357393386,0.5155488990135558,0.00010543672578278152
3668,ATC,3251,3173,0,0,0.5580921323611197,0.557998169298113,9.396306300668567e-05
3669,ATC,3846,3174,0,0,0.4466991725812554,0.4465266374197137,0.00017253516154169812
3670,ATC,943,3175,0,1,0.6511625557009476,0.6511019983658715,6.055733507615013e-05
3671,ATC,474,3176,0,0,0.6264755024641606,0.626493700406672,1.8197942511344323e-05
3672,ATC,3723,3177,0,1,0.6429416776357586,0.6429939644437299,5.2286807971313465e-05
3673,ATC,3602,3178,0,1,0.6396815068315278,0.6397402289524137,5.872212088586792e-05
3674,ATC,2044,3181,0,0,0.4976111205192129,0.49770824907090744,9.712855169452528e-05
3675,ATC,2131,3183,0,1,0.6834140687496598,0.6834977257525354,8.36570028756034e-05
3676,ATC,181,3188,0,0,0.3360358041877316,0.3368908701886391,0.0008550660009075117
3677,ATC,2275,3190,0,0,0.39999696606473606,0.40017543001823547,0.00017846395349940813
3678,ATC,3838,3192,0,0,0.6302251032409086,0.6302763067765935,5.1203535684885004e-05
3679,ATC,1558,3194,0,1,0.6700177648202308,0.6700975640578712,7.979923764045438e-05
3680,ATC,2285,3195,0,0,0.3744363581574282,0.3744636912149637,2.7333057535494643e-05
3681,ATC,3256,3196,0,0,0.6200918448495997,0.6199269381226395,0.00016490672696012343
3682,ATC,23,3197,0,0,0.5772593700405784,0.5772637268434664,4.356802888016986e-06
3683,ATC,1946,3200,0,0,0.5619688741748967,0.5622109141286187,0.00024203995372196196
3684,ATC,3419,3203,1,0,0.7394327687265342,0.7395082693933922,7.550066685801937e-05
3685,ATC,3886,3204,1,1,0.35682185479958783,0.3563701938636956,0.00045166093589221745
3686,ATC,1647,3207,0,0,0.5897721658617762,0.5897452449928416,2.692086893452128e-05
3687,ATC,3946,3210,0,0,0.46355230381868634,0.46380080669338253,0.00024850287469618815
3688,ATC,3351,3212,0,0,0.4047449326659864,0.4047315999494017,1.3332716584657511e-05
3689,ATC,2890,3215,0,1,0.7616390252483426,0.7616209887812828,1.8036467059778793e-05
3690,ATC,3872,3217,0,0,0.6167744987568313,0.6170213177916258,0.00024681903479450984
3691,ATC,1979,3220,0,0,0.3489806581481067,0.34875009439161175,0.0002305637564949392
3692,ATC,3763,3221,0,0,0.39762281188147747,0.39767099310711,4.8181225632548674e-05
3693,ATC,2899,3224,0,0,0.7258737799722474,0.7260437249123654,0.0001699449401179054
3694,ATC,350,3226,0,1,0.6979327421491778,0.6978068471555935,0.00012589499358428569
3695,ATC,3563,3227,0,1,0.46114489012286797,0.46112844429822897,1.6445824638999795e-05
3696,ATC,1044,3228,0,1,0.6928154244785423,0.6929504203387291,0.0001349958601868373
3697,ATC,406,3229,0,0,0.6142781019608493,0.6142189460817528,5.9155879096550734e-05
3698,ATC,2869,3230,0,0,0.6480472491548221,0.6480500858288062,2.8366739840413047e-06
3699,ATC,1435,3233,0,0,0.4871886282859127,0.4871802606884331,8.36759747957494e-06
3700,ATC,1485,3235,0,0,0.46053641300333725,0.4602905910167508,0.0002458219865864586
3701,ATC,336,3236,1,1,0.4810107641736277,0.48110868983191024,9.79256582825383e-05
3702,ATC,2234,3244,0,0,0.44507053068862185,0.4449861730151493,8.435767347253487e-05
3703,ATC,3575,3245,1,0,0.6266343900066874,0.6266892122750229,5.482226833553039e-05
3704,ATC,3648,3246,1,1,0.7977861130499775,0.7977322177445522,5.389530542532217e-05
3705,ATC,3389,3248,0,0,0.6159879824821287,0.6160343478921159,4.6365409987148e-05
3706,ATC,524,3250,0,0,0.6739096223359253,0.6738832477036505,2.637463227483927e-05
3707,ATC,2746,3254,0,0,0.7502662276398021,0.750351903982169,8.567634236689159e-05
3708,ATC,282,3257,1,1,0.8009941144492021,0.8010879942094655,9.38797602634267e-05
3709,ATC,586,3260,0,0,0.4328447977894434,0.43281378724905334,3.101054039006401e-05
3710,ATC,174,3263,0,1,0.7250646980667046,0.7250950751751457,3.0377108441115297e-05
3711,ATC,2342,3264,0,0,0.5342973048583325,0.5343025791296249,5.2742712923770085e-06
3712,ATC,160,3265,0,1,0.6233644266615203,0.6233726528472427,8.226185722493007e-06
3713,ATC,168,3266,0,0,0.7295685496678503,0.729613360363836,4.481069598560872e-05
3714,ATC,2160,3272,0,1,0.8348732928717266,0.8345509394087759,0.00032235346295073075
3715,ATC,2699,3277,0,0,0.46995057647997107,0.4698397984342804,0.00011077804569065153
3716,ATC,124,3278,0,0,0.7281346169887931,0.7281353254927105,7.085039174237195e-07
3717,ATC,1128,3283,0,1,0.7075868930600191,0.707588427285644,1.5342256248773722e-06
3718,ATC,3386,3286,0,0,0.7253335828616977,0.7253367390988912,3.1562371934912292e-06
3719,ATC,458,3291,0,0,0.4914994569359947,0.4914869679479639,1.2488988030801007e-05
3720,ATC,1921,3292,0,0,0.48842485218726717,0.48839959907207003,2.525311519713247e-05
3721,ATC,1884,3295,0,1,0.5054847524479407,0.505410756731856,7.399571608468491e-05
3722,ATC,235,3299,0,0,0.4975141119635636,0.49746910067624694,4.501128731665416e-05
3723,ATC,1259,3300,0,0,0.656408576379061,0.6563196483070027,8.89280720582919e-05
3724,ATC,1224,3301,0,0,0.6055154882657091,0.6055074198946805,8.068371028624455e-06
3725,ATC,2259,3306,0,0,0.635603496131413,0.6357281363063235,0.0001246401749105397
3726,ATC,3242,3309,0,1,0.7088786695752735,0.7087513655138569,0.0001273040614165888
3727,ATC,1171,3312,0,0,0.36049111544991963,0.3628906282553492,0.002399512805429549
3728,ATC,3339,3317,0,0,0.4140983385780577,0.41411316169142526,1.4823113367534724e-05
3729,ATC,3570,3319,1,0,0.5064181484127179,0.5067234343576669,0.0003052859449489409
3730,ATC,484,3322,0,0,0.6514320815944762,0.6513569442470052,7.513734747099932e-05
3731,ATC,1123,3323,0,0,0.43013131153500594,0.4302271727599653,9.586122495935934e-05
3732,ATC,3097,3325,0,0,0.3967826374284326,0.3967754290446974,7.2083837351910596e-06
3733,ATC,482,3326,1,0,0.4657502745859868,0.46578744565193925,3.717106595246822e-05
3734,ATC,350,3328,0,1,0.6979327421491778,0.6979577164840349,2.4974334857152947e-05
3735,ATC,1930,3332,0,1,0.5839022380013746,0.5837995201569653,0.00010271784440929466
3736,ATC,285,3333,0,1,0.7734264410810027,0.7734454543394218,1.9013258419131596e-05
3737,ATC,3472,3335,0,0,0.6418196558568987,0.6418068785908362,1.2777266062524717e-05
3738,ATC,2617,3336,0,0,0.7074602323551585,0.7074600787263138,1.536288447567813e-07
3739,ATC,905,3337,0,0,0.59825973949161,0.5982483495475407,1.138994406935101e-05
3740,ATC,3915,3342,0,0,0.7176966363137669,0.7177436289899157,4.699267614882707e-05
3741,ATC,1151,3346,0,1,0.6005827527486487,0.6006696343339875,8.688158533876056e-05
3742,ATC,3296,3347,1,0,0.5956875979766465,0.595716900886142,2.930290949554326e-05
3743,ATC,3930,3348,0,0,0.5459931936514114,0.546072018838404,7.882518699253716e-05
3744,ATC,2721,3349,0,0,0.6480554237703802,0.6480644985885609,9.074818180687672e-06
3745,ATC,2195,3360,0,0,0.6348133417411858,0.6348192933062031,5.951565017370264e-06
3746,ATC,416,3361,0,0,0.5094202830397119,0.5094838744262866,6.359138657474617e-05
3747,ATC,1542,3363,0,0,0.6382058891522188,0.6382027533473276,3.135804891196692e-06
3748,ATC,3544,3369,0,0,0.5573206612506743,0.5574978793015596,0.0001772180508853305
3749,ATC,3869,3371,0,0,0.4473193739500532,0.44709421663144466,0.0002251573186085598
3750,ATC,945,3373,1,0,0.7196130290501276,0.7196624865889673,4.945753883967008e-05
3751,ATC,3637,3374,0,1,0.7842187553759158,0.7839599156782223,0.00025883969769346926
3752,ATC,3485,3378,1,0,0.7916867104432007,0.7915203096182037,0.00016640082499697062
3753,ATC,1647,3379,0,0,0.5897721658617762,0.5897783478398532,6.18197807700227e-06
3754,ATC,523,3382,0,0,0.48986229328691056,0.4899610479180495,9.875463113895311e-05
3755,ATC,3100,3388,0,0,0.6514843965766169,0.6515062614760083,2.1864899391377257e-05
3756,ATC,2622,3390,0,0,0.6432941398561456,0.6433333283597433,3.91885035977424e-05
3757,ATC,805,3391,1,0,0.7518242239339221,0.7517411989565608,8.302497736134562e-05
3758,ATC,369,3392,0,0,0.6944367458364364,0.6944015054476552,3.524038878122138e-05
3759,ATC,2100,3394,0,0,0.5760784871188765,0.5760783947487329,9.237014364504859e-08
3760,ATC,2753,3395,0,0,0.5121369298077059,0.5123601668867429,0.00022323707903704193
3761,ATC,3285,3398,0,0,0.5873321070959315,0.5873304916729662,1.6154229652842744e-06
3762,ATC,3565,3401,0,0,0.5665884411470523,0.5664563889307024,0.00013205221634993158
3763,ATC,287,3402,0,0,0.4016041141990912,0.40187721603120957,0.000273101832118372
3764,ATC,2986,3408,0,0,0.472961598359898,0.4728233419184328,0.000138256441465201
3765,ATC,2903,3412,0,0,0.5173443472796109,0.51736317135574,1.8824076129075884e-05
3766,ATC,613,3414,0,0,0.7820954295010012,0.782121749725516,2.6320224514764234e-05
3767,ATC,2351,3417,0,0,0.4028734707815897,0.40312275344814125,0.0002492826665515535
3768,ATC,3950,3422,0,0,0.5507261412564168,0.5506895633615524,3.6577894864442406e-05
3769,ATC,1174,3425,1,0,0.5571295435218016,0.5572156435383241,8.610001652253896e-05
3770,ATC,3929,3427,0,1,0.6146142379382614,0.6145588948708783,5.534306738308459e-05
3771,ATC,545,3429,0,0,0.5600070530429534,0.5600476019852949,4.054894234151174e-05
3772,ATC,3944,3431,0,0,0.40078538103375394,0.4009259232500963,0.0001405422163423542
3773,ATC,3262,3432,0,0,0.6363043397911508,0.6363011003557535,3.239435397262014e-06
3774,ATC,3654,3433,0,0,0.8860617703504526,0.886948305995866,0.000886535645413411
3775,ATC,3430,3438,0,1,0.7242351555954036,0.7241035439393881,0.00013161165601549563
3776,ATC,2996,3440,0,1,0.5175896951575742,0.5176175923275369,2.789716996265401e-05
3777,ATC,3368,3445,0,0,0.5272802919088169,0.5276452840371937,0.0003649921283768176
3778,ATC,196,3448,0,1,0.38437054679289306,0.3843317420481959,3.880474469714068e-05
3779,ATC,3446,3449,0,0,0.6908174349673477,0.6908370889488189,1.9653981471190463e-05
3780,ATC,2451,3450,0,1,0.5803173327463207,0.5803182099585414,8.772122207512112e-07
3781,ATC,802,3455,0,0,0.5873862228336734,0.5874805883309333,9.436549725994059e-05
3782,ATC,3845,3458,1,0,0.5710097713085736,0.5709858833415725,2.3887967001035015e-05
3783,ATC,86,3459,0,0,0.7235737963887651,0.7236134813473445,3.9684958579422336e-05
3784,ATC,1473,3460,0,0,0.5808221654662774,0.5808012955937619,2.0869872515483223e-05
3785,ATC,483,3461,0,0,0.7809751908372673,0.780983717438078,8.52660081074319e-06
3786,ATC,2294,3465,0,0,0.6927124502086286,0.6927440202742554,3.157006562681808e-05
3787,ATC,1907,3466,0,1,0.45077104633961435,0.45053848167128013,0.00023256466833421197
3788,ATC,1243,3467,0,0,0.5040525800187486,0.5042163705807532,0.000163790562004551
3789,ATC,1386,3468,0,1,0.6212589980495999,0.6211572864955468,0.00010171155405314103
3790,ATC,1015,3473,0,0,0.4981496461958022,0.4981918841794571,4.2237983654880296e-05
3791,ATC,1171,3482,0,0,0.36049111544991963,0.36374696841665505,0.0032558529667354175
3792,ATC,2880,3486,0,1,0.7569107575348369,0.7569641323958322,5.337486099521449e-05
3793,ATC,1983,3487,1,1,0.6049588328509143,0.6051167427710165,0.00015790992010211724
3794,ATC,2558,3488,0,0,0.5428404383988774,0.5429080456177534,6.760721887599797e-05
3795,ATC,92,3489,0,0,0.746682971814391,0.7466567188671939,2.6252947197158427e-05
3796,ATC,3526,3490,0,1,0.5228557195579324,0.5227925844704532,6.313508747923802e-05
3797,ATC,1978,3491,0,1,0.6602690097132677,0.6600192142473332,0.0002497954659345103
3798,ATC,1974,3496,0,0,0.4514595199182836,0.4518254131411424,0.000365893222858793
3799,ATC,1576,3499,0,0,0.5769252213916092,0.5768723855597697,5.28358318394595e-05
3800,ATC,3098,3500,0,0,0.5425173637781521,0.5425164177391889,9.460389631676946e-07
3801,ATC,3463,3503,0,0,0.44385156928262504,0.44356999982012646,0.0002815694624985765
3802,ATC,644,3505,0,1,0.6372569414091689,0.6372774296258431,2.0488216674219295e-05
3803,ATC,3282,3508,0,0,0.3978159503402134,0.39790786936542427,9.19190252108848e-05
3804,ATC,1117,3509,0,0,0.6939940367404247,0.6939817792549996,1.225748542510452e-05
3805,ATC,527,3510,0,1,0.8363641584641989,0.8368129100084019,0.00044875154420298546
3806,ATC,2858,3512,1,0,0.7859409160376598,0.7858862219090464,5.469412861336398e-05
3807,ATC,1946,3515,0,0,0.5619688741748967,0.562371814809644,0.00040294063474732855
3808,ATC,2937,3516,0,0,0.4744935788509503,0.4745129409781081,1.9362127157807052e-05
3809,ATC,2307,3517,1,0,0.6007909645514391,0.6007114494568756,7.951509456349815e-05
3810,ATC,3578,3520,0,0,0.47335908132922283,0.4733961895722339,3.7108243011063635e-05
3811,ATC,533,3521,0,0,0.6809275913517039,0.6809162701511219,1.1321200582004032e-05
3812,ATC,201,3523,0,1,0.6488272613702086,0.6489219345640554,9.467319384681705e-05
3813,ATC,465,3527,0,0,0.734080536988654,0.7340933768337911,1.2839845137002648e-05
3814,ATC,3045,3529,0,0,0.3885719233827653,0.3884621971278895,0.00010972625487581933
3815,ATC,1623,3530,0,1,0.5914190455723438,0.5911572938595689,0.0002617517127748714
3816,ATC,1468,3531,0,0,0.6175848946774656,0.617524390355604,6.050432186155419e-05
3817,ATC,444,3532,0,0,0.4098745893206353,0.40898442346582886,0.0008901658548064462
3818,ATC,1086,3539,0,0,0.508919754034994,0.5089683082954152,4.8554260421163065e-05
3819,ATC,11,3543,0,0,0.6020600683812275,0.6021056789769424,4.5610595714951074e-05
3820,ATC,3569,3545,0,0,0.7431531304677435,0.7431160481647927,3.7082302950741663e-05
3821,ATC,680,3546,0,1,0.7541109207235891,0.754155100794099,4.418007050988049e-05
3822,ATC,1171,3548,0,0,0.36049111544991963,0.36034979717523524,0.00014131827468438773
3823,ATC,3748,3550,1,0,0.7438974324394477,0.7440126911203848,0.00011525868093709146
3824,ATC,477,3552,1,0,0.6244569169659582,0.6244326445972351,2.4272368723043947e-05
3825,ATC,3298,3553,0,0,0.6979860157376642,0.6980228818708544,3.6866133190205375e-05
3826,ATC,2275,3555,0,0,0.39999696606473606,0.4001929481727903,0.00019598210805421568
3827,ATC,696,3556,0,0,0.4876432414997546,0.4877192685944351,7.602709468051971e-05
3828,ATC,491,3557,0,0,0.6417875338194146,0.6417234339745872,6.409984482735887e-05
3829,ATC,2160,3559,0,1,0.8348732928717266,0.8347910872027587,8.220566896788295e-05
3830,ATC,3560,3561,0,0,0.5112081678163909,0.5113257518799819,0.00011758406359096973
3831,ATC,3158,3566,0,0,0.42103238859945274,0.42117845175720187,0.00014606315774912115
3832,ATC,2900,3568,0,0,0.4885634107722184,0.48855152857616535,1.1882196053025762e-05
3833,ATC,3564,3571,0,0,0.6154859768260772,0.6154802721509121,5.704675165141282e-06
3834,ATC,3847,3580,0,0,0.3718914076740831,0.37149405489479415,0.00039735277928892865
3835,ATC,3287,3582,0,0,0.7366421425823927,0.7365509217552384,9.122082715429247e-05
3836,ATC,2612,3583,1,0,0.7197244112834181,0.71978487368385,6.0462400431893215e-05
3837,ATC,1091,3584,0,0,0.5724351275374212,0.5724147818962838,2.0345641137398118e-05
3838,ATC,287,3587,0,0,0.4016041141990912,0.4016070890492299,2.974850138726115e-06
3839,ATC,2326,3592,0,0,0.5891051974667145,0.5890718914766289,3.3305990085663595e-05
3840,ATC,3428,3593,0,0,0.5976409511045355,0.5975647705485001,7.618055603542118e-05
3841,ATC,3507,3596,0,0,0.367162121318876,0.3652952494248164,0.0018668718940595963
3842,ATC,716,3599,0,0,0.4920638779832796,0.49206532047736634,1.4424940867341363e-06
3843,ATC,2234,3604,0,0,0.44507053068862185,0.4452752793992729,0.00020474871065107036
3844,ATC,800,3605,0,0,0.6899695800400338,0.6899476632626228,2.191677741103515e-05
3845,ATC,3443,3608,0,0,0.3928743755288086,0.3930621152565235,0.00018773972771490843
3846,ATC,3570,3609,1,1,0.5064181484127179,0.5065499988804252,0.00013185046770725073
3847,ATC,2698,3612,0,1,0.7739784408282252,0.7739631825411215,1.5258287103692147e-05
3848,ATC,3088,3613,0,0,0.5562620679200884,0.5563317413250333,6.967340494490326e-05
3849,ATC,235,3614,0,0,0.4975141119635636,0.4975174955144889,3.3835509253288265e-06
3850,ATC,2774,3616,0,0,0.6632923841665759,0.6631758863726773,0.0001164977938985512
3851,ATC,576,3617,0,0,0.5141619913239203,0.5141546271212408,7.364202679438492e-06
3852,ATC,2089,3619,0,1,0.5662362869705331,0.5663192834319709,8.299646143783423e-05
3853,ATC,3535,3621,0,0,0.6361407095900987,0.6362171811026603,7.647151256162665e-05
3854,ATC,1708,3622,0,0,0.7108906861548817,0.7106893674388824,0.00020131871599926576
3855,ATC,941,3624,0,0,0.5459027706545011,0.545921811968773,1.9041314271883714e-05
3856,ATC,3030,3627,0,0,0.49707281858233365,0.4968542880407167,0.00021853054161696805
3857,ATC,3797,3632,1,0,0.48087510076949613,0.48067210921788434,0.0002029915516117975
3858,ATC,242,3633,0,0,0.6732660032425118,0.6732133012849366,5.270195757522966e-05
3859,ATC,2454,3635,0,1,0.4320257024109493,0.43216627802798147,0.00014057561703217925
3860,ATC,19,3636,0,0,0.7331445974979428,0.7330461373030127,9.84601949300945e-05
3861,ATC,3313,3639,0,0,0.465419880258913,0.4654883634153555,6.848315644247815e-05
3862,ATC,3036,3643,0,0,0.572096138865827,0.5716691679433665,0.00042697092246046786
3863,ATC,2924,3644,1,1,0.6336129534065945,0.6335801033733105,3.285003328401537e-05
3864,ATC,2800,3646,0,0,0.48295382654756563,0.48303302597561903,7.91994280534003e-05
3865,ATC,2553,3647,0,0,0.5855316377418521,0.5854752755453239,5.6362196528270125e-05
3866,ATC,94,3650,0,0,0.43576729686187465,0.4357452525354109,2.204432646374377e-05
3867,ATC,2973,3652,0,0,0.5965233376233191,0.5963670573383161,0.00015628028500302982
3868,ATC,402,3656,0,0,0.6019973861236347,0.6018335951976796,0.00016379092595508737
3869,ATC,1382,3662,0,0,0.44005565920997136,0.4401005920568185,4.493284684714549e-05
3870,ATC,3845,3663,1,0,0.5710097713085736,0.5712000161433841,0.0001902448348105601
3871,ATC,1786,3667,0,0,0.6691064278806813,0.6692258761725484,0.00011944829186705253
3872,ATC,3474,3668,0,0,0.5060870162577006,0.5057979208455728,0.0002890954121277378
3873,ATC,3216,3672,0,0,0.48983422352331696,0.48984021486113893,5.991337821975584e-06
3874,ATC,2100,3674,0,0,0.5760784871188765,0.5761322349629,5.3747844023455116e-05
3875,ATC,3565,3675,0,0,0.5665884411470523,0.56652519752179,6.324362526233251e-05
3876,ATC,3816,3678,0,1,0.5539755898337061,0.5543749526842773,0.00039936285057118326
3877,ATC,2195,3680,0,0,0.6348133417411858,0.634880947843968,6.760610278222501e-05
3878,ATC,1968,3686,1,1,0.6963705830700614,0.6963613653993997,9.21767066164314e-06
3879,ATC,2145,3687,0,0,0.41353003290225565,0.41248470870225235,0.0010453242000033058
3880,ATC,3847,3692,0,0,0.3718914076740831,0.37117949697741287,0.0007119106966702038
3881,ATC,3310,3693,0,0,0.6001772491008834,0.6002330418685716,5.579276768818975e-05
3882,ATC,1994,3697,0,0,0.4566767688973734,0.45647629519192223,0.00020047370545117627
3883,ATC,1423,3699,0,0,0.5242795466925826,0.5242874271925722,7.880499989565415e-06
3884,ATC,3282,3709,0,0,0.3978159503402134,0.39859184448390883,0.0007758941436954436
3885,ATC,1810,3712,0,0,0.6597662959849399,0.6597983420983403,3.204611340046348e-05
3886,ATC,2866,3717,0,0,0.8336023748438834,0.8335876005162339,1.4774327649513808e-05
3887,ATC,1198,3719,1,0,0.5396536659920607,0.5396822555739774,2.858958191676031e-05
3888,ATC,186,3720,0,1,0.7590280860410743,0.7590376812943174,9.595253243066537e-06
3889,ATC,395,3721,0,0,0.5093459598381722,0.5092196294171719,0.000126330421000298
3890,ATC,235,3729,0,0,0.4975141119635636,0.49744314376103616,7.096820252744385e-05
3891,ATC,3090,3731,0,0,0.44202221408463865,0.4418607611767917,0.00016145290784697064
3892,ATC,1018,3732,1,0,0.8251912421712636,0.8253878611246578,0.00019661895339417867
3893,ATC,1371,3741,0,0,0.6808005471160646,0.680846459222735,4.591210667037604e-05
3894,ATC,2583,3744,0,0,0.7317832926024262,0.7317869075125516,3.614910125349091e-06
3895,ATC,1169,3747,0,0,0.4237307060540651,0.4237236209259073,7.085128157779952e-06
3896,ATC,2875,3749,0,0,0.6505549405823525,0.650430318612927,0.00012462196942553128
3897,ATC,3256,3750,0,0,0.6200918448495997,0.620043611275756,4.82335738436479e-05
3898,ATC,1885,3751,0,1,0.5888681195213983,0.5888862274911416,1.810796974333062e-05
3899,ATC,168,3756,0,1,0.7295685496678503,0.7293820519521982,0.00018649771565215634
3900,ATC,586,3757,0,0,0.4328447977894434,0.43276401527199504,8.07825174483634e-05
3901,ATC,1576,3760,0,1,0.5769252213916092,0.5768762680080367,4.895338357246981e-05
3902,ATC,3294,3765,0,0,0.5261165767874227,0.5262071272235493,9.055043612660185e-05
3903,ATC,2330,3776,0,0,0.6286890009681579,0.6286226901520185,6.631081613939216e-05
3904,ATC,849,3777,0,1,0.7006558766379106,0.7006244118852071,3.1464752703547205e-05
3905,ATC,3847,3778,0,0,0.3718914076740831,0.37221350486536886,0.0003220971912857862
3906,ATC,2688,3779,0,0,0.48939461985742133,0.4892914416613707,0.00010317819605065726
3907,ATC,3477,3787,0,0,0.5052140239193664,0.5051322262056831,8.179771368332922e-05
3908,ATC,3018,3789,0,0,0.5531352235411752,0.5531053658154392,2.9857725735937812e-05
3909,ATC,2145,3791,0,0,0.41353003290225565,0.41269631453924904,0.0008337183630066081
3910,ATC,835,3794,0,0,0.6062399679313123,0.6062169626510516,2.3005280260668393e-05
3911,ATC,2787,3796,0,0,0.7570343337908263,0.7569896181775241,4.4715613302215296e-05
3912,ATC,2876,3799,0,1,0.838438053411443,0.8381627429009066,0.0002753105105363085
3913,ATC,442,3801,0,0,0.5779195227490753,0.5778579745815939,6.154816748138447e-05
3914,ATC,2854,3802,0,0,0.429565333810592,0.42960049758930025,3.5163778708269255e-05
3915,ATC,3058,3803,0,0,0.4145033191844993,0.41455243747077464,4.911828627535142e-05
3916,ATC,395,3804,0,0,0.5093459598381722,0.5092500455186953,9.591431947686413e-05
3917,ATC,2537,3807,1,0,0.45373336368982964,0.4536688496497759,6.451404005375361e-05
3918,ATC,3206,3808,0,1,0.4997667838920876,0.49987236158089704,0.00010557768880942175
3919,ATC,897,3809,0,0,0.7011148451487212,0.7011190271951926,4.182046471346013e-06
3920,ATC,827,3817,0,0,0.613166758890134,0.6131879525260195,2.1193635885596862e-05
3921,ATC,411,3819,1,0,0.5432093660075054,0.5435204704788904,0.0003111044713850486
3922,ATC,830,3820,0,1,0.749065378263757,0.7491545178921113,8.913962835432887e-05
3923,ATC,3535,3822,0,0,0.6361407095900987,0.6361963325712031,5.562298110439734e-05
3924,ATC,2856,3823,0,0,0.6641296484609633,0.6641084066734655,2.1241787497849884e-05
3925,ATC,2582,3824,0,0,0.3436209749881366,0.3434290548013804,0.00019192018675617817
3926,ATC,288,3827,0,0,0.6160825841356312,0.6160529901633396,2.959397229163052e-05
3927,ATC,485,3830,0,0,0.5748982709815476,0.5749710734095456,7.280242799800885e-05
3928,ATC,3166,3831,1,0,0.6110833972029714,0.6110693848776751,1.401232529629759e-05
3929,ATC,90,3832,0,0,0.6201265232489861,0.6202229103585892,9.638710960313546e-05
3930,ATC,1133,3834,0,0,0.6575966192821413,0.6575527862585393,4.383302360200236e-05
3931,ATC,1814,3837,0,0,0.5307578007953538,0.530720918864069,3.688193128481565e-05
3932,ATC,2145,3839,0,0,0.41353003290225565,0.4133206124760224,0.0002094204262332311
3933,ATC,3073,3840,1,0,0.4455087974574469,0.44543218144215957,7.661601528735629e-05
3934,ATC,3158,3841,0,0,0.42103238859945274,0.42109582159519615,6.343299574340655e-05
3935,ATC,3341,3842,0,0,0.46263874655895576,0.462458387788022,0.00018035877093375285
3936,ATC,3066,3843,0,1,0.6729250446205867,0.6727845474347222,0.00014049718586450766
3937,ATC,3740,3848,0,0,0.38962119581123134,0.39099731923954195,0.001376123428310616
3938,ATC,2219,3849,0,0,0.5488307967694569,0.5487142687744653,0.00011652799499162203
3939,ATC,3320,3850,0,0,0.6456410848970062,0.6455567474717817,8.433742522451215e-05
3940,ATC,1381,3851,0,0,0.6577477661803872,0.6577869107444765,3.9144564089266254e-05
3941,ATC,2960,3853,0,0,0.5971975051085839,0.5971753169983874,2.2188110196497135e-05
3942,ATC,1137,3854,0,0,0.7011878281702203,0.7011731432455145,1.4684924705798963e-05
3943,ATC,3560,3858,0,1,0.5112081678163909,0.5112903726258594,8.220480946852238e-05
3944,ATC,1871,3859,0,0,0.48221775411383305,0.48224650041345185,2.8746299618798155e-05
3945,ATC,67,3862,0,0,0.7149598081181343,0.7149091046840303,5.0703434103960277e-05
3946,ATC,87,3865,0,0,0.5605651906231833,0.5606338410939006,6.865047071724639e-05
3947,ATC,1697,3866,0,1,0.6281769817924117,0.6281404914151854,3.649037722630588e-05
3948,ATC,1873,3868,0,0,0.5421370684177738,0.5421237605510838,1.330786668995998e-05
3949,ATC,1860,3870,1,0,0.5693910728060544,0.5693093449133618,8.172789269256242e-05
3950,ATC,902,3871,0,0,0.3792714279080546,0.3791110273673824,0.0001604005406722342
3951,ATC,1630,3880,0,1,0.683707843878897,0.6836195957055632,8.824817333386026e-05
3952,ATC,3453,3884,0,0,0.4712837406675673,0.4710690513497427,0.0002146893178245901
3953,ATC,3688,3888,1,1,0.6495234637299682,0.6495705615772335,4.709784726530941e-05
3954,ATC,1590,3889,0,0,0.4075682446245171,0.40761539066241675,4.7146037899681303e-05
3955,ATC,1548,3890,0,0,0.7452291794806769,0.7455929406202944,0.0003637611396174467
3956,ATC,3698,3893,0,0,0.6196754588137826,0.6196494556786406,2.6003135142005362e-05
3957,ATC,1814,3895,0,0,0.5307578007953538,0.5308079603428576,5.015954750375862e-05
3958,ATC,1685,3898,0,1,0.6289147161925743,0.6289029121671099,1.1804025464412504e-05
3959,ATC,3921,3899,0,0,0.6148913888802441,0.6149606069659921,6.921808574800181e-05
3960,ATC,3247,3905,0,0,0.7301850014791024,0.7301206376608226,6.436381827978899e-05
3961,ATC,2057,3908,1,0,0.4525611906335117,0.4522795054259783,0.00028168520753341086
3962,ATC,1714,3910,0,0,0.6710668544596307,0.6710832402193521,1.6385759721404547e-05
3963,ATC,304,3912,0,0,0.7230954830588002,0.7231038220654499,8.33900664964915e-06
3964,ATC,360,3914,0,0,0.7704306785095418,0.7703095625784141,0.00012111593112773544
3965,ATC,160,3920,0,0,0.6233644266615203,0.6233323326666173,3.209399490300413e-05
3966,ATC,1837,3924,0,0,0.6099468600687262,0.6100350873855067,8.822731678048701e-05
3967,ATC,2937,3925,0,0,0.4744935788509503,0.4747869952361726,0.0002934163852223448
3968,ATC,3724,3926,1,1,0.5483485567969218,0.5484258895593697,7.733276244781262e-05
3969,ATC,2423,3927,1,0,0.5126402151937265,0.5126085203551441,3.1694838582341234e-05
3970,ATC,2725,3928,0,1,0.6756925816533935,0.6757759597718362,8.337811844272291e-05
3971,ATC,3045,3932,0,1,0.3885719233827653,0.38818003282893787,0.0003918905538274342
3972,ATC,1902,3935,0,0,0.5160231511203298,0.516011395667292,1.1755453037776142e-05
3973,ATC,210,3936,0,0,0.4972734329053693,0.49726450330988176,8.929595487539022e-06
3974,ATC,94,3937,0,0,0.43576729686187465,0.4358665376309601,9.924076908546242e-05
3975,ATC,1349,3940,0,0,0.4353826259199174,0.43536911929255834,1.350662735905006e-05
3976,ATC,2739,3942,0,1,0.6582608095613133,0.6582831235634392,2.231400212593382e-05
3977,ATC,243,3943,0,1,0.7528875890353702,0.7528465449228197,4.1044112550570055e-05
3978,ATC,2423,3945,1,0,0.5126402151937265,0.5125911904679396,4.902472578693917e-05
3979,ATC,287,3949,0,0,0.4016041141990912,0.4015374608839574,6.665331513378003e-05
3980,ATC,2295,3953,0,0,0.6791880248967923,0.679313562563672,0.000125537666879727
3981,ATC,3563,3955,0,0,0.46114489012286797,0.4615243278645626,0.0003794377416946326
3982,ATC,3209,3956,0,0,0.47785792302428837,0.4778617096551083,3.7866308199574483e-06
3983,ATC,3763,3957,0,0,0.39762281188147747,0.3977181290109438,9.531712946631021e-05
3984,ATC,861,3959,0,0,0.47195978522909326,0.4719509052971885,8.879931904737237e-06
3985,ATC,677,3961,0,0,0.5319004589488882,0.5320491614650164,0.0001487025161281963
3986,ATC,2189,3962,0,0,0.5386944303618466,0.5387587345456464,6.430418379976821e-05
3987,ATC,2565,3964,0,1,0.7389074468700451,0.7390197422744765,0.00011229540443147279
3988,ATC,590,3966,0,0,0.32378685174482535,0.32381513123508154,2.827949025618892e-05
3989,ATC,1490,3967,0,0,0.5505109610117042,0.5505335612076931,2.260019598898655e-05
3990,ATC,2709,3968,1,0,0.7822254692462133,0.7822598108551794,3.434160896609306e-05
3991,ATC,3969,3973,0,1,0.535951694372965,0.535894472151891,5.7222221073960355e-05
3992,ATC,6,3978,0,1,0.5333829421195123,0.5333465844438453,3.6357675667009204e-05
3993,ATC,209,3979,0,1,0.7313725977453798,0.731371309146565,1.2885988147637306e-06
3994,ATC,1527,3982,1,0,0.7066224780359518,0.7065847030827054,3.7774953246416665e-05
3995,ATC,940,3984,0,1,0.7767686096819094,0.7767248920006923,4.371768121713693e-05
3996,ATC,30,3986,1,0,0.6303489428608823,0.6302975536809254,5.138917995684e-05
3997,ATC,632,3988,0,0,0.4480130202745569,0.44813285414216236,0.00011983386760544557
3998,ATC,3284,3990,0,0,0.6499046842691042,0.6501119977756331,0.00020731350652891667
3999,ATC,1169,3994,0,0,0.4237307060540651,0.42344568637010876,0.0002850196839563335
